 1110863.124865 3.504E-27 7.213E-03.07010.300 1631.24550.52-.026830          3 0 0          0 0 0 10  7  3        9  6  4      334333837265703049    21.0   19.0
 1110863.215607 3.074E-30 9.620E-03.07390.298 3383.26540.65-.017360          1 1 2          0 1 0 11  4  7       10  5  6      332230837294713152    69.0   63.0
 1110863.362831 6.194E-31 4.235E-02.08520.395 3598.72690.710.000000          0 2 3          0 2 0  4  3  2        4  3  1      4333308387659336 0     9.0    9.0
 1110863.407957 5.082E-31 8.836E-03.08910.428 3196.09340.740.000000          1 2 2          0 2 0  2  2  0        1  1  1      3333308387659336 0     5.0    3.0
 1110863.651581 6.185E-28 4.823E-05.05440.371  888.63270.58-.028630          0 4 1          0 0 0  7  7  0        6  5  1      444233838494713152    15.0   13.0
 1110863.685514 1.857E-27 4.827E-05.05410.371  888.59870.58-.028550          0 4 1          0 0 0  7  7  1        6  5  2      444233838494713152    45.0   39.0
 1110863.700183 7.363E-28 1.460E-02.09360.412 1922.90110.74-.008990          1 1 2          0 1 0  4  3  1        4  2  2      534243837294713152     9.0    9.0
 1110863.708734 1.198E-29 3.363E-05.06000.281 1695.06860.60-.001030          1 2 1          0 0 0 10  7  4       11  3  9      332233837294713155    21.0   23.0
 1110863.814917 2.315E-28 4.255E-05.06820.332 1360.23530.630.000000          1 5 0          0 0 0 10  1 10        9  4  5      1333308287659336 0    63.0   57.0
 1110863.849788 5.226E-29 3.397E-02.07900.333 2771.69010.71-.024950          1 1 2          0 1 0  8  5  3        8  4  4      334233837294713152    17.0   17.0
 1110863.950974 9.908E-30 4.215E-04.03560.298 2254.28450.42-.030880          0 2 2          0 0 0 10  9  1       10  8  2      332230837294713152    21.0   21.0
 1110863.951777 2.974E-29 4.218E-04.03560.298 2254.28380.42-.030890          0 2 2          0 0 0 10  9  2       10  8  3      334233837294713152    63.0   63.0
 1110863.968391 3.775E-27 4.513E-03.06940.300 1538.14950.61-.002360          0 2 2          0 0 0 11  4  8       10  3  7      334333837294703152    23.0   21.0
 1110864.005131 1.121E-29 8.278E-03.07870.315 2841.43080.69-.009236          0 3 2          0 1 0 10  4  6        9  3  7      3342338372947131 8    21.0   19.0
 1110864.047541 1.156E-30 1.421E-06.05010.285 1525.13600.530.000000         -2 2-2          0 0 0 10  7  3       11  2 10      1333308287659336 0    21.0   23.0
 1110864.132709 3.211E-27 5.170E-02.04790.298 2054.36870.51-.032950          0 0 3          0 0 0 10  7  4       10  7  3      364233837360713049    21.0   21.0
 1110864.140052 1.557E-26 2.415E-04.08260.300  782.40980.70-.015902          0 2 2          0 0 0  7  5  2        7  2  5      4643338372947031 7    45.0   45.0
 1110864.160258 4.056E-29 1.724E-04.05860.250 2042.31060.59-.016760          3 0 0          0 0 0 12  6  7       13  1 12      334233837260713049    75.0   81.0
 1110864.179619 5.329E-30 7.798E-05.06230.460 1739.48370.770.000000          0 9 0          0 1 0  2  0  2        3  1  3      2333308287659336 0     5.0    7.0
 1110864.214873 2.390E-28 1.918E-05.07530.315  920.21000.67-.006430          2 0 1          0 0 0  8  5  4        9  1  9      332230838794713152    17.0   19.0
 1110864.218383 9.659E-27 5.183E-02.04750.300 2054.34520.50-.033270          0 0 3          0 0 0 10  7  3       10  7  4      364333837360703049    63.0   63.0
 1110864.238507 1.392E-29 4.377E-02.06370.315 3139.47580.60-.025990          3 1 0          0 1 0 10  6  4        9  5  5      334223837294713152    21.0   19.0
 1110864.348242 4.604E-30 2.740E-06.06440.298 1581.33600.63-.015150          0 2 2          0 0 0  9  7  2       10  4  7      332230837294713152    57.0   63.0
 1110864.488620 1.599E-29 2.735E-06.08410.333 1050.15770.74-.010980          1 2 1          0 0 0  7  7  0        8  3  5      432230837294713152    15.0   17.0
 1110864.516073 6.998E-31 3.362E-05.08550.413 2146.26370.680.000000          1 1 2          0 1 0  5  4  2        6  1  5      5333308387659336 0    11.0   13.0
 1110864.623379 2.445E-27 8.806E-03.09930.300 1677.06140.74-.001070          1 1 2          0 1 0  2  2  1        2  1  2      434343837294703152    15.0   15.0
 1110864.689606 3.161E-28 2.068E-03.09030.391 1920.76650.71-.002680          1 1 2          0 1 0  4  3  2        5  0  5      534243837294713152    27.0   33.0
 1110864.730961 2.054E-29 2.474E-03.06820.371 2399.16550.64-.027630          1 3 1          0 1 0  7  6  1        6  4  2      434233837294713152    15.0   13.0
 1110864.854107 6.988E-28 2.398E-02.08720.352 2392.59250.72-.003590          2 1 1          0 1 0  8  4  4        7  2  5      434233837294713152    51.0   45.0
 1110864.929045 1.789E-26 2.532E-03.05870.451 1080.38540.53-.007302          1 2 1          0 0 0 10  4  7        9  2  8      3644338372947031 7    21.0   19.0
 1110865.088302 5.905E-29 2.821E-04.03560.315 2009.80510.48-.036890          0 2 2          0 0 0  9  9  0        9  8  1      334233837294713152    57.0   57.0
 1110865.088435 1.968E-29 2.820E-04.03560.315 2009.80500.48-.036880          0 2 2          0 0 0  9  9  1        9  8  2      334233837294713152    19.0   19.0
 1110865.136832 1.161E-26 7.542E-04.05660.300  920.21000.51-.015510          1 2 1          0 0 0 10  3  8        9  1  9      4643338372947031 7    21.0   19.0
 1110865.161639 4.802E-30 8.739E-02.08480.434 3500.63870.70-.013360          0 2 3          0 2 0  3  3  1        3  3  0      432230837294713152    21.0   21.0
 1110865.341722 4.021E-26 7.367E-04.08580.300  842.35660.72-.020490          1 0 2          0 0 0  8  2  7        7  3  4      4643338372947031 8    51.0   45.0
 1110865.364738 8.741E-26 2.019E-04.09050.420  285.41860.71-.017680          1 0 2          0 0 0  4  2  3        3  3  0      4644638372947031 8    27.0   21.0
 1110865.399383 8.443E-27 9.598E-05.08550.333  744.16270.71-.007350          2 0 1          0 0 0  8  3  5        8  1  8      434233838794713152    51.0   51.0
 1110865.505488 4.236E-25 1.720E-02.08240.352 1006.11590.68-.024880          0 0 3          0 0 0  8  1  7        8  3  6      4664438373676630 7    51.0   51.0
 1110865.519128 6.036E-29 2.415E-03.06490.371 2398.38150.61-.026540          1 3 1          0 1 0  7  6  2        6  4  3      434233837294713152    45.0   39.0
 1110865.524484 1.598E-30 8.719E-02.08480.434 3500.51070.70-.012720          0 2 3          0 2 0  3  3  0        3  3  1      432230837294713152     7.0    7.0
 1110865.545394 2.160E-28 8.144E-06.08210.352  709.60820.71-.007920          2 0 1          0 0 0  6  6  1        7  2  6      432230838794713152    13.0   15.0
 1110865.697298 1.916E-30 4.351E-02.08590.412 3597.86600.71-.012000          0 2 3          0 2 0  4  3  1        4  3  2      432230837294713152    27.0   27.0
 1110865.702752 1.195E-30 4.211E-01.08810.412 3977.26160.69-.011510          0 0 4          0 0 1  5  1  5        4  1  4      432230837294713152    11.0    9.0
 1110865.706657 4.372E-27 1.185E-02.10410.300 1618.55710.76-.007290          1 1 2          0 1 0  2  1  2        1  0  1      4343438372947031 7    15.0    9.0
 1110865.718223 3.472E-29 1.215E-07.08770.391  446.51070.74-.003640          0 4 1          0 0 0  6  6  0        5  2  3      442230838494713152    39.0   33.0
 1110865.721222 1.840E-29 9.102E-05.08640.428 1742.30560.740.000000          1 6 0          0 1 0  2  1  2        2  2  1      2333308287659336 0    15.0   15.0
 1110865.817613 9.382E-30 1.358E-02.07440.298 3224.54660.67-.011190          3 1 0          0 1 0 11  5  6       10  4  7      332230837294713152    69.0   63.0
 1110865.963270 2.085E-25 1.336E-02.06730.354 1122.70850.63-.018000          3 0 0          0 0 0  9  5  4        8  4  5      444443831562663020    57.0   51.0
 1110866.011897 1.112E-30 2.706E-04.08430.352 2569.50800.71-.013200          1 1 2          0 1 0  8  3  5        7  4  4      332230837294713152    17.0   15.0
 1110866.086612 5.781E-29 1.497E-02.04340.235 2918.24490.41-.018500          1 0 2          0 0 0 14  6  9       14  5 10      334233837294713152    87.0   87.0
 1110866.643067 5.070E-30 6.005E-02.10320.456 3237.91730.75-.009110          0 2 3          0 2 0  1  1  1        2  1  2      432230837294713152     9.0   15.0
 1110866.719173 2.715E-29 1.855E-03.07960.250 2629.33450.75-.025120          0 0 3          0 0 0 13  5  9       13  5  8      364233837360713049    81.0   81.0
 1110866.722412 3.143E-28 9.226E-02.06100.371 2552.87970.56-.023320          0 1 3          0 1 0  6  5  2        6  5  1      434233837294713152    13.0   13.0
 1110866.767709 4.863E-27 7.342E-04.08470.300 1050.15770.74-.013460          3 0 0          0 0 0  8  6  2        8  3  5      434333837260703049    17.0   17.0
 1110866.803777 9.424E-28 9.221E-02.06090.371 2552.85720.56-.022900          0 1 3          0 1 0  6  5  1        6  5  2      334233837294713152    39.0   39.0
 1110866.916795 6.650E-26 2.868E-04.10040.427  136.16390.75-.018450          1 0 2          0 0 0  3  1  3        2  2  0      4244638315946631 8     7.0    5.0
 1110867.140358 9.867E-31 6.121E-07.07430.315 1340.88490.72-.010150          0 4 1          0 0 0  8  8  1        9  4  6      342230838494713152    17.0   19.0
 1110867.140544 5.835E-28 7.200E-05.08300.333  982.91170.73-.009540          3 0 0          0 0 0  7  7  1        8  2  6      434233837260713049    15.0   17.0
 1110867.355888 1.614E-27 1.728E-05.08580.391  416.20870.71-.009360          3 0 0          0 0 0  5  5  1        5  2  4      434233837260713049    11.0   11.0
 1110867.360990 1.176E-29 1.914E-02.06170.315 2983.32310.55-.020710          1 1 2          0 1 0  9  5  5        9  4  6      334233837294713152    19.0   19.0
 1110867.372743 5.400E-26 1.963E-03.06680.340 1006.11590.56-.030000          1 2 1          0 0 0  9  5  5        8  3  6      424443831578703120    57.0   51.0
 1110867.449131 2.429E-30 7.988E-02.10710.456 3221.96120.76-.009970          0 2 3          0 2 0  1  0  1        2  0  2      432230837294713152     3.0    5.0
 1110867.532218 3.053E-26 9.293E-05.08710.300  447.25240.70-.009216          0 2 2          0 0 0  7  2  5        6  1  6      4643338372947031 7    45.0   39.0
 1110867.660595 2.418E-24 3.515E-02.08960.436  542.90580.72-.008280          2 0 1          0 0 0  7  3  4        6  1  5      4654438335676631 7    15.0   13.0
 1110867.673506 4.835E-30 1.329E-07.07870.382  610.11440.660.000000          1 5 0          0 0 0  5  1  5        5  4  2      2333308287659336 0    11.0   11.0
 1110867.821527 1.498E-30 1.219E-05.09400.434 1739.48370.73-.004470          0 3 2          0 1 0  4  4  0        3  1  3      432230837294713155     9.0    7.0
 1110867.879328 6.067E-30 9.724E-05.06740.352 2180.64290.55-.007720          0 6 1          0 1 0  6  0  6        7  0  7      4322338372947131 9    39.0   45.0
 1110867.926468 3.747E-30 4.348E-01.09000.412 3974.63100.71-.010000          0 0 4          0 0 1  5  0  5        4  0  4      432230837294713152    33.0   27.0
 1110867.941557 4.548E-30 7.097E-07.07150.340 1282.91910.640.000000          1 5 0          0 0 0  8  2  7        9  3  6      2333308287659336 0    51.0   57.0
 1110868.000312 1.512E-30 2.434E-05.05760.265 2105.86790.56-.020170          0 0 3          0 0 0 13  1 12       12  3  9      362230837360713049    27.0   25.0
 1110868.014740 1.579E-29 2.016E-04.05560.250 2042.37410.58-.004140          2 0 1          0 0 0 12  6  7       13  2 12      334233838794713152    25.0   27.0
 1110868.101258 5.114E-30 2.324E-02.03080.265 3266.76450.39-.040000          3 0 0          0 0 0 13 11  3       12 10  2      332230837260713049    27.0   25.0
 1110868.101290 1.534E-29 2.323E-02.03080.265 3266.76440.39-.040000          3 0 0          0 0 0 13 11  2       12 10  3      334233837260713049    81.0   75.0
 1110868.117607 2.229E-26 1.176E-03.06700.300 1059.83550.60-.023190          1 0 2          0 0 0  8  4  5        7  5  2      4643438372947031 8    51.0   45.0
 1110868.140215 1.894E-26 3.316E-02.08300.300 1616.45310.74-.026040          3 0 0          0 0 0 11  5  7       10  4  6      3643338372607030 8    23.0   21.0
 1110868.340814 1.505E-26 5.528E-03.06230.300 1255.91160.58-.024260          3 0 0          0 0 0  9  6  4        8  5  3      4643338372607030 8    19.0   17.0
 1110868.352809 6.915E-26 5.367E-04.07620.380  610.34120.66-.026000          1 0 2          0 0 0  6  3  4        5  4  1      465461837262663120    39.0   33.0
 1110868.395816 8.811E-30 1.155E-05.07250.298 1538.14950.67-.002740          0 4 1          0 0 0 10  7  4       10  3  7      342233808494713155    21.0   21.0
 1110868.414667 1.963E-30 8.055E-06.07430.281 1998.99530.73-.025980          2 0 1          0 0 0 10  9  1       11  5  6      332230838794713152    63.0   69.0
 1110868.427527 3.265E-30 6.122E-04.06620.333 2764.69740.59-.014380          0 3 2          0 1 0  9  5  4        8  4  5      332230837294713152    57.0   51.0
 1110868.495679 5.238E-28 1.904E-04.05400.308 1293.01810.550.000000         -2 4-2          0 0 0 11  5  6       10  1  9      2333308287659336 0    23.0   21.0
 1110868.530671 7.913E-31 3.181E-01.09370.444 3962.91790.710.000000          0 0 4          0 0 1  4  2  2        3  2  1      3333308387659336 0     9.0    7.0
 1110868.532441 4.155E-28 1.117E-04.02380.352 1394.81420.25-.024930          1 4 0          0 0 0  8  8  1        7  7  0      344233838494713152    51.0   45.0
 1110868.533161 1.384E-28 1.116E-04.02380.352 1394.81420.25-.024930          1 4 0          0 0 0  8  8  0        7  7  1      344233838494713152    17.0   15.0
 1110868.729790 9.887E-30 6.614E-05.08710.391 2000.86300.71-.007680          0 3 2          0 1 0  6  4  3        5  1  4      3342338372947131 7    39.0   33.0
 1110868.857261 1.113E-27 1.638E-02.05930.281 2054.36870.580.000000          3 0 0          0 0 0 11  8  4       10  7  3      1333308287659336 0    23.0   21.0
 1110868.918484 2.093E-29 2.130E-07.07410.333  744.16270.68-.001890          0 6 0          0 0 0  9  6  3        8  1  8      232233807294713155    57.0   51.0
 1110868.981971 2.877E-28 6.105E-03.08730.371 2041.78050.70-.011560          2 1 1          0 1 0  7  2  5        6  0  6      434233837294713152    15.0   13.0
 1110868.997196 2.679E-29 3.284E-04.08380.352 2180.64290.70-.018068          1 3 1          0 1 0  8  4  4        7  0  7      4342338372947131 8    51.0   45.0
 1110869.059621 1.094E-30 1.696E-04.06260.255 2586.52970.520.000000          0 0 3          0 0 0 14  3 12       13  5  9      1333308287659336 0    29.0   27.0
 1110869.156390 8.608E-29 1.930E-03.04150.250 2414.72340.38-.001290          0 2 2          0 0 0 14  4 11       13  3 10      234233837294713152    87.0   81.0
 1110869.198854 1.417E-27 2.464E-02.07140.265 2105.86790.62-.009770          1 0 2          0 0 0 12  4  8       12  3  9      234233807294713152    25.0   25.0
 1110869.324383 7.420E-27 1.423E-02.08030.300 1616.45310.70-.018350          1 0 2          0 0 0 10  5  5       10  4  6      334333837294703152    21.0   21.0
 1110869.367366 1.335E-25 2.161E-04.08910.525  212.15640.74-.017840          1 0 2          0 0 0  4  1  4        3  2  1      4353638315676631 8    27.0   21.0
 1110869.406583 1.145E-27 1.414E-04.07950.333  982.91170.69-.001190          1 0 2          0 0 0  7  5  3        8  2  6      434233837294713152    15.0   17.0
 1110869.483557 1.706E-27 1.050E-02.09420.412 1908.01630.73-.014220          0 1 3          0 1 0  4  0  4        4  2  3      734233837294713152    27.0   27.0
 1110869.485401 1.483E-27 4.232E-02.04650.265 2433.80040.45-.037390          1 0 2          0 0 0 12  7  6       12  6  7      334233837294713152    75.0   75.0
 1110869.638223 1.343E-26 2.040E-02.08050.300 1813.22340.69-.009720          1 0 2          0 0 0 11  4  7       11  3  8      3643438372947031 8    69.0   69.0
 1110869.646147 4.443E-26 1.034E-03.07120.386  610.11440.58-.015000          0 2 2          0 0 0  6  5  1        5  4  2      465341837262663120    13.0   11.0
 1110869.693635 6.747E-30 5.498E-04.07680.352 2318.53990.67-.010610          3 1 0          0 1 0  7  5  3        7  2  6      332230837294713152    15.0   15.0
 1110869.744439 1.045E-25 1.280E-03.05340.392  704.21410.68-.015000          1 0 2          0 0 0  6  4  3        7  1  6      464443837262663120    39.0   45.0
 1110869.746538 4.407E-26 8.001E-02.04570.315 1810.58790.48-.020310          0 0 3          0 0 0  9  7  3        9  7  2      3642338373607130 7    57.0   57.0
 1110869.754485 1.469E-26 8.001E-02.04550.315 1810.58330.48-.027090          0 0 3          0 0 0  9  7  2        9  7  3      3642338073607130 9    19.0   19.0
 1110869.783357 8.515E-28 8.022E-05.07190.300 1201.92150.66-.014640          1 2 1          0 0 0  9  6  4        9  2  7      332233837294703155    57.0   57.0
 1110869.828246 1.359E-28 1.722E-02.03420.281 2740.42090.41-.038840          3 0 0          0 0 0 12 10  3       11  9  2      334233837260713049    75.0   69.0
 1110869.828426 4.530E-29 1.722E-02.03420.281 2740.42080.41-.038840          3 0 0          0 0 0 12 10  2       11  9  3      332230837260713049    25.0   23.0
 1110869.842930 1.591E-30 6.277E-04.05380.250 2748.09960.54-.022180          0 0 3          0 0 0 12  8  5       13  6  8      232230837260713049    25.0   27.0
 1110869.903258 6.484E-26 5.034E-04.06230.372  610.34120.60-.019000          0 2 2          0 0 0  6  5  2        5  4  1      465341837262663120    39.0   33.0
 1110869.909357 6.255E-27 1.283E-02.05430.298 1874.97300.53-.027050          3 0 0          0 0 0 11  7  4       10  6  5      334233837260713049    69.0   63.0
 1110869.994033 6.909E-30 1.055E-06.05040.298 1114.53220.47-.013180          2 2 0          0 0 0 11  3  9       10  0 10      332230837294713152    23.0   21.0
 1110870.023632 2.466E-28 1.947E-02.08640.371 2282.58960.72-.015080          1 1 2          0 1 0  6  4  2        6  3  3      434253837294713152    13.0   13.0
 1110870.149766 1.257E-30 1.022E-02.10090.434 3334.62660.75-.009330          0 2 3          0 2 0  3  1  3        3  1  2      432230837294713152    21.0   21.0
 1110870.223040 5.898E-28 1.033E-03.06180.317 1616.45310.630.000000          0 6 0          0 0 0 11  7  5       10  4  6      1333308287659336 0    23.0   21.0
 1110870.277441 5.279E-29 9.757E-06.07340.298 1114.53220.67-.011780          3 0 0          0 0 0  9  5  5       10  0 10      332230837260713049    19.0   21.0
 1110870.324541 1.204E-28 5.173E-03.04300.255 2533.79320.520.000000         -2 0-2          0 0 0 13  7  6       13  4  9      1333308287659336 0    81.0   81.0
 1110870.341183 4.162E-27 4.376E-05.08430.300  446.69660.69-.003020          2 0 1          0 0 0  6  4  3        6  0  6      434333838794703152    13.0   13.0
 1110870.344265 3.551E-29 1.312E-03.08940.391 2126.40770.72-.015110          1 1 2          0 1 0  6  2  4        5  3  3      534253837294713152    13.0   11.0
 1110870.351414 2.677E-30 4.609E-04.08410.352 2724.16710.72-.012990          0 1 3          0 1 0  8  3  5        7  5  2      532230837294713152    51.0   45.0
 1110870.352025 3.198E-30 9.755E-04.04290.231 2739.42850.490.000000          0 2 2          0 0 0 15  4 12       14  3 11      1333308287659336 0    31.0   29.0
 1110870.435772 2.895E-27 1.420E-02.06520.300 2054.34520.47-.031770          3 0 0          0 0 0 11  8  3       10  7  4      334333837265703049    69.0   63.0
 1110870.460104 1.655E-29 3.216E-08.08590.391  325.34790.69-.005152          0 2 2          0 0 0  6  3  4        5  0  5      5342338372947131 7    39.0   33.0
 1110870.562270 9.935E-31 4.896E-06.05410.303 1810.58330.600.000000          0 7 0          0 0 0 10  4  6        9  7  3      1333308287659336 0    21.0   19.0
 1110870.645392 1.471E-29 6.455E-04.06050.281 2522.26520.64-.023310          0 5 1          0 0 0 12  2 10       11  8  3      3342338372947131 9    75.0   69.0
 1110870.792955 9.694E-28 1.015E-02.09550.434 1739.48370.73-.003200          1 1 2          0 1 0  3  2  2        3  1  3      434243837294713152     7.0    7.0
 1110870.871754 1.514E-30 6.497E-07.03390.259 1327.11760.490.000000          0 7 0          0 0 0 11  2 10       11  1 11      1333308287659336 0    23.0   23.0
 1110870.906790 5.979E-28 4.173E-03.05430.281 2144.04630.51-.035950          1 0 2          0 0 0 12  5  8       11  6  5      234233807294713152    75.0   69.0
 1110871.018685 6.824E-27 4.008E-05.08160.300  552.91140.69-.010470          3 0 0          0 0 0  6  5  2        6  2  5      434333837260703049    39.0   39.0
 1110871.028358 1.028E-27 9.687E-05.06460.315 1201.92150.60-.001978          0 7 0          0 0 0  9  3  6        9  2  7      3342538372917122 7    57.0   57.0
 1110871.063754 9.429E-26 1.216E-03.08410.569  744.16270.70-.023490          1 0 2          0 0 0  7  2  5        8  1  8      424343831594663110    45.0   51.0
 1110871.075763 1.477E-28 1.944E-02.04010.281 2522.26130.45-.036180          3 0 0          0 0 0 12  9  3       11  8  4      332230837260713049    25.0   23.0
 1110871.083274 4.279E-28 1.878E-02.04010.281 2522.26520.45-.036180          3 0 0          0 0 0 12  9  4       11  8  3      332230837260713049    75.0   69.0
 1110871.108010 1.668E-30 8.905E-05.08660.406 2126.40770.690.000000          1 6 0          0 1 0  4  2  2        5  3  3      2333308287659336 0     9.0   11.0
 1110871.212130 1.157E-30 3.905E-01.10130.434 3926.86220.75-.008810          0 0 4          0 0 1  4  1  3        3  1  2      332230837294713152     9.0    7.0
 1110871.238358 1.379E-30 1.323E-02.06640.305 3387.40070.620.000000          3 1 0          0 1 0 11  6  6       10  5  5      1333308287659336 0    23.0   21.0
 1110871.313542 1.483E-23 1.024E-01.06900.409  586.24350.61-.025700          0 0 3          0 0 0  6  0  6        7  0  7      465340833567663036    39.0   45.0
 1110871.592050 5.036E-31 8.355E-03.08910.428 3255.34600.740.000000          1 2 2          0 2 0  3  2  2        2  1  1      3333308387659336 0     7.0    5.0
 1110871.626112 1.718E-29 1.384E-05.05120.321 1437.96860.590.000000          0 7 0          0 0 0 10  1  9       10  2  8      1333308287659336 0    21.0   21.0
 1110871.681400 2.170E-27 1.231E-01.05650.391 2406.14310.56-.024130          0 1 3          0 1 0  5  5  1        5  5  0      434233837294713152    33.0   33.0
 1110871.689530 7.234E-28 1.231E-01.05650.391 2406.14090.56-.024020          0 1 3          0 1 0  5  5  0        5  5  1      434233837294713152    11.0   11.0
 1110871.697304 1.957E-30 5.453E-09.08760.391  399.45750.73-.004210          1 4 0          0 0 0  6  6  1        5  1  4      442233838494713155    39.0   33.0
 1110871.759916 1.740E-29 1.320E-02.05490.298 3072.72640.49-.011180          1 1 2          0 1 0 10  4  7       10  3  8      334233837294713152    63.0   63.0
 1110871.778511 1.162E-29 9.591E-04.05140.250 2426.19650.49-.018710          0 0 3          0 0 0 12  6  7       13  4 10      364233837360713049    25.0   27.0
 1110871.796061 1.531E-30 6.233E-05.07190.413 2146.26370.680.000000         -2 8-2          0 1 0  6  0  6        6  1  5      2333308287659336 0    13.0   13.0
 1110871.877891 1.812E-30 1.273E-02.04830.281 3323.26980.44-.017030          1 1 2          0 1 0 11  4  8       11  3  9      332230837294713152    23.0   23.0
 1110871.888720 5.374E-24 1.066E-01.08820.486  542.90580.71-.017700          0 0 3          0 0 0  5  1  4        6  1  5      4634438373676630 7    11.0   13.0
 1110871.903777 1.870E-28 4.205E-03.08120.391 2024.15260.67-.004750          2 1 1          0 1 0  6  4  3        5  2  4      434233837294713152    13.0   11.0
 1110871.951470 2.540E-29 2.048E-04.09150.412 2004.81570.72-.014340          0 1 3          0 1 0  5  1  5        4  3  2      734233837294713152    33.0   27.0
 1110871.981622 1.052E-27 2.535E-02.06530.250 2414.72340.59-.025450          1 0 2          0 0 0 13  4  9       13  3 10      334233837294713152    81.0   81.0
 1110872.034479 3.782E-24 1.325E-02.09010.478  446.51070.73-.013880          2 0 1          0 0 0  6  4  2        5  2  3      4343438387946631 7    39.0   33.0
 1110872.082483 7.926E-27 1.108E-02.06250.281 1813.22340.56-.004610          0 2 2          0 0 0 12  4  9       11  3  8      334233837294713155    75.0   69.0
 1110872.086749 1.416E-23 9.831E-02.08500.400  552.91140.67-.016110          0 0 3          0 0 0  5  2  4        6  2  5      4644438373676630 7    33.0   39.0
 1110872.090319 1.792E-28 6.070E-05.07180.352 1216.18980.66-.016000          0 0 3          0 0 0  8  4  5        7  6  2      464233837360713049    17.0   15.0
 1110872.130368 8.716E-29 1.445E-02.07700.333 2490.35410.65-.023270          1 1 2          0 1 0  8  2  6        8  1  7      334243837294713152    17.0   17.0
 1110872.135949 4.739E-24 9.833E-02.07450.467  586.47920.61-.024570          0 0 3          0 0 0  6  1  6        7  1  7      4643438373606630 7    13.0   15.0
 1110872.156196 7.154E-29 4.215E-04.04770.265 2124.95140.47-.008720          0 4 1          0 0 0 13  6  8       12  4  9      344233838494713152    81.0   75.0
 1110872.200894 1.898E-30 4.941E-05.07130.352 2309.73010.59-.011400          0 9 0          0 1 0  7  0  7        7  1  6      332233807294713155    45.0   45.0
 1110872.237573 1.452E-29 1.715E-03.05900.250 2756.41530.59-.040000          1 0 2          0 0 0 14  5 10       13  6  7      334233837294713152    87.0   81.0
 1110872.340615 7.411E-30 9.562E-05.09200.412 1875.46970.73-.005320          3 1 0          0 1 0  5  4  2        4  1  3      432230837294713152    11.0    9.0
 1110872.378664 1.844E-27 9.486E-03.09290.434 1819.33510.73-.009120          1 1 2          0 1 0  3  3  0        3  2  1      434223837294713152    21.0   21.0
 1110872.423554 1.535E-30 1.224E-02.04280.265 3592.42390.39-.023700          1 1 2          0 1 0 12  4  9       12  3 10      232230837294713152    75.0   75.0
 1110872.430943 3.912E-27 4.264E-04.07770.333  982.91170.69-.009860          1 2 1          0 0 0  8  6  3        8  2  6      4342338372947131 9    17.0   17.0
 1110872.440947 7.105E-31 3.571E-01.09430.443 4050.05230.720.000000          0 0 4          0 0 1  5  2  4        4  2  3      3333308387659336 0    11.0    9.0
 1110872.471948 1.672E-29 1.367E-02.06090.315 2841.43080.53-.008870          1 1 2          0 1 0  9  4  6        9  3  7      334233837294713152    19.0   19.0
 1110872.481450 4.732E-30 8.717E-05.09590.434 1907.45140.73-.013320          0 1 3          0 1 0  4  1  4        3  3  1      532230837294713152     9.0    7.0
 1110872.664388 1.977E-29 7.881E-03.08600.333 2670.78970.73-.014550          0 1 3          0 1 0  8  3  6        8  3  5      334233837294713152    17.0   17.0
 1110872.702750 1.282E-28 6.372E-03.05660.281 2321.81310.56-.025420          0 0 3          0 0 0 12  5  8       11  7  5      364233837360713049    25.0   23.0
 1110872.792257 7.538E-26 9.204E-03.06430.319 1255.16680.57-.038000          3 0 0          0 0 0  9  6  3        8  5  4      424343831562663059    57.0   51.0
 1110873.179093 1.134E-28 2.379E-02.06550.333 2764.69740.59-.023550          1 1 2          0 1 0  8  5  4        8  4  5      334233837294713152    51.0   51.0
 1110873.226984 2.558E-30 1.135E-04.09140.412 2129.61860.74-.011950          0 1 3          0 1 0  5  2  3        4  4  0      532230837294713152    11.0    9.0
 1110873.346404 8.604E-29 1.826E-04.06410.303 1899.00820.590.000000          0 6 0          0 0 0 12  7  6       11  4  7      1333308287659336 0    75.0   69.0
 1110873.388173 3.662E-30 4.826E-06.04250.246 1557.84440.480.000000          1 5 0          0 0 0 11  1 11       12  0 12      1333308287659336 0    23.0   25.0
 1110873.450443 3.062E-28 2.324E-03.05480.281 2144.04630.53-.027420          0 0 3          0 0 0 11  6  6       11  6  5      364233837360713049    69.0   69.0
 1110873.452629 7.365E-27 5.590E-02.05040.281 2144.04630.47-.040000          1 0 2          0 0 0 11  7  4       11  6  5      332930807294712252    69.0   69.0
 1110873.648811 1.141E-29 1.016E-05.05400.321 1437.96860.590.000000         -2 3-2          0 0 0  9  7  3       10  2  8      1333308287659336 0    19.0   21.0
 1110873.816697 1.200E-30 3.785E-04.05180.250 2927.94130.58-.033630          0 0 3          0 0 0 12  9  3       13  7  6      262230837360713049    75.0   81.0
 1110873.941644 1.876E-30 7.656E-05.03220.235 2551.48350.31-.008240          0 4 1          0 0 0 15  5 11       14  3 12      242230838494713152    93.0   87.0
 1110873.979025 1.081E-28 1.654E-03.09540.412 1817.45120.73-.011220          1 1 2          0 1 0  3  3  1        4  0  4      4342338372947131 8     7.0    9.0
 1110873.990877 8.444E-30 2.210E-04.05840.275 2205.65270.560.000000          0 6 0          0 0 0 13  7  7       12  4  8      1333308287659336 0    27.0   25.0
 1110873.994874 1.969E-27 1.056E-02.09120.391 1920.76650.71-.013000          1 1 2          0 1 0  5  1  4        5  0  5      434243837294713152    33.0   33.0
 1110874.139988 1.485E-29 2.125E-06.05840.281 1327.11000.56-.000760          1 2 1          0 0 0 11  4  8       11  0 11      332233837294713155    69.0   69.0
 1110874.175541 1.293E-28 1.411E-02.06680.333 2630.19260.58-.008320          1 1 2          0 1 0  8  4  5        8  3  6      334233837294713152    51.0   51.0
 1110874.247418 1.038E-29 7.194E-03.05400.298 3072.72640.49-.013226          1 3 1          0 1 0 11  5  7       10  3  8      3342338372947131 8    69.0   63.0
 1110874.262571 6.349E-29 1.962E-05.06530.298 1446.12820.64-.003360          1 2 1          0 0 0  9  7  3       10  3  8      332230837294713152    57.0   63.0
 1110874.267620 2.216E-28 6.080E-05.07060.339 1216.23130.630.000000          1 4 0          0 0 0 10  6  4        9  3  7      1433308284659336 0    21.0   19.0
 1110874.295387 2.938E-25 4.107E-02.09480.452 1282.91910.72-.015180          1 0 2          0 0 0  9  4  5        9  3  6      4655438372587031 8    57.0   57.0
 1110874.518869 1.079E-26 4.047E-02.07000.300 1998.99530.66-.023810          1 0 2          0 0 0 11  6  5       11  5  6      3643338372947031 8    69.0   69.0
 1110874.626455 1.027E-28 1.712E-02.05880.255 2586.52970.520.000000          1 0 2          0 0 0 13  6  8       13  5  9      1333308287659336 0    27.0   27.0
 1110874.679664 3.803E-31 3.584E-04.06470.256 2927.07520.510.000000          0 0 3          0 0 0 12  9  4       13  7  7      2333308387659336 0    25.0   27.0
 1110874.768477 4.399E-29 3.554E-03.05960.271 2437.50190.550.000000          1 0 2          0 0 0 13  5  9       12  6  6      1333308287659336 0    27.0   25.0
 1110874.769507 7.063E-30 3.468E-05.02840.285 1789.04280.600.000000          1 4 0          0 0 0  9  9  1        8  8  0      1433308284659336 0    19.0   17.0
 1110874.769517 2.119E-29 3.468E-05.03950.285 1789.04280.600.000000          1 4 0          0 0 0  9  9  0        8  8  1      1433308284659336 0    57.0   51.0
 1110874.783643 3.195E-27 1.163E-03.05200.300 1293.01810.48-.001530          2 2 0          0 0 0 11  4  8       10  1  9      434333837294703152    23.0   21.0
 1110874.798740 1.088E-28 8.862E-04.09370.434 1739.48370.72-.004440          1 6 0          0 1 0  4  0  4        3  1  3      434243837294713152     9.0    7.0
 1110874.898283 9.871E-31 4.128E-05.07250.362 2181.08990.610.000000          3 1 0          0 1 0  7  4  4        7  1  7      3333308387659336 0    15.0   15.0
 1110875.014444 3.474E-29 9.226E-07.08030.407  602.77350.680.000000          1 5 0          0 0 0  5  1  5        6  2  4      2333308287659336 0    11.0   13.0
 1110875.017353 6.162E-26 8.268E-05.09500.551  173.36580.740.000210          3 0 0          0 0 0  4  4  1        3  1  2      3243438015606630 7    27.0   21.0
 1110875.054013 4.481E-29 8.773E-02.03680.220 3360.60020.430.000000         -2 0-2          0 0 0 16 15  1       15  5 10      1333308287659336 0    99.0   93.0
 1110875.210376 8.157E-29 8.895E-06.04000.333  982.91170.62-.008600          0 7 0          0 0 0  8  3  5        8  2  6      432233837294712255    17.0   17.0
 1110875.355873 4.960E-30 2.958E-06.06060.298 1581.33600.56-.039080          0 5 1          0 0 0  9  2  8       10  4  7      3322338072947131 9    57.0   63.0
 1110875.372480 1.122E-23 7.689E-02.08580.446  508.81210.72-.012300          0 0 3          0 0 0  4  3  1        5  3  2      465340833567663036    27.0   33.0
 1110875.383829 3.850E-28 3.591E-02.07520.352 2572.13920.68-.026400          1 1 2          0 1 0  7  5  2        7  4  3      434233837294713152    45.0   45.0
 1110875.647470 5.291E-28 4.266E-04.07480.298 1437.96860.69-.011092          0 2 2          0 0 0 10  5  5       10  2  8      3342338372947131 8    21.0   21.0
 1110875.649871 5.457E-26 1.142E-01.04340.333 1590.69070.48-.024450          0 0 3          0 0 0  8  7  2        8  7  1      3642338373607130 9    17.0   17.0
 1110875.652874 1.636E-25 1.141E-01.04740.333 1590.69010.48-.024800          0 0 3          0 0 0  8  7  1        8  7  2      3642338373677130 7    51.0   51.0
 1110875.672362 7.734E-29 2.524E-02.04330.231 2739.42850.490.000000          1 0 2          0 0 0 14  4 10       14  3 11      1333308287659336 0    29.0   29.0
 1110875.729912 6.023E-30 3.963E-02.03250.250 3583.37460.39-.039260          3 0 0          0 0 0 14 11  4       13 10  3      232230837260713049    87.0   81.0
 1110875.730117 2.008E-30 3.964E-02.03250.250 3583.37450.39-.039190          3 0 0          0 0 0 14 11  3       13 10  4      232230837260713049    29.0   27.0
 1110875.904127 7.572E-28 5.994E-03.09140.391 2000.86300.71-.010320          0 1 3          0 1 0  5  1  5        5  1  4      634233837294713152    33.0   33.0
 1110876.130177 5.418E-29 2.553E-04.09670.460 1731.89670.770.000000          1 6 0          0 1 0  2  1  2        3  0  3      2333308287659336 0    15.0   21.0
 1110876.417908 6.613E-28 2.283E-03.07510.281 1998.99530.72-.040000          1 0 2          0 0 0 12  4  9       11  5  6      334233837294713152    75.0   69.0
 1110876.517522 2.098E-24 4.271E-03.08530.404  300.36230.69-.012830          2 0 1          0 0 0  5  4  2        4  2  3      4654438335676631 7    33.0   27.0
 1110876.527111 2.692E-27 1.662E-02.05400.292 1875.46180.610.000000         -2 3-2          0 0 0 11  7  5       10  6  4      1333308287659336 0    23.0   21.0
 1110876.622211 5.173E-31 1.665E-05.03790.248 2248.06450.480.000000          2 2 0          0 0 0 13  6  8       13  3 11      1333308287659336 0    27.0   27.0
 1110876.851772 9.847E-29 1.450E-02.07160.352 2439.95450.61-.011320          1 1 2          0 1 0  7  4  4        7  3  5      334233837294713152    15.0   15.0
 1110876.907987 4.899E-30 1.962E-04.03170.255 2533.79320.520.000000          0 6 0          0 0 0 14  7  8       13  4  9      1333308287659336 0    87.0   81.0
 1110876.987085 7.211E-27 1.621E-04.08600.480  602.77350.72-.003770          0 2 2          0 0 0  6  5  1        6  2  4      434533837294703152    13.0   13.0
 1110877.056232 4.269E-28 9.094E-06.03300.391  742.07630.35-.023310          0 7 0          0 0 0  4  4  1        5  5  0      2322338072947131 9    27.0   33.0
 1110877.149122 1.428E-28 9.126E-06.06780.362  742.07300.640.000000          0 7 0          0 0 0  4  4  0        5  5  1      2333308287659336 0     9.0   11.0
 1110877.276016 2.356E-27 3.732E-04.07850.352 1059.64670.70-.009200          1 0 2          0 0 0  8  4  4        7  5  3      434243837294713152    17.0   15.0
 1110877.303234 8.043E-30 4.713E-03.08470.315 2998.76630.75-.017360          0 1 3          0 1 0  9  4  6        9  4  5      332230837294713152    57.0   57.0
 1110877.315657 7.691E-27 5.544E-02.09830.300 1819.33510.75-.010140          0 1 3          0 1 0  2  2  0        3  2  1      434333837294703152    15.0   21.0
 1110877.397713 2.415E-27 5.465E-02.05840.281 2142.59770.55-.016290          0 0 3          0 0 0 11  6  5       11  6  6      364233837360713049    23.0   23.0
 1110877.439813 1.444E-27 8.899E-03.08720.412 1908.01630.69-.007000          1 1 2          0 1 0  4  3  2        4  2  3      534223837294713152    27.0   27.0
 1110877.473143 2.260E-26 2.072E-04.08880.527  383.84250.71-.014420          1 0 2          0 0 0  5  2  4        4  3  1      4443638327946631 7    11.0    9.0
 1110877.514591 3.283E-28 1.229E-04.07570.281 1524.84790.68-.011740          3 0 0          0 0 0 11  4  7       11  1 10      334233837260713049    69.0   69.0
 1110877.538642 2.128E-26 6.927E-03.07060.427 1477.29740.67-.027290          3 0 0          0 0 0 10  6  5        9  5  4      4644338372607030 8    63.0   57.0
 1110877.559177 1.722E-28 5.933E-05.04290.285 1524.84790.530.000000          0 6 0          0 0 0 12  6  7       11  1 10      1333308287659336 0    75.0   69.0
 1110877.597429 2.041E-29 3.169E-03.06560.255 2586.52970.520.000000          2 2 0          0 0 0 14  6  8       13  5  9      1333308287659336 0    29.0   27.0
 1110877.642623 7.046E-28 1.059E-02.08990.434 1813.78760.71-.007580          1 1 2          0 1 0  3  3  1        3  2  2      434243837294713152     7.0    7.0
 1110877.723418 9.536E-29 8.181E-04.05210.265 1960.20740.51-.020000          1 2 1          0 0 0 12  6  7       12  2 10      334233837294713155    25.0   25.0
 1110877.868121 3.920E-30 1.126E-02.02780.208 3439.30680.23-.026830          1 0 2          0 0 0 16  5 12       16  4 13      332230837294713152    99.0   99.0
 1110877.917296 1.237E-26 2.376E-02.08220.300 1616.45310.75-.022040          3 0 0          0 0 0 10  7  3       10  4  6      364333837260703010    21.0   21.0
 1110877.988129 4.376E-29 1.201E-05.06860.315 1216.23130.63-.024980          0 0 3          0 0 0 10  1 10        9  3  7      362230837360713049    21.0   19.0
 1110878.108773 1.024E-29 3.354E-07.07720.352  709.60820.67-.011130          3 0 0          0 0 0  7  5  3        7  2  6      432230837260713049    15.0   15.0
 1110878.163952 3.655E-24 7.343E-02.08280.440  503.96810.68-.014000          0 0 3          0 0 0  4  3  2        5  3  3      465343833567663059     9.0   11.0
 1110878.295534 4.507E-28 1.199E-02.08410.391 2024.15260.68-.005710          1 1 2          0 1 0  5  3  3        5  2  4      534223837294713152    11.0   11.0
 1110878.343477 2.486E-27 3.264E-03.08480.298 1538.14950.72-.002930          1 0 2          0 0 0 10  4  6       10  3  7      334223837294713152    21.0   21.0
 1110878.742974 1.506E-27 1.099E-02.10060.456 1664.96460.75-.008670          1 1 2          0 1 0  3  1  3        2  0  2      4342338372947131 7     7.0    5.0
 1110878.843094 1.791E-30 3.227E-04.06260.255 2586.52970.520.000000          0 0 3          0 0 0 12  7  6       13  5  9      1333308287659336 0    25.0   27.0
 1110878.875186 3.860E-29 2.187E-03.07240.333 2495.16580.65-.010710          3 1 0          0 1 0  8  5  4        8  2  7      434233837294713152    51.0   51.0
 1110878.893829 1.526E-27 3.957E-05.08720.371  661.54890.72-.019370          1 0 2          0 0 0  7  2  6        6  3  3      434253837294713152    15.0   13.0
 1110878.895509 4.565E-29 2.436E-02.04770.221 3080.17870.47-.040000          1 0 2          0 0 0 15  4 11       15  3 12      234233837294713152    93.0   93.0
 1110878.933455 2.465E-27 9.984E-03.09130.412 1821.59680.71-.004990          1 1 2          0 1 0  4  2  3        4  1  4      434243837294713152    27.0   27.0
 1110879.120899 2.174E-29 3.173E-02.03580.265 3032.69040.42-.038230          3 0 0          0 0 0 13 10  4       12  9  3      332230837260713049    27.0   25.0
 1110879.121997 6.521E-29 3.172E-02.03580.265 3032.68980.42-.038220          3 0 0          0 0 0 13 10  3       12  9  4      332230837260713049    81.0   75.0
 1110879.203798 1.075E-28 2.972E-02.06730.352 2569.50800.60-.024700          1 1 2          0 1 0  7  5  3        7  4  4      334233837294713152    15.0   15.0
 1110879.231437 3.220E-30 1.528E-04.04150.221 2327.88380.460.000000          3 0 0          0 0 0 13  6  8       14  1 13      1333308287659336 0    27.0   29.0
 1110879.239679 3.307E-30 4.320E-04.04540.227 2550.88250.480.000000          3 0 0          0 0 0 14  5  9       14  2 12      1333308287659336 0    29.0   29.0
 1110879.280579 1.733E-29 1.373E-04.08980.391 2000.86300.71-.000830          0 9 0          0 1 0  5  0  5        5  1  4      332230837294713152    33.0   33.0
 1110879.284362 5.671E-27 8.683E-02.09780.300 1817.45120.74-.011880          0 1 3          0 1 0  3  0  3        4  0  4      534323837294703152     7.0    9.0
 1110879.418958 1.012E-29 3.482E-04.08470.352 2392.59250.70-.012260          0 1 3          0 1 0  8  0  8        7  2  5      532230837294713152    51.0   45.0
 1110879.544838 3.783E-29 4.068E-05.04640.259 1774.75110.510.000000         -2 4-2          0 0 0 13  5  8       12  2 11      1333308287659336 0    81.0   75.0
 1110879.636041 1.622E-26 8.448E-02.09490.300 1821.59680.73-.016940          0 1 3          0 1 0  3  1  3        4  1  4      6643238372947031 7    21.0   27.0
 1110879.636720 9.219E-30 7.733E-06.05010.299 1690.66440.560.000000         -2 7-2          0 0 0 11  1 10       11  2  9      1333308287659336 0    69.0   69.0
 1110879.734195 1.129E-29 1.572E-04.08030.352 2180.64290.68-.003420          2 1 1          0 1 0  7  4  4        7  0  7      434233837294713152    45.0   45.0
 1110879.781542 1.607E-29 9.673E-05.08640.428 1677.06140.740.000000          1 6 0          0 1 0  1  0  1        2  1  2      2333308287659336 0     9.0   15.0
 1110879.804613 3.548E-31 1.416E-04.07800.352 2670.78970.650.000000          3 1 0          0 1 0  8  6  2        8  3  5      3333308387659336 0    17.0   17.0
 1110879.850363 1.556E-30 1.724E-02.07140.281 3659.90400.68-.034960          2 3 0          0 1 0 12  6  7       11  5  6      332230807294713152    75.0   69.0
 1110879.851186 3.507E-30 1.017E-04.08010.390 2041.78050.630.000000          0 6 1          0 1 0  5  0  5        6  0  6      1333308287659336 0    11.0   13.0
 1110879.876622 1.283E-28 2.039E-06.08400.352  586.47920.71-.001950          2 2 0          0 0 0  8  4  4        7  1  7      432233837294713155    17.0   15.0
 1110879.885908 8.802E-30 1.435E-02.03990.216 3083.86520.440.000000          1 0 2          0 0 0 15  5 11       15  4 12      1333308287659336 0    31.0   31.0
 1110879.895258 6.059E-30 2.958E-04.07970.265 2300.68500.77-.025570          0 0 3          0 0 0 11  7  4       12  5  7      362230837360713049    23.0   25.0
 1110879.896451 6.764E-28 2.698E-04.07810.298 1293.01810.70-.006090          0 2 2          0 0 0 10  4  6       10  1  9      434233837294713155    21.0   21.0
 1110879.925953 2.961E-26 4.607E-04.08210.300  782.40980.71-.011664          1 2 1          0 0 0  7  6  2        7  2  5      464333837294703110    45.0   45.0
 1110879.935212 7.820E-30 2.723E-05.05220.265 1774.61630.52-.011810          1 2 1          0 0 0 12  5  8       12  1 11      232233837294713155    25.0   25.0
 1110879.993285 1.885E-27 1.610E-04.07090.315 1201.92150.64-.005414          2 2 0          0 0 0 10  5  6        9  2  7      3342338372947131 7    63.0   57.0
 1110880.052491 1.320E-26 6.422E-04.08040.300  816.69420.69-.001250          0 2 2          0 0 0  8  4  4        7  3  5      464333837294703152    17.0   15.0
 1110880.068026 9.215E-31 4.456E-01.08660.425 4076.14330.670.000000          0 0 4          0 0 1  6  0  6        5  0  5      3333308387659336 0    13.0   11.0
 1110880.123387 7.465E-27 2.628E-05.08410.300  447.25240.69-.011628          0 2 2          0 0 0  6  4  3        6  1  6      4343338372947031 8    39.0   39.0
 1110880.127649 2.774E-28 1.712E-05.07190.298 1114.54990.66-.005840          2 0 1          0 0 0  9  5  5       10  1 10      334233838794713152    57.0   63.0
 1110880.233823 1.587E-30 9.644E-04.05330.234 2880.83420.490.000000          0 0 3          0 0 0 15  2 13       14  4 10      1333308287659336 0    31.0   29.0
 1110880.271192 1.083E-27 8.831E-03.09420.434 1739.48370.72-.010360          1 1 2          0 1 0  4  0  4        3  1  3      434243837294713152     9.0    7.0
 1110880.278886 4.597E-31 1.460E-02.06990.303 3650.50900.590.000000          1 1 2          0 1 0 12  4  8       11  5  7      3333308387659336 0    25.0   23.0
 1110880.318185 4.545E-30 5.279E-06.04600.259 1774.75110.510.000000          1 5 0          0 0 0 12  1 12       12  2 11      1333308287659336 0    75.0   75.0
 1110880.342096 5.897E-28 1.475E-02.07480.371 2271.71220.63-.014020          1 1 2          0 1 0  6  4  3        6  3  4      534233837294713152    39.0   39.0
 1110880.343112 1.079E-27 1.605E-02.08420.391 2130.49430.71-.014860          1 1 2          0 1 0  5  4  1        5  3  2      534233837294713152    33.0   33.0
 1110880.356089 1.816E-29 2.678E-04.06900.298 2054.36870.65-.013790          0 0 3          0 0 0 11  5  6       10  7  3      364233837360713049    23.0   21.0
 1110880.376319 3.181E-28 6.201E-06.08430.371  602.77350.72-.001070          0 4 1          0 0 0  7  6  1        6  2  4      342230838494713152    15.0   13.0
 1110880.462137 1.949E-25 7.102E-03.08680.401 1006.11590.71-.015650          3 0 0          0 0 0  9  4  5        8  3  6      4344438315676630 7    57.0   51.0
 1110880.475875 8.260E-30 8.554E-06.05180.285 1525.13600.530.000000          2 2 0          0 0 0 12  3  9       11  2 10      1333308287659336 0    25.0   23.0
 1110880.600363 3.256E-26 9.414E-04.08490.580  709.60820.71-.015094          0 2 2          0 0 0  8  3  5        7  2  6      4644338372947031 7    17.0   15.0
 1110880.704190 1.487E-27 1.682E-04.04220.192 1216.19450.43-.028030          2 2 0          0 0 0  8  7  2        7  6  1      432230837294703152    51.0   45.0
 1110880.858937 1.049E-30 1.259E-03.05540.333 2920.13210.56-.021650          0 5 1          0 1 0  9  7  2        8  5  3      3322338372947131 9    19.0   17.0
 1110880.913776 3.672E-28 1.246E-04.04220.430 1216.18980.43-.027890          2 2 0          0 0 0  8  7  1        7  6  2      432230837294703152    17.0   15.0
 1110880.977446 1.898E-30 9.519E-04.02470.216 3080.17870.440.000000          0 2 2          0 0 0 16  4 13       15  3 12      1333308287659336 0    99.0   93.0
 1110880.984168 3.312E-25 1.085E-02.08950.401  709.60820.64-.020000          0 0 3          0 0 0  7  0  7        7  2  6      465443837367703059    15.0   15.0
 1110880.987540 1.799E-27 5.343E-03.07000.298 1724.70540.66-.040000          1 0 2          0 0 0 11  4  8       10  5  5      334233837294713152    23.0   21.0
 1110881.061481 8.757E-28 1.281E-02.07920.371 2161.28600.65-.005080          1 1 2          0 1 0  6  3  4        6  2  5      534253837294713152    39.0   39.0
 1110881.071216 3.767E-26 6.946E-03.08160.463 1360.23530.73-.024920          1 0 2          0 0 0 10  3  8        9  4  5      364343837294663152    63.0   57.0
 1110881.109651 1.262E-29 8.645E-04.07700.250 2629.33450.74-.025050          3 0 0          0 0 0 13  8  5       13  5  8      232230837260713049    81.0   81.0
 1110881.155672 1.775E-28 3.197E-06.08080.352  586.47920.69-.003170          1 2 1          0 0 0  7  5  2        7  1  7      432233837294713155    15.0   15.0
 1110881.239042 2.850E-29 7.270E-03.05240.371 2552.87970.50-.024790          0 3 2          0 1 0  7  6  2        6  5  1      334233837294713152    15.0   13.0
 1110881.243841 3.351E-27 6.887E-03.07030.298 1874.97300.66-.005120          1 0 2          0 0 0 11  5  6       10  6  5      334233837294713152    69.0   63.0
 1110881.264380 8.556E-29 7.274E-03.05210.371 2552.85720.50-.024500          0 3 2          0 1 0  7  6  1        6  5  2      334233837294713152    45.0   39.0
 1110881.313193 2.558E-27 5.389E-02.09500.434 1813.78760.73-.010440          0 1 3          0 1 0  2  2  1        3  2  2      434233837294713152     5.0    7.0
 1110881.351368 1.274E-28 6.415E-05.06670.340 1340.88490.640.000000          0 6 0          0 0 0 10  7  3        9  4  6      1333308287659336 0    21.0   19.0
 1110881.354854 3.122E-30 1.246E-03.05350.333 2919.63300.54-.020180          0 5 1          0 1 0  9  7  3        8  5  4      3322338372947131 9    57.0   51.0
 1110881.357070 1.849E-28 3.101E-02.05640.268 2813.51220.530.000000          3 0 0          0 0 0 13  9  4       12  8  5      1333308287659336 0    81.0   75.0
 1110881.362097 6.129E-29 3.084E-02.05070.265 2813.52870.490.000000          3 0 0          0 0 0 13  9  5       12  8  4      1333308287659336 0    27.0   25.0
 1110881.444258 2.102E-25 6.259E-04.09400.437  285.41860.74-.019680          0 0 3          0 0 0  3  1  3        3  3  0      4653438373676630 8    21.0   21.0
 1110881.473745 9.976E-30 4.903E-05.05400.292 2054.34520.610.000000         -2 7-2          0 0 0 11  4  7       10  7  4      1333308287659336 0    69.0   63.0
 1110881.625098 6.519E-31 7.544E-06.06410.303 1985.78490.590.000000          2 0 1          0 0 0 10  9  2       11  5  7      3333308387659336 0    21.0   23.0
 1110881.634263 1.639E-28 6.789E-06.07730.371  757.78020.66-.023030          1 0 2          0 0 0  7  3  5        6  4  2      432230837294713152    15.0   13.0
 1110881.679008 5.013E-25 1.531E-01.04730.209 1394.81420.47-.022000          0 0 3          0 0 0  7  7  1        7  7  0      365343837358703059    45.0   45.0
 1110881.679238 1.671E-25 1.531E-01.03790.209 1394.81420.47-.022000          0 0 3          0 0 0  7  7  0        7  7  1      464443837360703059    15.0   15.0
 1110881.727747 5.189E-31 4.221E-04.05150.256 2927.07520.510.000000          0 8 0          0 0 0 14  4 10       13  7  7      1333308287659336 0    29.0   27.0
 1110881.805281 4.341E-30 5.748E-05.05420.265 2275.37290.55-.035140          0 5 1          0 0 0 12  1 11       12  5  8      2322338372947131 9    75.0   75.0
 1110881.894987 1.309E-28 3.248E-02.08610.333 2595.81290.72-.003300          2 1 1          0 1 0  9  4  5        8  2  6      434233837294713152    19.0   17.0
 1110882.028871 2.366E-30 2.957E-08.09330.444  285.21930.710.000000          1 5 0          0 0 0  2  0  2        3  3  1      2333308287659336 0     5.0    7.0
 1110882.278077 4.849E-26 3.367E-04.09350.400  285.21930.73-.017830          1 0 2          0 0 0  4  2  2        3  3  1      4643638372947031 8     9.0    7.0
 1110882.298310 1.637E-27 2.718E-02.04610.400 2321.90570.47-.031510          3 0 0          0 0 0 12  8  5       11  7  4      334333837260703049    75.0   69.0
 1110882.298768 4.287E-25 4.681E-02.08260.447  982.91170.72-.010660          1 0 2          0 0 0  8  3  5        8  2  6      4643538315676631 7    17.0   17.0
 1110882.400103 2.244E-28 3.259E-04.07900.298 1538.14950.68-.006820          0 0 3          0 0 0  9  5  4       10  3  7      364233837360713049    19.0   21.0
 1110882.523893 1.068E-28 1.495E-05.07790.315 1282.91910.71-.005010          0 4 1          0 0 0  9  7  3        9  3  6      342230838494713152    57.0   57.0
 1110882.572397 1.265E-24 2.467E-02.09510.417  602.77350.72-.011000          2 0 1          0 0 0  7  4  3        6  2  4      433443838767663159    15.0   13.0
 1110882.629386 1.249E-28 1.405E-02.03660.235 2746.02350.33-.026310          1 0 2          0 0 0 14  5 10       14  4 11      334233837294713152    87.0   87.0
 1110882.665116 8.990E-27 4.271E-05.08770.391  508.81210.72-.018160          1 0 2          0 0 0  6  2  5        5  3  2      434233837294713152    39.0   33.0
 1110882.676874 1.592E-25 1.239E-03.06720.444  610.34120.65-.030310          1 2 1          0 0 0  6  6  0        5  4  1      464443837294703152    39.0   33.0
 1110882.688839 3.177E-30 4.614E-06.07180.298 1538.14950.62-.009230          0 5 1          0 0 0  9  1  8       10  3  7      3322338372947131 9    19.0   21.0
 1110882.740179 2.529E-30 2.159E-02.03900.208 3437.27720.40-.040000          1 0 2          0 0 0 16  4 12       16  3 13      232230837294713152    33.0   33.0
 1110882.767464 5.953E-26 1.388E-03.06620.295  610.11440.64-.023642          1 2 1          0 0 0  6  6  1        5  4  2      4243438315947031 8    13.0   11.0
 1110882.837294 1.146E-30 7.261E-03.09680.434 3334.62660.73-.004630          1 2 2          0 2 0  4  2  3        3  1  2      432230837294713152    27.0   21.0
 1110882.947960 2.686E-28 4.043E-03.09920.434 1813.78760.75-.014060          0 1 3          0 1 0  3  0  3        3  2  2      534233837294713152     7.0    7.0
 1110882.996804 2.522E-30 1.367E-08.09110.412  275.49700.73-.008400          1 2 1          0 0 0  5  5  0        4  1  3      432233837294713155    11.0    9.0
 1110883.032739 1.320E-29 4.948E-06.03640.246 1557.84770.480.000000          1 4 0          0 0 0 13  4  9       12  1 12      1433308284659336 0    81.0   75.0
 1110883.110427 1.522E-27 2.016E-02.04990.265 2275.37290.47-.026000          1 0 2          0 0 0 12  6  7       12  5  8      234233807294713152    75.0   75.0
 1110883.185372 1.507E-30 1.786E-05.02860.242 2042.37410.450.000000          2 2 0          0 0 0 13  5  9       13  2 12      1333308287659336 0    27.0   27.0
 1110883.204330 1.168E-26 4.302E-03.06510.300 1255.91160.58-.020860          1 0 2          0 0 0  9  4  6        8  5  3      4643438372947031 8    19.0   17.0
 1110883.253856 2.077E-28 1.313E-02.05460.265 2612.79980.55-.030020          0 0 3          0 0 0 13  5  9       12  7  6      364233837360713049    81.0   75.0
 1110883.352000 2.121E-30 6.206E-04.03910.250 2927.94120.41-.040000          1 2 1          0 0 0 13  9  5       13  7  6      232230807294713152    81.0   81.0
 1110883.471680 5.303E-29 4.371E-03.07200.352 2572.13920.67-.028610          1 3 1          0 1 0  8  6  2        7  4  3      334233837294713152    51.0   45.0
 1110883.622717 1.064E-27 2.217E-02.05010.297 2142.59770.590.000000         -2 3-2          0 0 0 12  7  5       11  6  6      1333308287659336 0    25.0   23.0
 1110883.657042 1.136E-30 3.474E-04.03980.231 2739.42850.490.000000         -2 4-2          0 0 0 15  6 10       14  3 11      1333308287659336 0    31.0   29.0
 1110883.683147 3.529E-27 6.359E-05.08110.352  586.47920.68-.008870          3 0 0          0 0 0  7  4  4        7  1  7      434233837260713049    15.0   15.0
 1110883.735923 1.130E-27 2.636E-05.08560.391  610.11440.72-.010900          1 0 2          0 0 0  6  3  3        5  4  2      434253837294713152    13.0   11.0
 1110883.953960 1.087E-30 1.799E-04.08190.315 2512.37570.70-.011460          2 1 1          0 1 0  9  3  6        9  1  9      432230837294713152    19.0   19.0
 1110884.117841 1.383E-29 6.388E-07.07240.333 1006.11590.62-.004280          0 8 0          0 0 0  7  0  7        8  3  6      2322338372947131 9    45.0   51.0
 1110884.174511 3.622E-28 1.804E-02.05010.288 2321.81310.570.000000         -2 4-2          0 0 0 12  8  4       11  7  5      1333308287659336 0    25.0   23.0
 1110884.304333 2.751E-28 3.838E-02.07130.371 2399.16550.64-.026100          1 1 2          0 1 0  6  5  1        6  4  2      334233837294713152    13.0   13.0
 1110884.330736 6.197E-31 5.417E-04.06060.256 2927.07520.510.000000          1 2 1          0 0 0 13  7  6       13  7  7      1333308287659336 0    27.0   27.0
 1110884.339680 1.460E-23 2.846E-02.10510.480   23.79440.76-.002800          1 0 2          0 0 0  1  1  0        1  0  1      465420831567663136     9.0    9.0
 1110884.372079 3.204E-28 1.403E-02.07740.391 2126.40770.65-.016260          1 1 2          0 1 0  5  4  2        5  3  3      534253837294713152    11.0   11.0
 1110884.434857 9.946E-27 6.736E-02.05440.298 1875.46180.53-.025190          0 0 3          0 0 0 10  6  5       10  6  4      264233807360713049    21.0   21.0
 1110884.488581 1.281E-30 8.461E-02.03400.208 3870.20170.370.000000         -2 0-2          0 0 0 17  6 11       16  6 10      1333308287659336 0    35.0   33.0
 1110884.529516 3.491E-29 5.436E-07.06290.352  782.40980.54-.007580          0 7 0          0 0 0  7  3  4        7  2  5      332233837294713155    45.0   45.0
 1110884.599926 8.941E-30 1.339E-04.08640.428 1743.48630.740.000000          1 6 0          0 1 0  2  1  1        2  2  0      1333308287659336 0     5.0    5.0
 1110884.851068 3.413E-30 3.690E-02.09630.434 3392.74930.74-.010960          0 2 3          0 2 0  3  2  2        3  2  1      432230837294713152    21.0   21.0
 1110884.852798 1.048E-28 1.358E-02.06700.315 2688.07990.59-.032270          1 1 2          0 1 0  9  2  7        9  1  8      334243837294713152    57.0   57.0
 1110884.955055 3.064E-27 2.468E-04.07800.315  920.21000.67-.021430          1 0 2          0 0 0  8  2  6        9  1  9      334233837294713152    17.0   19.0
 1110885.047662 2.063E-23 1.046E-01.09030.391  446.51070.76-.013000          0 0 3          0 0 0  4  2  2        5  2  3      465243837367713059    27.0   33.0
 1110885.050824 2.220E-29 3.197E-04.05640.265 2275.37290.58-.023830          0 2 2          0 0 0 11  8  3       12  5  8      334233837294713152    69.0   75.0
 1110885.458954 3.195E-26 1.610E-02.06960.300 1340.88490.62-.020860          3 0 0          0 0 0 10  5  5        9  4  6      3643338372607030 8    21.0   19.0
 1110885.499439 7.634E-28 3.537E-02.06800.371 2398.38150.61-.025760          1 1 2          0 1 0  6  5  2        6  4  3      334233837294713152    39.0   39.0
 1110885.822627 1.524E-26 8.759E-02.10470.434 1772.41340.76-.011970          0 1 3          0 1 0  2  1  1        3  1  2      5642238372947131 7    15.0   21.0
 1110885.835907 2.926E-26 6.592E-02.05430.400 1874.97300.52-.035620          0 0 3          0 0 0 10  6  4       10  6  5      3643338373607030 8    63.0   63.0
 1110885.864961 3.172E-25 1.751E-02.08560.516  816.69420.73-.025000          0 0 3          0 0 0  7  1  6        7  3  5      464343837360663059    15.0   15.0
 1110885.910666 1.137E-29 1.801E-04.05290.235 2327.91400.56-.004750          2 0 1          0 0 0 13  6  8       14  2 13      334233838794713152    81.0   87.0
 1110885.914601 4.001E-30 1.196E-04.05810.333 2337.66680.47-.017940          0 6 1          0 1 0  7  1  7        8  1  8      3322338372947131 9    45.0   51.0
 1110885.943055 1.539E-28 1.258E-02.07270.352 2318.53990.61-.005880          1 1 2          0 1 0  7  3  5        7  2  6      334243837294713152    15.0   15.0
 1110886.037174 2.151E-24 3.350E-02.09790.412  782.40980.73-.009000          1 0 2          0 0 0  7  3  4        7  2  5      465423831567663159    45.0   45.0
 1110886.073851 1.710E-28 1.310E-02.05400.253 2426.19650.510.000000          1 0 2          0 0 0 13  5  9       13  4 10      1333308287659336 0    27.0   27.0
 1110886.115671 1.385E-30 3.450E-01.08310.391 4165.47380.67-.015270          0 0 4          0 0 1  6  2  5        5  2  4      432230837294713152    39.0   33.0
 1110886.122007 1.701E-29 4.155E-03.06420.352 2569.50800.59-.025610          1 3 1          0 1 0  8  6  3        7  4  4      334233837294713152    17.0   15.0
 1110886.158957 2.091E-25 4.075E-04.08680.437  325.34790.70-.007520          3 0 0          0 0 0  6  3  4        5  0  5      4444438315607030 7    39.0   33.0
 1110886.226750 2.450E-30 9.980E-06.04150.250 1806.67150.69-.015130          3 0 0          0 0 0 12  4  8       13  1 13      332230837265713049    25.0   27.0
 1110886.241952 1.190E-24 1.267E-02.08530.358  704.21410.62-.016740          0 0 3          0 0 0  7  1  7        7  1  6      4644438373676630 7    45.0   45.0
 1110886.412046 2.295E-29 5.597E-04.08040.412 2005.91700.71-.015400          2 1 1          0 1 0  5  5  0        4  3  1      434233837294713152    11.0    9.0
 1110886.536712 4.194E-28 4.748E-05.07850.352 1216.19450.71-.012050          0 0 3          0 0 0  8  4  4        7  6  1      464233837360713049    51.0   45.0
 1110886.567272 1.270E-28 9.890E-07.07480.391  610.34120.66-.013260          0 7 0          0 0 0  6  3  4        5  4  1      3322338072947131 9    39.0   33.0
 1110886.690525 1.433E-30 3.978E-04.07260.360 2595.81290.650.000000          1 6 0          0 1 0  8  1  7        8  2  6      1333308287659336 0    17.0   17.0
 1110886.706218 1.839E-29 1.099E-05.06940.298 1581.33600.68-.019530          2 0 1          0 0 0  9  8  2       10  4  7      332230838794713152    57.0   63.0
 1110886.745081 8.017E-28 4.049E-03.09220.412 1908.01630.72-.017320          1 1 2          0 1 0  5  1  4        4  2  3      434243837294713152    33.0   27.0
 1110886.765004 2.182E-25 3.306E-02.08750.370 1050.15770.73-.014820          1 0 2          0 0 0  8  4  4        8  3  5      4644438372947031 8    17.0   17.0
 1110886.791137 5.163E-29 2.573E-03.05010.288 2321.81310.570.000000         -2 5-2          0 0 0 12  4  8       11  7  5      1333308287659336 0    25.0   23.0
 1110887.129892 2.197E-29 4.609E-02.03710.250 3347.78340.43-.039850          3 0 0          0 0 0 14 10  5       13  9  4      334233837260713049    87.0   81.0
 1110887.135034 7.323E-30 4.609E-02.03710.250 3347.78050.43-.039910          3 0 0          0 0 0 14 10  4       13  9  5      332230837260713049    29.0   27.0
 1110887.151493 4.686E-26 9.770E-04.08210.295  842.35660.74-.018000          3 0 0          0 0 0  7  6  1        7  3  4      424340831562663020    45.0   45.0
 1110887.169266 3.739E-31 1.526E-05.08550.413 2146.26370.680.000000          2 1 1          0 1 0  6  5  2        6  1  5      4333308387659336 0    13.0   13.0
 1110887.401401 3.604E-28 1.074E-02.08270.412 2005.91700.70-.014740          1 1 2          0 1 0  4  4  0        4  3  1      534253837294713152     9.0    9.0
 1110887.422903 3.693E-27 1.955E-04.05390.400 1059.83550.55-.021930          0 4 1          0 0 0  8  7  1        7  5  2      444333838494703152    51.0   45.0
 1110887.494975 1.072E-29 4.187E-04.08150.379 2392.59250.670.000000          1 6 0          0 1 0  7  1  6        7  2  5      2333308287659336 0    45.0   45.0
 1110887.511105 6.890E-29 5.572E-04.07830.412 2004.81570.69-.017140          2 1 1          0 1 0  5  5  1        4  3  2      434233837294713152    33.0   27.0
 1110887.514953 1.623E-26 1.570E-02.06520.413 1474.98080.62-.024890          3 0 0          0 0 0 10  6  4        9  5  5      3644338372607030 8    21.0   19.0
 1110887.611632 1.235E-27 1.960E-04.05310.352 1059.64670.54-.021650          0 4 1          0 0 0  8  7  2        7  5  3      444233838494713152    17.0   15.0
 1110887.763161 1.019E-30 6.346E-07.07010.315 1340.88490.68-.014830          0 2 2          0 0 0  8  7  1        9  4  6      332230837294713152    17.0   19.0
 1110887.816894 1.285E-24 3.757E-03.10270.432  212.15640.77-.017630          0 0 3          0 0 0  2  0  2        3  2  1      4654438373786630 7    15.0   21.0
 1110887.909217 1.351E-26 1.817E-05.09420.400  173.36580.740.001186          0 2 2          0 0 0  4  4  1        3  1  2      4643338372947031 7    27.0   21.0
 1110887.996885 7.888E-28 1.824E-03.08160.281 1899.00820.73-.020560          0 0 3          0 0 0 11  4  8       11  4  7      364233837360713049    69.0   69.0
 1110888.254602 1.084E-30 2.890E-05.08480.391 2024.15260.71-.003490          0 3 2          0 1 0  5  5  1        5  2  4      332230837294713152    11.0   11.0
 1110888.298952 6.790E-27 3.467E-05.07810.300  552.91140.67-.001380          2 2 0          0 0 0  7  5  2        6  2  5      434333837294703152    45.0   39.0
 1110888.348903 4.863E-29 2.509E-04.09330.444 1819.33510.710.000000          1 6 0          0 1 0  3  1  2        3  2  1      2333308287659336 0    21.0   21.0
 1110888.461083 8.377E-28 2.194E-04.06840.333 1411.61150.63-.019860          0 0 3          0 0 0  9  4  6        8  6  3      464233837360713049    57.0   51.0
 1110888.503003 1.040E-27 1.028E-02.08080.412 2004.81570.68-.016220          1 1 2          0 1 0  4  4  1        4  3  2      534253837294713152    27.0   27.0
 1110888.610782 7.108E-28 6.541E-04.07860.281 1690.66440.69-.011700          0 0 3          0 0 0 10  4  6       11  2  9      364233837360713049    63.0   69.0
 1110888.675875 1.502E-29 5.916E-03.05660.315 2690.59370.50-.014180          1 1 2          0 1 0  9  3  7        9  2  8      334233837294713152    19.0   19.0
 1110888.697746 2.538E-29 1.617E-06.08150.379  816.69420.670.000000          0 5 1          0 0 0  6  1  6        7  3  5      1333308387659336 0    13.0   15.0
 1110888.703606 5.784E-28 9.422E-03.08570.391 1922.82900.68-.006930          1 1 2          0 1 0  5  2  4        5  1  5      434253837294713152    11.0   11.0
 1110888.798465 1.476E-28 8.265E-03.08970.371 2211.19060.72-.011890          0 1 3          0 1 0  6  2  5        6  2  4      534233837294713152    13.0   13.0
 1110888.827757 5.602E-24 2.463E-02.10090.474   70.09080.76-.010040          1 0 2          0 0 0  2  1  1        2  0  2      4654238315676631 7     5.0    5.0
 1110888.828611 5.164E-30 1.363E-04.07560.333 2337.66680.66-.000640          0 3 2          0 1 0  8  4  5        8  1  8      332230837294713152    51.0   51.0
 1110888.832573 2.135E-29 1.434E-04.08790.391 2000.86300.71-.006200          3 1 0          0 1 0  6  4  3        5  1  4      334233837294713152    39.0   33.0
 1110888.841716 3.447E-27 2.414E-02.05650.281 2144.04630.54-.029620          3 0 0          0 0 0 12  7  6       11  6  5      334233807260713049    75.0   69.0
 1110888.853709 4.889E-27 2.028E-04.06980.428  757.78020.63-.022380          0 2 2          0 0 0  7  5  3        6  4  2      434433837294703152    15.0   13.0
 1110888.978813 1.443E-27 1.212E-03.07360.281 1690.66440.69-.001366          0 2 2          0 0 0 11  5  6       11  2  9      3342338372947131 9    69.0   69.0
 1110888.996328 1.592E-29 3.717E-07.07910.382  610.11440.660.000000          0 7 0          0 0 0  6  3  3        5  4  2      2333308287659336 0    13.0   11.0
 1110889.068347 9.291E-30 1.182E-03.06430.250 2756.41530.63-.034880          0 0 3          0 0 0 13  6  8       13  6  7      362230837360713049    81.0   81.0
 1110889.088955 1.198E-27 1.877E-04.07940.315 1282.91910.70-.013010          1 0 2          0 0 0  8  6  3        9  3  6      434233837294713152    51.0   57.0
 1110889.100781 2.159E-30 1.367E-04.04640.271 2612.79980.550.000000         -2 6-2          0 0 0 13  4  9       12  7  6      1333308287659336 0    81.0   75.0
 1110889.107672 4.729E-30 2.083E-06.04250.246 1557.84770.480.000000          1 5 0          0 0 0 11  0 11       12  1 12      1333308287659336 0    69.0   75.0
 1110889.172204 7.075E-29 7.090E-02.03980.236 2983.39640.480.000000         -2 0-2          0 0 0 15 15  0       14  5  9      1333308287659336 0    31.0   29.0
 1110889.179591 5.141E-27 1.457E-04.07940.300  931.23710.69-.027790          1 0 2          0 0 0  8  3  6        7  4  3      434343837294703152    51.0   45.0
 1110889.227560 9.235E-28 2.097E-05.07270.333  885.60020.64-.011630          3 0 0          0 0 0  8  5  4        8  2  7      434233837260713049    51.0   51.0
 1110889.271721 1.105E-28 1.737E-05.06860.281 1327.11000.65-.011770          3 0 0          0 0 0 10  5  6       11  0 11      334233837260713049    63.0   69.0
 1110889.272124 6.325E-27 1.276E-03.08120.200 1131.77560.72-.026460          1 0 2          0 0 0  9  3  7        8  4  4      434333837294703152    19.0   17.0
 1110889.362840 2.376E-29 8.075E-06.07200.315 1216.23130.68-.005850          1 2 1          0 0 0  8  7  2        9  3  7      332230837294713152    17.0   19.0
 1110889.365251 3.662E-29 2.051E-03.08990.371 2211.19060.72-.009110          1 6 0          0 1 0  6  1  5        6  2  4      332230837294713152    13.0   13.0
 1110889.416534 3.103E-26 6.176E-04.08520.435  542.90580.70-.013470          1 0 2          0 0 0  5  4  2        6  1  5      4243238315946631 8    11.0   13.0
 1110889.618623 1.190E-26 3.446E-04.08590.430  709.60820.71-.019590          3 0 0          0 0 0  8  3  5        7  2  6      4443438327606630 7    17.0   15.0
 1110889.645274 3.444E-28 6.465E-04.03030.333 1590.69070.31-.021330          1 4 0          0 0 0  9  8  2        8  7  1      344233838494713152    19.0   17.0
 1110889.653117 8.464E-31 1.972E-02.08910.428 3255.34600.740.000000          0 2 3          0 2 0  2  1  2        2  1  1      4333308387659336 0     5.0    5.0
 1110889.654434 1.034E-27 6.470E-04.03030.333 1590.69010.31-.021300          1 4 0          0 0 0  9  8  1        8  7  2      344233808494713152    57.0   51.0
 1110889.656413 1.166E-30 2.914E-01.07200.371 4195.47730.59-.019170          0 0 4          0 0 1  7  0  7        6  0  6      432230837294713152    45.0   39.0
 1110889.670086 9.342E-26 1.907E-02.08050.350 1360.23530.71-.013940          1 0 2          0 0 0  9  5  4        9  4  5      3644338372947031 7    57.0   57.0
 1110889.825097 1.717E-26 2.362E-04.03160.286  756.72480.59-.014000          0 2 2          0 0 0  7  5  2        6  4  3      464343837262663120    45.0   39.0
 1110889.845614 4.055E-27 1.064E-02.09550.300 1731.89670.73-.003790          1 1 2          0 1 0  4  1  4        3  0  3      434323837294703152    27.0   21.0
 1110889.975713 3.922E-30 6.205E-05.08270.443 1875.46970.720.000000          0 9 0          0 1 0  4  0  4        4  1  3      2333308287659336 0     9.0    9.0
 1110889.986867 2.650E-26 1.438E-04.09220.374  275.49700.73-.011030          3 0 0          0 0 0  5  4  2        4  1  3      4443438327606630 7    11.0    9.0
 1110889.995603 1.078E-29 5.475E-04.08140.333 2495.16580.69-.013590          3 1 0          0 1 0  9  3  6        8  2  7      434233837294713152    57.0   51.0
 1110890.001656 1.907E-27 1.217E-02.04790.265 2124.95140.44-.014850          1 0 2          0 0 0 12  5  8       12  4  9      234233807294713152    75.0   75.0
 1110890.108402 2.033E-25 4.581E-03.08410.443  602.77350.73-.018000          1 2 1          0 0 0  6  6  1        6  2  4      445441831562663120    13.0   13.0
 1110890.179977 6.040E-28 5.397E-04.08200.298 1437.96860.71-.008740          0 0 3          0 0 0  9  4  5       10  2  8      364233837360713049    19.0   21.0
 1110890.218852 4.906E-30 1.737E-04.08300.371 2146.26370.69-.004660          0 3 2          0 1 0  7  4  4        6  1  5      432233837294713155    15.0   13.0
 1110890.331004 1.891E-29 4.088E-02.05930.255 3127.80280.490.000000          3 0 0          0 0 0 14  9  5       13  8  6      1333308287659336 0    29.0   27.0
 1110890.410502 7.280E-26 9.079E-04.04250.377  446.69660.72-.010000          0 2 2          0 0 0  5  5  1        6  0  6      424343831562663120    11.0   13.0
 1110890.446923 1.642E-29 3.272E-04.08620.421 1922.90110.730.000000          1 6 0          0 1 0  4  1  3        4  2  2      1333308287659336 0     9.0    9.0
 1110890.464125 5.442E-29 3.923E-02.05390.253 3127.86190.460.000000          3 0 0          0 0 0 14  9  6       13  8  5      1333308287659336 0    87.0   81.0
 1110890.480986 1.465E-29 9.568E-03.08290.333 2771.69010.73-.018460          0 1 3          0 1 0  8  4  5        8  4  4      334233837294713152    17.0   17.0
 1110890.540433 5.764E-30 4.709E-05.09440.434 1739.48370.73-.004310          3 1 0          0 1 0  4  4  0        3  1  3      432230837294713152     9.0    7.0
 1110890.541264 3.550E-29 3.648E-04.08660.406 2053.96870.690.000000          1 6 0          0 1 0  5  1  4        5  2  3      2333308287659336 0    33.0   33.0
 1110890.541913 8.127E-29 2.304E-03.04640.275 2205.65270.560.000000         -2 3-2          0 0 0 12  7  5       12  4  8      1333308287659336 0    25.0   25.0
 1110890.560349 5.880E-28 2.922E-03.10420.456 1742.30560.76-.014260          0 1 3          0 1 0  2  0  2        2  2  1      534233837294713152    15.0   15.0
 1110890.576316 2.494E-30 7.852E-02.09650.456 3317.21060.74-.010440          0 2 3          0 2 0  2  2  1        2  2  0      432230837294713152     5.0    5.0
 1110890.590598 3.741E-28 9.197E-03.08440.371 2041.78050.68-.018600          1 1 2          0 1 0  6  1  5        6  0  6      334253837294713152    13.0   13.0
 1110890.669443 2.078E-26 8.631E-05.08910.467  446.51070.74-.011820          0 2 2          0 0 0  5  5  0        5  2  3      4645338372947031 8    33.0   33.0
 1110890.752436 4.572E-30 1.204E-01.10760.480 3175.44120.76-.008480          0 2 3          0 2 0  0  0  0        1  0  1      432230837294713152     3.0    9.0
 1110890.845776 1.462E-26 2.463E-04.08340.300  542.90580.70-.013970          2 0 1          0 0 0  6  5  2        6  1  5      434333838794703110    13.0   13.0
 1110891.076861 1.106E-24 2.493E-02.09410.440  602.77350.74-.013450          1 0 2          0 0 0  6  3  3        6  2  4      4544638315676631 7    13.0   13.0
 1110891.167345 9.386E-28 1.517E-02.04640.273 2105.86790.550.000000         -2 2-2          0 0 0 13  1 12       12  3  9      1333308287659336 0    27.0   25.0
 1110891.231557 1.289E-26 4.201E-02.06640.300 1724.70540.62-.034530          1 0 2          0 0 0 10  6  4       10  5  5      3643338372947031 9    21.0   21.0
 1110891.294394 2.048E-30 2.515E-05.06090.265 2275.37290.62-.036260          0 0 3          0 0 0 13  3 11       12  5  8      362230837360713049    81.0   75.0
 1110891.302975 7.554E-28 8.520E-04.07520.281 1525.13600.68-.006600          2 0 1          0 0 0 11  4  7       11  2 10      334233838794713152    23.0   23.0
 1110891.354665 5.971E-31 8.685E-07.07030.323 1538.14950.620.000000          3 0 0          0 0 0  9  8  2       10  3  7      3333308387659336 0    19.0   21.0
 1110891.369283 4.698E-30 2.920E-08.08050.395  488.10770.710.000000          1 5 0          0 0 0  4  1  4        4  4  1      2333308287659336 0    27.0   27.0
 1110891.571788 4.076E-30 9.433E-06.05010.303 1899.00820.590.000000         -2 5-2          0 0 0 11  1 10       11  4  7      1333308287659336 0    69.0   69.0
 1110891.585647 2.357E-27 2.495E-02.05250.300 1985.78490.49-.028190          1 0 2          0 0 0 11  6  6       11  5  7      334333837294703152    23.0   23.0
 1110891.700948 2.004E-30 3.643E-01.09810.412 4066.12260.75-.009740          0 0 4          0 0 1  5  2  3        4  2  2      432230837294713152    33.0   27.0
 1110891.703191 1.413E-27 3.800E-02.07080.391 2251.86250.66-.025930          1 1 2          0 1 0  5  5  0        5  4  1      434233837294713152    33.0   33.0
 1110891.784375 2.622E-30 5.388E-04.05030.268 2613.10460.530.000000          1 2 1          0 0 0 12  9  4       12  7  5      2333308387659336 0    25.0   25.0
 1110891.920597 2.062E-25 1.950E-02.08190.350 1201.92150.69-.015180          1 0 2          0 0 0  9  3  6        9  2  7      3644538372947031 7    57.0   57.0
 1110891.953538 4.579E-28 3.692E-02.06980.391 2251.69530.65-.026350          1 1 2          0 1 0  5  5  1        5  4  2      334233837294713152    11.0   11.0
 1110892.000378 5.589E-24 3.708E-02.09480.555  275.49700.75-.002950          1 0 2          0 0 0  4  2  2        4  1  3      454333831567663159     9.0    9.0
 1110892.018805 1.979E-24 2.469E-02.08600.386  446.69660.69-.004050          1 0 2          0 0 0  5  3  3        6  0  6      464443837294703152    11.0   13.0
 1110892.068755 7.313E-30 5.002E-04.04050.265 2612.79980.44-.040000          1 2 1          0 0 0 12  9  3       12  7  6      332920807294712252    75.0   75.0
 1110892.101227 7.451E-30 5.097E-04.06420.271 2612.79980.550.000000          0 0 3          0 0 0 12  7  5       12  7  6      2333308387659336 0    75.0   75.0
 1110892.295602 5.093E-29 4.359E-06.07020.315 1201.92150.62-.015630          0 0 3          0 0 0 10  0 10        9  2  7      362230837360713049    63.0   57.0
 1110892.415591 2.641E-29 2.153E-02.04300.256 2927.07520.510.000000         -2 0-2          0 0 0 14  7  8       13  7  7      1333308287659336 0    29.0   27.0
 1110892.422652 3.175E-30 1.218E-04.08050.395 2005.91700.710.000000          1 6 0          0 1 0  3  2  2        4  3  1      2333308287659336 0     7.0    9.0
 1110892.450437 1.447E-25 1.003E-03.09500.366  586.24350.67-.026000          1 0 2          0 0 0  6  3  4        7  0  7      434440831562663120    39.0   45.0
 1110892.487934 1.455E-29 9.567E-05.08910.391 1920.76650.70-.009400          0 6 1          0 1 0  4  0  4        5  0  5      3322338372947131 9    27.0   33.0
 1110892.545312 1.651E-29 1.146E-04.05300.265 2124.95140.50-.016230          0 0 3          0 0 0 11  6  6       12  4  9      364233837360713049    69.0   75.0
 1110892.547496 9.627E-29 6.683E-04.05330.265 2124.95140.54-.015810          1 0 2          0 0 0 11  7  4       12  4  9      334923807294711852    69.0   75.0
 1110892.751574 1.729E-30 2.889E-06.03390.305 1813.22340.580.000000          0 7 0          0 0 0 10  4  7       11  3  8      1333308287659336 0    63.0   69.0
 1110892.896696 1.721E-30 2.229E-08.08140.333  744.16270.70-.003410          2 2 0          0 0 0  7  6  1        8  1  8      432230837294713152    45.0   51.0
 1110892.953650 1.019E-29 4.493E-06.07780.265 1557.84770.70-.000200          0 2 2          0 0 0 11  4  7       12  1 12      332230837294713152    69.0   75.0
 1110893.108425 7.433E-30 7.764E-02.09640.456 3316.14530.74-.009330          0 2 3          0 2 0  2  2  0        2  2  1      432230837294713152    15.0   15.0
 1110893.129123 3.262E-26 3.479E-04.07830.300  704.21410.67-.024390          2 0 1          0 0 0  7  5  3        7  1  6      4343338387947031 8    45.0   45.0
 1110893.134587 1.347E-30 3.184E-05.06550.332 2337.66680.590.000000          2 3 0          0 1 0  9  4  5        8  1  8      1333308287659336 0    57.0   51.0
 1110893.270595 1.586E-30 4.149E-03.04450.281 3136.41250.42-.000450          1 3 1          0 1 0 12  4  9       11  2 10      332230837294713155    25.0   23.0
 1110893.280288 3.600E-28 1.564E-03.03240.277 2009.80510.570.000000          1 4 0          0 0 0 10  9  2        9  8  1      1433308284659336 0    63.0   57.0
 1110893.280452 1.200E-28 1.565E-03.04340.288 2009.80500.580.000000          1 4 0          0 0 0 10  9  1        9  8  2      1433308284659336 0    21.0   19.0
 1110893.319134 7.598E-29 7.105E-04.07360.265 1960.20740.67-.009830          0 0 3          0 0 0 11  4  7       12  2 10      364233837360713049    23.0   25.0
 1110893.370989 1.981E-28 3.771E-02.04640.268 2613.10460.530.000000         -2 4-2          0 0 0 13  8  6       12  7  5      1333308287659336 0    27.0   25.0
 1110893.533692 1.900E-28 1.079E-02.06460.333 2495.16580.55-.009870          1 1 2          0 1 0  8  3  6        8  2  7      434243837294713152    51.0   51.0
 1110893.666233 1.034E-29 2.361E-06.08050.315 1360.23530.75-.017580          1 2 1          0 0 0  8  8  0        9  4  5      332230837294713152    51.0   57.0
 1110893.777588 1.954E-30 5.945E-02.03980.235 3685.41920.350.000000         -2 1-2          0 0 0 15 11  4       14  9  5      1333308287659336 0    31.0   29.0
 1110893.797467 5.864E-30 5.947E-02.03980.236 3685.40830.400.000000         -2 1-2          0 0 0 15 11  5       14  9  6      1333308287659336 0    93.0   87.0
 1110893.823522 5.218E-29 6.426E-04.07300.352 2180.64290.62-.001140          0 3 2          0 1 0  8  3  6        7  0  7      434233837294713152    51.0   45.0
 1110893.830779 1.049E-28 4.723E-03.08010.265 2300.68500.75-.025300          0 0 3          0 0 0 12  5  8       12  5  7      364233837360713049    25.0   25.0
 1110893.838441 6.590E-24 2.179E-02.09280.415  399.45750.73-.006300          1 0 2          0 0 0  5  2  3        5  1  4      465441831567663136    33.0   33.0
 1110893.979766 1.397E-23 2.419E-02.09060.476  173.36580.75-.006750          1 0 2          0 0 0  3  2  1        3  1  2      465440831567663136    21.0   21.0
 1110893.982075 1.568E-30 1.349E-05.03390.268 1960.20740.530.000000          0 7 0          0 0 0 12  1 11       12  2 10      1333308287659336 0    25.0   25.0
 1110893.988991 1.041E-25 7.945E-02.05470.315 1631.38300.53-.020680          0 0 3          0 0 0  9  6  4        9  6  3      3642338373607130 8    57.0   57.0
 1110894.000886 4.926E-26 3.417E-04.08350.352  586.24350.70-.016568          0 2 2          0 0 0  6  5  2        7  0  7      464233837294713110    39.0   45.0
 1110894.177319 1.382E-28 3.008E-06.06920.315  920.16840.64-.000030          1 4 0          0 0 0 10  5  6        9  0  9      342230838494713155    63.0   57.0
 1110894.253930 1.685E-26 1.013E-04.08030.300  586.24350.68-.020280          2 0 1          0 0 0  7  4  4        7  0  7      434333838794703110    45.0   45.0
 1110894.385919 5.721E-28 1.519E-02.06020.265 2433.80040.61-.035660          0 0 3          0 0 0 13  4 10       12  6  7      364233837360713049    81.0   75.0
 1110894.412526 1.781E-24 5.889E-03.08790.397  399.45750.72-.011810          2 0 1          0 0 0  5  5  1        5  1  4      435443838767663110    33.0   33.0
 1110894.430631 3.299E-26 7.549E-02.06990.319 1631.24550.62-.028810          0 0 3          0 0 0  9  6  3        9  6  4      333333838765933659    19.0   19.0
 1110894.431053 3.319E-26 7.594E-02.04470.315 1631.24550.55-.028810          1 0 2          0 0 0  9  7  3        9  6  4      364933807255712256    19.0   19.0
 1110894.630504 6.174E-28 6.757E-05.07660.333  982.91170.64-.012780          0 0 3          0 0 0  8  2  7        8  2  6      464233837360713049    17.0   17.0
 1110894.716730 2.893E-27 9.615E-03.08760.412 1821.59680.69-.012420          1 1 2          0 1 0  5  0  5        4  1  4      434233837294713152    33.0   27.0
 1110894.880334 1.203E-29 1.893E-06.03970.259 1327.11000.490.000000          0 6 0          0 0 0 10  7  4       11  0 11      1333308287659336 0    63.0   69.0
 1110894.948491 3.387E-30 6.382E-04.08160.333 2764.69740.70-.020850          1 1 2          0 1 0  9  3  6        8  4  5      332230837294713152    57.0   51.0
 1110894.968942 9.064E-28 2.181E-05.08270.315  920.16840.70-.012740          3 0 0          0 0 0  9  3  6        9  0  9      334233837260713049    57.0   57.0
 1110894.971226 8.967E-25 5.283E-03.08900.455  326.62550.69-.008980          2 0 1          0 0 0  6  3  4        5  1  5      4334438387676631 7    13.0   11.0
 1110894.977198 1.077E-28 1.139E-05.07620.315 1201.92150.70-.001960          2 2 0          0 0 0  8  7  2        9  2  7      332230837294713152    51.0   57.0
 1110895.156772 4.213E-30 1.463E-02.03980.237 3464.88740.430.000000         -2 2-2          0 0 0 15  8  8       14  8  7      1333308287659336 0    93.0   87.0
 1110895.211874 3.179E-26 1.038E-02.06640.300 1477.29740.61-.025090          1 0 2          0 0 0 10  4  7        9  5  4      4643338372947031 8    63.0   57.0
 1110895.224170 1.863E-27 6.439E-04.04570.281 1524.84790.43-.007090          2 2 0          0 0 0 12  4  9       11  1 10      334233837294713152    75.0   69.0
 1110895.247829 1.349E-26 3.715E-03.05920.300 1216.23130.53-.015036          1 2 1          0 0 0 10  5  6        9  3  7      3643338372947031 8    21.0   19.0
 1110895.256931 2.211E-27 1.170E-02.05960.281 1843.02960.57-.018850          3 0 0          0 0 0 11  7  5       11  4  8      334233837260713049    23.0   23.0
 1110895.350787 7.624E-27 2.962E-04.07520.300  744.06370.64-.006090          1 0 2          0 0 0  7  3  5        8  0  8      434333837294703152    15.0   17.0
 1110895.374277 2.915E-28 6.088E-03.06220.281 2142.59770.61-.031730          0 0 3          0 0 0 12  4  9       11  6  6      364233837360713049    25.0   23.0
 1110895.377032 3.297E-27 4.539E-05.08060.400  782.40980.70-.013388          0 4 1          0 0 0  8  6  2        7  2  5      4443338384947031 8    51.0   45.0
 1110895.387050 2.777E-30 4.583E-06.04630.288 1810.58790.580.000000          0 7 0          0 0 0 10  4  7        9  7  2      1333308287659336 0    63.0   57.0
 1110895.425230 2.439E-30 2.543E-02.04470.236 3465.07000.400.000000          1 2 1          0 0 0 15  8  7       14  8  6      1333308287659336 0    31.0   29.0
 1110895.451490 1.012E-29 1.288E-04.08620.421 2004.81570.730.000000          1 6 0          0 1 0  3  2  1        4  3  2      2333308287659336 0    21.0   27.0
 1110895.663857 1.923E-30 1.389E-04.07420.352 2318.53990.65-.000400          2 3 0          0 1 0  8  5  3        7  2  6      332233837294713155    17.0   15.0
 1110895.908771 2.488E-23 1.038E-01.07960.371  447.25240.66-.023000          0 0 3          0 0 0  5  1  5        6  1  6      465243837367713059    33.0   39.0
 1110895.943583 1.052E-28 4.608E-03.06610.235 2551.48350.64-.003850          2 0 1          0 0 0 14  5  9       14  3 12      334233838794713152    87.0   87.0
 1110896.020009 1.749E-29 1.593E-07.08380.391  416.20870.71-.001380          0 4 1          0 0 0  6  6  1        5  2  4      442230838494713152    13.0   11.0
 1110896.051443 2.141E-28 1.179E-02.08790.352 2462.87530.73-.014010          0 1 3          0 1 0  7  3  5        7  3  4      534233837294713152    45.0   45.0
 1110896.212672 1.287E-29 1.291E-02.05570.298 2903.14600.50-.035710          1 1 2          0 1 0 10  2  8       10  1  9      334233837294713152    21.0   21.0
 1110896.292038 7.146E-26 1.460E-02.08130.315 1360.23530.75-.020220          3 0 0          0 0 0  9  7  2        9  4  5      364233837260713010    57.0   57.0
 1110896.337266 1.042E-30 2.351E-08.06760.407  602.77350.680.000000          0 7 0          0 0 0  6  3  3        6  2  4      2333308287659336 0    13.0   13.0
 1110896.366226 2.747E-24 3.782E-02.09210.508  782.40980.72-.014500          2 0 1          0 0 0  8  4  4        7  2  5      435340838767663136    51.0   45.0
 1110896.569106 2.984E-26 9.132E-05.08850.418  447.25240.71-.012070          3 0 0          0 0 0  7  2  5        6  1  6      464443837260703049    45.0   39.0
 1110896.619714 2.012E-29 6.826E-02.03680.221 3472.88130.420.000000         -2 3-2          0 0 0 16  7 10       15  6  9      1333308287659336 0    99.0   93.0
 1110896.681297 1.118E-30 3.545E-02.09630.434 3387.68070.74-.008970          0 2 3          0 2 0  3  2  1        3  2  2      432230837294713152     7.0    7.0
 1110896.906578 6.956E-30 4.184E-08.08240.352  586.24350.71-.001240          0 4 1          0 0 0  7  6  2        7  0  7      442233838494713155    45.0   45.0
 1110896.927942 6.303E-24 7.870E-02.07900.391  446.69660.67-.018700          0 0 3          0 0 0  5  0  5        6  0  6      465340837367663036    11.0   13.0
 1110896.929983 1.148E-28 1.229E-03.04750.250 2246.88480.48-.024824          1 2 1          0 0 0 13  6  8       13  2 11      3342338372947131 9    81.0   81.0
 1110896.940265 4.189E-29 6.594E-06.04380.259 1327.11000.490.000000          1 5 0          0 0 0 10  1 10       11  0 11      1333308287659336 0    63.0   69.0
 1110897.029408 2.504E-29 8.423E-03.04950.298 2904.42840.44-.021850          1 1 2          0 1 0 10  3  8       10  2  9      334233837294713152    63.0   63.0
 1110897.088521 3.202E-29 8.124E-05.07630.281 1899.00820.70-.022170          1 0 2          0 0 0 10  7  4       11  4  7      334233837294713152    63.0   69.0
 1110897.100620 3.110E-29 4.721E-06.08190.333 1050.15770.74-.007200          0 4 1          0 0 0  8  7  2        8  3  5      442230838494713152    17.0   17.0
 1110897.176650 1.330E-23 1.928E-02.09550.504  136.76170.75-.009750          1 0 2          0 0 0  3  1  2        3  0  3      4664438315216631 7    21.0   21.0
 1110897.253849 7.276E-24 9.575E-02.08820.391  416.20870.70-.015570          0 0 3          0 0 0  4  2  3        5  2  4      4642438373607130 7     9.0   11.0
 1110897.287837 2.729E-23 1.103E-01.08970.391  399.45750.74-.018200          0 0 3          0 0 0  4  1  3        5  1  4      4662208373217130 3    27.0   33.0
 1110897.495980 3.094E-28 3.166E-06.07360.333  744.16270.66-.002510          0 4 1          0 0 0  9  5  5        8  1  8      442233838494713155    57.0   51.0
 1110897.505036 2.812E-27 1.741E-04.06960.298 1114.54990.62-.027120          1 0 2          0 0 0  9  2  7       10  1 10      334233837294713152    57.0   63.0
 1110897.539758 3.792E-31 1.119E-04.06570.333 2552.87970.610.000000          1 1 2          0 1 0  6  6  0        6  5  1      4333308387659336 0    13.0   13.0
 1110897.564665 1.266E-30 1.246E-04.05880.371 2552.85720.60-.034580          1 1 2          0 1 0  6  6  1        6  5  2      432230837294713152    39.0   39.0
 1110897.570726 7.420E-29 1.613E-03.08670.371 2271.71220.71-.020170          1 1 2          0 1 0  7  2  5        6  3  4      334223837294713152    45.0   39.0
 1110897.644334 3.679E-28 2.333E-02.06050.265 2612.79980.46-.031300          3 0 0          0 0 0 13  8  5       12  7  6      232230837265713049    81.0   75.0
 1110897.738774 3.129E-25 8.826E-04.08550.460  325.34790.71-.017000          1 0 2          0 0 0  4  3  2        5  0  5      445443831558663159    27.0   33.0
 1110897.847086 1.109E-29 2.240E-06.06490.335 1131.77560.640.000000          1 5 0          0 0 0  9  1  9        8  4  4      2333308287659336 0    19.0   17.0
 1110897.879523 1.274E-29 6.123E-05.04730.277 2009.80510.570.000000          2 2 0          0 0 0  9  9  0        9  8  1      3333308387659336 0    57.0   57.0
 1110897.879667 4.359E-30 6.285E-05.03600.315 2009.80500.48-.037570          2 2 0          0 0 0  9  9  1        9  8  2      332230837294713152    19.0   19.0
 1110897.958430 4.137E-28 3.356E-02.04640.271 2437.50190.550.000000         -2 3-2          0 0 0 13  7  7       12  6  6      1333308287659336 0    27.0   25.0
 1110897.991828 4.520E-29 2.489E-03.08510.352 2462.87530.74-.013410          3 1 0          0 1 0  7  6  1        7  3  4      534233837294713152    45.0   45.0
 1110898.040456 2.163E-30 3.162E-08.08210.371  542.90580.70-.004800          1 4 0          0 0 0  7  6  2        6  1  5      342233838494713155    15.0   13.0
 1110898.083274 5.176E-29 1.554E-06.07400.383  661.54890.660.000000          1 5 0          0 0 0  6  0  6        6  3  3      2333308287659336 0    13.0   13.0
 1110898.155923 2.268E-30 1.465E-04.03220.221 2631.26880.58-.019100          3 0 0          0 0 0 14  6  9       15  1 14      232230807265713049    87.0   93.0
 1110898.342359 4.378E-30 1.939E-04.06230.428 1634.96710.740.000000          0 9 0          0 1 0  0  0  0        1  1  1      2333308287659336 0     1.0    3.0
 1110898.492578 2.616E-26 2.118E-02.07210.350 1437.96860.62-.020120          1 0 2          0 0 0 10  3  7       10  2  8      3644438372947031 8    21.0   21.0
 1110898.550755 2.317E-29 4.194E-04.04300.281 2321.90570.48-.037930          1 2 1          0 0 0 11  9  3       11  7  4      334233837294713152    69.0   69.0
 1110898.604744 1.725E-28 1.616E-02.07910.352 2572.13920.69-.018500          0 1 3          0 1 0  7  4  4        7  4  3      534233837294713152    45.0   45.0
 1110898.647637 7.590E-30 4.120E-04.04280.281 2321.81310.48-.037680          1 2 1          0 0 0 11  9  2       11  7  5      332230837294713152    23.0   23.0
 1110898.651365 3.649E-30 1.268E-02.03980.237 3464.88740.430.000000         -2 3-2          0 0 0 15  5 10       14  8  7      1333308287659336 0    93.0   87.0
 1110898.668093 6.737E-30 2.952E-04.02850.227 2551.48350.480.000000          2 2 0          0 0 0 14  6  9       14  3 12      1333308287659336 0    87.0   87.0
 1110898.682092 1.423E-24 5.341E-03.10550.445   37.13710.76-.011900          1 0 2          0 0 0  2  0  2        1  1  1      4544338315947031 7     5.0    3.0
 1110898.703905 3.391E-24 1.688E-02.09910.582   95.17590.75-.012400          1 0 2          0 0 0  2  2  0        2  1  1      4653438315676631 7     5.0    5.0
 1110898.924128 6.315E-30 2.195E-02.03980.237 3464.88740.430.000000         -2 3-2          0 0 0 15  5 10       14  8  7      1333308287659336 0    93.0   87.0
 1110898.993505 1.180E-29 6.906E-03.07580.333 2771.69010.70-.027440          1 3 1          0 1 0  9  6  3        8  4  4      334233837294713152    19.0   17.0
 1110899.036669 9.893E-25 1.422E-03.10310.482  134.90160.75-.014740          1 0 2          0 0 0  3  1  2        2  2  1      4564238315676631 7    21.0   15.0
 1110899.038792 7.458E-28 1.981E-02.05440.265 2433.80040.52-.027480          3 0 0          0 0 0 13  7  6       12  6  7      332230837260713049    81.0   75.0
 1110899.079273 1.274E-30 6.988E-02.03420.221 4045.32180.320.000000          2 0 1          0 0 0 16 11  5       15  9  6      1333308287659336 0    99.0   93.0
 1110899.091071 4.289E-28 5.454E-03.07750.371 2161.28600.65-.002440          2 1 1          0 1 0  7  4  4        6  2  5      434233837294713152    45.0   39.0
 1110899.138802 1.431E-27 6.357E-05.08180.391  742.07300.70-.013430          0 0 3          0 0 0  6  3  4        5  5  1      464233837360713049    13.0   11.0
 1110899.141370 4.245E-31 6.984E-02.03420.222 4045.28560.360.000000          2 0 1          0 0 0 16 11  6       15  9  7      1333308287659336 0    33.0   31.0
 1110899.212113 5.924E-24 2.464E-02.09130.424  446.51070.74-.012750          1 0 2          0 0 0  5  3  2        5  2  3      464463831567663159    33.0   33.0
 1110899.248685 1.791E-30 7.669E-05.04630.275 2254.28450.530.000000          1 0 2          0 0 0 10  9  1       10  8  2      1333308287659336 0    21.0   21.0
 1110899.249318 5.376E-30 7.674E-05.05580.281 2254.28380.580.000000          1 0 2          0 0 0 10  9  2       10  8  3      1333308287659336 0    63.0   63.0
 1110899.269466 3.054E-28 4.040E-05.07270.281 1327.11000.67-.004000          0 4 1          0 0 0 12  4  8       11  0 11      344230808494713155    75.0   69.0
 1110899.271045 2.500E-30 6.611E-05.07670.333 2337.66680.67-.009690          3 1 0          0 1 0  8  4  5        8  1  8      332230837294713152    51.0   51.0
 1110899.434072 3.579E-30 3.410E-04.06420.271 2437.50190.550.000000          0 0 3          0 0 0 11  8  3       12  6  6      1333308287659336 0    23.0   25.0
 1110899.585723 1.069E-27 8.816E-03.07860.371 2042.75330.64-.009180          1 1 2          0 1 0  6  2  5        6  1  6      434223837294713152    39.0   39.0
 1110899.651766 2.129E-30 2.263E-03.05840.315 3141.04600.58-.025100          0 5 1          0 1 0 10  7  3        9  5  4      2322338372947131 9    63.0   57.0
 1110899.793067 8.156E-31 3.854E-07.05350.259 1327.11760.490.000000          2 0 1          0 0 0 10  5  6       11  1 11      3333308387659336 0    21.0   23.0
 1110899.886130 2.983E-26 3.152E-02.05630.297 1718.71880.53-.026210          1 0 2          0 0 0 10  6  5       10  5  6      3644338372947031 8    63.0   63.0
 1110899.953319 9.592E-31 3.352E-06.04640.259 1774.61630.510.000000         -2 5-2          0 0 0 12  0 12       12  1 11      1333308287659336 0    25.0   25.0
 1110899.975499 2.676E-27 2.108E-03.06240.297 1411.64190.610.000000         -2 3-2          0 0 0  9  7  3        8  6  2      1333308287659336 0    19.0   17.0
 1110900.047939 1.625E-24 2.742E-02.09380.421  542.90580.71-.015000          1 0 2          0 0 0  6  2  4        6  1  5      4644238315676631 7    13.0   13.0
 1110900.065355 9.559E-31 1.806E-04.07270.355 2490.35410.630.000000          0 1 3          0 1 0  7  3  4        8  1  7      5333308387659336 0    15.0   17.0
 1110900.068860 8.862E-29 4.385E-05.06730.298 1581.33600.65-.030570          0 0 3          0 0 0 11  2 10       10  4  7      364233837360713049    69.0   63.0
 1110900.090275 8.637E-28 5.528E-02.08150.250 2629.33450.77-.025180          3 0 0          0 0 0 14  6  9       13  5  8      234233807260713049    87.0   81.0
 1110900.218311 3.117E-30 5.860E-02.03680.222 3824.99790.360.000000         -2 1-2          0 0 0 16  6 10       15  8  7      1333308287659336 0    99.0   93.0
 1110900.248349 6.485E-27 1.746E-04.06880.300  920.16840.60-.009220          1 0 2          0 0 0  8  3  6        9  0  9      334333837294703152    51.0   57.0
 1110900.259863 6.994E-27 1.836E-03.04540.300 1411.61150.45-.026280          2 2 0          0 0 0  9  7  2        8  6  3      432230837294703152    57.0   51.0
 1110900.320386 1.286E-24 2.688E-02.08420.423  842.35660.73-.019760          1 0 2          0 0 0  7  4  3        7  3  4      4654538315676631 7    45.0   45.0
 1110900.331230 1.905E-29 7.841E-05.10050.434 1772.41340.75-.004670          0 9 0          0 1 0  3  0  3        3  1  2      532230807294713152    21.0   21.0
 1110900.355398 1.048E-27 1.025E-02.08900.412 1817.45120.70-.006770          1 1 2          0 1 0  5  1  5        4  0  4      434243837294713152    11.0    9.0
 1110900.809720 3.266E-27 3.458E-04.08320.315 1201.92150.72-.007520          0 0 3          0 0 0  8  4  4        9  2  7      364233837360713049    51.0   57.0
 1110900.829031 7.486E-25 6.825E-03.07960.414  416.20870.67-.010420          2 0 1          0 0 0  6  4  3        5  2  4      4354438387676631 7    13.0   11.0
 1110900.969304 1.988E-26 9.409E-02.10370.300 1731.89670.76-.018370          0 1 3          0 1 0  2  0  2        3  0  3      5643338372947031 7    15.0   21.0
 1110900.983297 6.517E-29 7.540E-04.06690.250 2246.88480.62-.020780          0 0 3          0 0 0 12  4  8       13  2 11      364233837360713049    75.0   81.0
 1110901.015129 7.072E-31 2.239E-03.06760.332 3139.47580.630.000000          0 5 1          0 1 0 10  7  4        9  5  5      1333308287659336 0    21.0   19.0
 1110901.178975 4.401E-27 1.336E-02.10140.480 1640.50580.75-.003800          1 1 2          0 1 0  2  2  1        1  1  0      434253837294713152    15.0    9.0
 1110901.211423 1.190E-29 1.620E-05.03630.250 1806.67000.69-.014010          2 0 1          0 0 0 12  4  8       13  0 13      332230838765713152    75.0   81.0
 1110901.218931 2.772E-29 3.636E-02.05230.235 3264.33740.54-.038520          0 0 3          0 0 0 15  5 11       14  7  8      364233837360713049    93.0   87.0
 1110901.331147 1.693E-24 1.595E-02.09130.425  648.97870.73-.018720          0 0 3          0 0 0  6  1  5        6  3  4      4653438373676630 7    39.0   39.0
 1110901.432722 2.199E-26 1.192E-02.05660.300 1581.33600.51-.023330          1 0 2          0 0 0 10  5  6       10  4  7      3643338372947031 8    63.0   63.0
 1110901.461712 1.461E-30 1.525E-02.03980.236 3465.07000.400.000000         -2 2-2          0 0 0 15  6  9       14  8  6      1333308287659336 0    31.0   29.0
 1110901.534547 9.883E-27 6.660E-04.07270.247  882.89030.64-.000780          2 0 1          0 0 0  8  5  4        8  1  7      434433838794703152    17.0   17.0
 1110901.576605 8.537E-30 6.109E-04.05030.253 2426.19650.510.000000          0 4 1          0 0 0 14  6  9       13  4 10      1433308284659336 0    29.0   27.0
 1110901.669464 8.083E-31 9.739E-04.06840.315 2920.13210.630.000000          0 1 3          0 1 0  9  3  6        8  5  3      3333308387659336 0    19.0   17.0
 1110901.691894 1.226E-28 3.435E-07.08650.391  399.45750.71-.009020          1 2 1          0 0 0  6  5  1        5  1  4      432233837294713155    39.0   33.0
 1110901.707719 1.613E-28 3.344E-04.06580.315 1631.24550.61-.022590          0 0 3          0 0 0 10  4  7        9  6  4      364233837360713049    21.0   19.0
 1110901.719749 5.751E-27 8.474E-02.09930.300 1739.48370.75-.010900          0 1 3          0 1 0  2  1  2        3  1  3      534333837294703152     5.0    7.0
 1110901.765845 3.092E-29 1.277E-04.07320.281 1998.99530.73-.027120          0 2 2          0 0 0 10  8  3       11  5  6      232230807294713152    63.0   69.0
 1110901.771731 7.446E-30 1.816E-03.03980.234 2918.24490.490.000000         -2 3-2          0 0 0 15  6  9       14  5 10      1333308287659336 0    93.0   87.0
 1110901.831505 2.189E-26 2.113E-02.06350.300 1718.71880.59-.026910          3 0 0          0 0 0 11  6  5       10  5  6      3643338372607030 8    69.0   63.0
 1110902.047749 5.097E-27 6.257E-04.07970.300 1255.16680.71-.010020          1 0 2          0 0 0  9  4  5        8  5  4      434333837294703152    57.0   51.0
 1110902.180728 3.066E-30 9.261E-05.08760.352 2309.73020.72-.008200          0 1 3          0 1 0  6  3  3        7  1  6      532230837294713152    39.0   45.0
 1110902.284198 4.341E-28 3.104E-03.08010.371 2042.75330.66-.002120          2 1 1          0 1 0  7  3  5        6  1  6      434233837294713152    45.0   39.0
 1110902.527155 3.186E-29 5.518E-03.05590.352 2724.16710.53-.023960          0 3 2          0 1 0  8  6  3        7  5  2      334233837294713152    51.0   45.0
 1110902.570233 1.480E-28 5.757E-06.07900.333  744.06370.69-.002100          0 2 2          0 0 0  7  5  3        8  0  8      432230837294713152    15.0   17.0
 1110902.576092 1.116E-30 4.425E-06.03610.242 2042.31060.450.000000          1 4 0          0 0 0 13  6  7       13  1 12      1433308284659336 0    81.0   81.0
 1110902.585339 1.683E-28 4.601E-02.04570.250 2927.94130.46-.031270          3 0 0          0 0 0 14  8  7       13  7  6      234233837260713049    87.0   81.0
 1110902.639881 2.029E-29 1.779E-03.05160.265 2437.50190.50-.040000          1 0 2          0 0 0 12  7  5       12  6  6      234233807294713152    25.0   25.0
 1110902.646947 5.997E-30 6.002E-02.10650.480 3201.91340.76-.009670          0 2 3          0 2 0  1  1  1        1  1  0      432230837294713152     9.0    9.0
 1110902.671319 1.067E-29 5.540E-03.05510.352 2724.04140.52-.023420          0 3 2          0 1 0  8  6  2        7  5  3      334233837294713152    17.0   15.0
 1110902.711487 3.096E-29 5.520E-02.03980.236 3101.44100.460.000000         -2 3-2          0 0 0 15  7  9       14  6  8      1333308287659336 0    31.0   29.0
 1110902.742084 1.086E-25 9.565E-02.05230.300 1411.64190.51-.026680          0 0 3          0 0 0  8  6  3        8  6  2      3643338373607030 7    17.0   17.0
 1110902.780917 1.540E-27 5.635E-05.07500.333 1006.11590.67-.021860          0 0 3          0 0 0  9  1  9        8  3  6      464233837360713049    57.0   51.0
 1110902.848689 3.252E-25 9.546E-02.05900.493 1411.61150.51-.016660          0 0 3          0 0 0  8  6  2        8  6  3      4643338373786630 7    51.0   51.0
 1110902.869502 3.649E-28 4.333E-02.06320.250 2756.41530.61-.033040          3 0 0          0 0 0 14  7  8       13  6  7      234233807260713049    87.0   81.0
 1110902.927567 3.209E-24 1.677E-02.10000.504    0.00000.75-.008560          1 0 2          0 0 0  1  1  1        0  0  0      4632238315677131 7     3.0    1.0
 1110902.967030 1.329E-28 1.680E-03.08220.391 2130.49430.71-.015310          2 1 1          0 1 0  6  5  1        5  3  2      434233837294713152    39.0   33.0
 1110903.091981 1.401E-27 5.826E-05.07460.371  757.78021.05-.015302          0 7 0          0 0 0  7  3  5        6  4  2      4342538372947131 8    15.0   13.0
 1110903.109703 1.904E-28 2.665E-02.07550.371 2399.16550.65-.017880          0 1 3          0 1 0  6  4  3        6  4  2      534233837294713152    13.0   13.0
 1110903.120725 1.085E-29 3.386E-04.06550.274 2433.80040.560.000000          0 0 3          0 0 0 11  8  4       12  6  7      1333308287659336 0    69.0   75.0
 1110903.238787 1.028E-29 1.758E-04.08640.428 1664.96460.740.000000          1 6 0          0 1 0  1  1  1        2  0  2      2333308287659336 0     3.0    5.0
 1110903.287907 1.723E-29 2.794E-04.04480.298 2054.36870.53-.036440          1 2 1          0 0 0 10  9  2       10  7  3      332230837294713152    21.0   21.0
 1110903.311917 5.145E-29 2.781E-04.04470.298 2054.34520.53-.036360          1 2 1          0 0 0 10  9  1       10  7  4      334233837294713152    63.0   63.0
 1110903.389522 1.966E-28 1.455E-04.06390.321 1437.96860.590.000000          2 2 0          0 0 0 11  5  7       10  2  8      1333308287659336 0    23.0   21.0
 1110903.456303 6.634E-27 1.978E-02.07510.298 1724.70540.71-.030730          3 0 0          0 0 0 11  6  6       10  5  5      234233807260713049    23.0   21.0
 1110903.595354 3.666E-24 5.306E-02.08650.419  383.84250.72-.012500          0 0 3          0 0 0  3  3  0        4  3  1      4653438373676630 7     7.0    9.0
 1110903.716340 8.662E-30 6.036E-03.07580.298 3072.72640.66-.013060          3 1 0          0 1 0 11  4  7       10  3  8      332230837294713152    69.0   63.0
 1110903.858819 3.714E-30 1.111E-03.04340.281 2915.87430.41-.022980          1 3 1          0 1 0 12  2 10       11  0 11      332230837294713152    75.0   69.0
 1110903.923224 4.421E-29 8.627E-03.02850.221 2872.27430.26-.040000          1 0 2          0 0 0 15  3 12       15  2 13      234233837294713152    93.0   93.0
 1110904.000546 1.959E-29 4.468E-04.08900.391 2251.86250.73-.013680          0 1 3          0 1 0  6  2  4        5  4  1      534233837294713152    39.0   33.0
 1110904.074748 3.381E-30 9.633E-03.04150.281 3136.41250.37-.025650          1 1 2          0 1 0 11  3  9       11  2 10      332230837294713152    23.0   23.0
 1110904.161169 2.396E-26 7.203E-04.08560.300  661.54890.75-.014640          3 0 0          0 0 0  6  6  0        6  3  3      4643338372607030 8    13.0   13.0
 1110904.376414 1.537E-30 4.514E-04.05760.255 2927.94130.490.000000          1 0 2          0 0 0 13  8  5       13  7  6      1333308287659336 0    81.0   81.0
 1110904.424232 1.566E-28 2.467E-05.06850.315 1080.38540.62-.012050          3 0 0          0 0 0  9  5  5        9  2  8      332230837260713049    19.0   19.0
 1110904.463148 5.674E-28 9.000E-03.09700.412 1875.46970.74-.009210          0 1 3          0 1 0  4  1  4        4  1  3      534233837294713152     9.0    9.0
 1110904.517243 2.942E-30 1.427E-04.07050.362 2181.08990.610.000000          0 6 1          0 1 0  6  1  6        7  1  7      1333308287659336 0    13.0   15.0
 1110904.602229 1.095E-23 5.250E-02.08440.445  382.51690.70-.012750          0 0 3          0 0 0  3  3  1        4  3  2      465340837367663036    21.0   27.0
 1110904.626297 1.238E-25 4.476E-02.06210.315 1477.29740.59-.025590          1 0 2          0 0 0  9  6  3        9  5  4      4642338372947131 8    57.0   57.0
 1110904.645696 2.237E-24 1.322E-02.07810.350  552.91140.68-.031000          0 0 3          0 0 0  6  0  6        6  2  5      466443837362663059    39.0   39.0
 1110904.665274 5.235E-26 2.178E-03.06820.371  757.78020.64-.022752          1 2 1          0 0 0  7  6  1        6  4  2      4642338372947131 8    15.0   13.0
 1110904.867336 2.397E-27 4.323E-05.08360.352  782.40980.71-.005580          1 0 2          0 0 0  6  5  2        7  2  5      434233837294713152    39.0   45.0
 1110905.003664 9.376E-30 5.497E-03.05850.235 3084.83570.54-.022000          0 0 3          0 0 0 14  6  8       14  6  9      262230837360713049    87.0   87.0
 1110905.018112 2.222E-27 1.212E-01.06990.412 2129.61860.63-.018350          0 1 3          0 1 0  4  4  1        4  4  0      434233837294713152     9.0    9.0
 1110905.018263 2.251E-30 7.495E-06.09030.412 1821.59680.72-.003150          0 3 2          0 1 0  5  4  1        4  1  4      332233837294713155    33.0   27.0
 1110905.019539 1.868E-29 2.700E-04.05820.265 2275.37290.58-.030670          0 0 3          0 0 0 11  7  5       12  5  8      364233837360713049    69.0   75.0
 1110905.080322 6.665E-27 1.212E-01.06980.300 2129.59920.62-.017990          0 1 3          0 1 0  4  4  0        4  4  1      434333837294703152    27.0   27.0
 1110905.093668 6.150E-28 2.860E-02.07630.371 2398.38150.66-.014100          0 1 3          0 1 0  6  4  2        6  4  3      534233837294713152    39.0   39.0
 1110905.146255 7.127E-29 1.980E-02.07920.352 2569.50800.69-.012810          0 1 3          0 1 0  7  4  3        7  4  4      334233837294713152    15.0   15.0
 1110905.205093 1.766E-27 4.761E-02.07290.391 2251.86250.63-.018020          0 1 3          0 1 0  5  4  2        5  4  1      534233837294713152    33.0   33.0
 1110905.259200 2.763E-28 1.369E-04.06140.323 1581.33600.620.000000          0 6 0          0 0 0 11  7  4       10  4  7      1333308287659336 0    69.0   63.0
 1110905.302540 1.561E-30 7.043E-05.04640.274 2300.68500.560.000000         -2 4-2          0 0 0 12  8  4       12  5  7      1333308287659336 0    25.0   25.0
 1110905.347988 2.805E-24 2.645E-02.08690.397  704.21410.71-.012300          2 0 1          0 0 0  8  3  5        7  1  6      4353438387676631 7    51.0   45.0
 1110905.371409 6.014E-31 5.278E-04.06110.256 2927.07520.510.000000          1 0 2          0 0 0 13  8  6       13  7  7      1333308287659336 0    27.0   27.0
 1110905.549350 3.406E-26 4.788E-03.08130.300 1282.91910.70-.017580          0 0 3          0 0 0  9  3  7        9  3  6      4643338373607030 7    57.0   57.0
 1110905.610998 2.109E-25 2.910E-03.06690.273  756.72480.61-.020196          1 2 1          0 0 0  7  6  2        6  4  3      4433438315786631 7    45.0   39.0
 1110905.645866 5.987E-28 4.839E-02.07300.391 2251.69530.63-.016420          0 1 3          0 1 0  5  4  1        5  4  2      534233837294713152    11.0   11.0
 1110905.714236 1.267E-30 8.239E-03.04920.281 3323.26980.46-.009380          1 3 1          0 1 0 12  5  8       11  3  9      332230837294713155    25.0   23.0
 1110905.744528 1.699E-29 6.713E-03.06830.315 2690.59370.62-.010790          3 1 0          0 1 0  9  5  5        9  2  8      334233837294713152    19.0   19.0
 1110905.828411 8.262E-30 1.162E-05.06540.281 1813.22340.60-.017230          0 0 3          0 0 0 12  1 11       11  3  8      362230837360713049    75.0   69.0
 1110905.894706 1.272E-29 4.677E-03.04300.256 2748.09960.530.000000         -2 1-2          0 0 0 13  6  7       13  6  8      1333308287659336 0    27.0   27.0
 1110905.958303 1.165E-28 3.313E-06.07450.344  931.23710.67-.022840          0 2 2          0 0 0  8  5  4        7  4  3      434433837294703152    51.0   45.0
 1110905.958484 5.947E-28 8.318E-03.07350.352 2180.64290.61-.023760          1 1 2          0 1 0  7  1  6        7  0  7      434253837294713152    45.0   45.0
 1110905.975561 1.173E-28 1.751E-02.08070.333 2490.35410.68-.009650          2 1 1          0 1 0  9  3  6        8  1  7      434233837294713152    19.0   17.0
 1110906.000753 3.155E-30 8.304E-06.09600.434 1731.89670.74-.005020          2 1 1          0 1 0  4  4  0        3  0  3      432233837294713155    27.0   21.0
 1110906.080132 3.635E-27 8.764E-05.08170.400  920.16840.70-.004170          0 2 2          0 0 0  9  3  6        9  0  9      334333837294703152    57.0   57.0
 1110906.096578 2.107E-30 2.383E-06.05370.285 1525.13600.530.000000          1 5 0          0 0 0 11  1 11       11  2 10      1333308287659336 0    23.0   23.0
 1110906.131875 3.170E-29 5.986E-03.06180.333 2764.69740.57-.024750          1 3 1          0 1 0  9  6  4        8  4  5      334233837294713152    57.0   51.0
 1110906.133825 5.849E-27 2.036E-05.09450.300  142.27850.73-.004340          3 0 0          0 0 0  4  4  0        3  1  3      434333837260703049     9.0    7.0
 1110906.179091 1.286E-29 1.218E-02.04510.281 3135.76480.41-.036960          1 1 2          0 1 0 11  2  9       11  1 10      334233837294713152    69.0   69.0
 1110906.197378 1.570E-28 3.482E-02.08350.315 2818.39810.72-.001400          2 1 1          0 1 0 10  4  6        9  2  7      334233837294713152    63.0   57.0
 1110906.209036 7.857E-31 1.760E-04.06040.268 2613.10460.530.000000          0 0 3          0 0 0 11  9  2       12  7  5      2333308387659336 0    23.0   25.0
 1110906.284545 8.544E-26 1.932E-02.07900.382 1131.77560.71-.021920          1 0 2          0 0 0  8  5  3        8  4  4      4644338372947031 8    17.0   17.0
 1110906.355738 2.412E-26 2.033E-02.06520.300 1690.66440.59-.024510          1 0 2          0 0 0 11  3  8       11  2  9      3643338372947031 8    69.0   69.0
 1110906.397259 7.064E-31 2.853E-03.03680.219 3269.53980.440.000000         -2 0-2          0 0 0 15  8  8       15  5 11      1333308287659336 0    31.0   31.0
 1110906.430162 1.038E-27 4.337E-02.06300.274 2300.68500.560.000000          3 0 0          0 0 0 13  6  8       12  5  7      1333308287659336 0    27.0   25.0
 1110906.438613 1.711E-30 2.488E-04.08310.315 2688.07990.71-.010490          0 1 3          0 1 0  8  3  5        9  1  8      532230837294713152    51.0   57.0
 1110906.513264 2.487E-30 1.854E-04.05680.265 2612.79980.64-.030740          0 0 3          0 0 0 11  9  3       12  7  6      262230837360713049    69.0   75.0
 1110906.515463 7.826E-28 1.456E-04.06110.298 1114.53220.56-.012860          1 0 2          0 0 0  9  3  7       10  0 10      334233837294713152    19.0   21.0
 1110906.556898 3.438E-30 1.229E-03.06700.328 2690.59370.600.000000          0 3 2          0 1 0 10  3  7        9  2  8      3333308387659336 0    21.0   19.0
 1110906.646921 6.860E-26 1.924E-04.08800.432  399.45750.71-.011200          3 0 0          0 0 0  6  4  3        5  1  4      4244438315606630 7    39.0   33.0
 1110906.707619 1.568E-29 5.480E-04.04720.248 2248.06450.480.000000          1 0 2          0 0 0 12  6  6       13  3 11      1333308287659336 0    25.0   27.0
 1110906.717511 3.735E-28 9.591E-05.06240.321 1446.12820.590.000000          1 4 0          0 0 0 11  6  5       10  3  8      1433308284659336 0    69.0   63.0
 1110906.717751 9.051E-27 4.926E-05.09130.300  275.49700.73-.007718          0 2 2          0 0 0  5  4  2        4  1  3      4343338372947031 7    11.0    9.0
 1110906.774502 3.306E-29 2.298E-07.08650.352  586.24350.72-.000570          1 2 1          0 0 0  6  6  0        7  0  7      432230837294713152    39.0   45.0
 1110906.820459 6.728E-29 1.230E-04.04790.315 1810.58790.60-.039580          1 2 1          0 0 0  9  9  1        9  7  2      334233837294713152    57.0   57.0
 1110906.825146 2.240E-29 1.228E-04.04790.315 1810.58330.60-.039570          1 2 1          0 0 0  9  9  0        9  7  3      334233837294713152    19.0   19.0
 1110906.841542 5.768E-30 8.877E-05.09170.452 1817.45120.690.000000          0 6 1          0 1 0  3  0  3        4  0  4      2333308287659336 0     7.0    9.0
 1110907.025272 4.378E-29 1.629E-03.07630.391 2126.40770.66-.018310          2 1 1          0 1 0  6  5  2        5  3  3      434233837294713152    13.0   11.0
 1110907.040413 6.266E-29 8.309E-05.04720.265 1557.84440.46-.022740          1 0 2          0 0 0 11  3  9       12  0 12      334233837294713152    23.0   25.0
 1110907.140618 1.476E-30 1.325E-03.04220.281 2915.89430.40-.013410          1 3 1          0 1 0 12  3 10       11  1 11      432230837294713152    25.0   23.0
 1110907.289497 4.893E-29 6.121E-07.07450.390  446.69660.630.000000          0 7 0          0 0 0  5  3  3        6  0  6      2333308287659336 0    11.0   13.0
 1110907.443649 1.388E-29 6.544E-04.05810.235 2551.48350.59-.032840          1 0 2          0 0 0 13  6  7       14  3 12      3342338372947131 9    81.0   87.0
 1110907.475525 8.939E-27 3.103E-02.07980.300 1998.99530.76-.028260          3 0 0          0 0 0 12  6  7       11  5  6      334333837260703049    75.0   69.0
 1110907.506892 1.013E-30 8.193E-08.07700.315  920.21000.69-.003830          2 2 0          0 0 0  8  6  2        9  1  9      332230837294713152    17.0   19.0
 1110907.552104 7.128E-29 1.505E-02.08100.333 2764.69740.71-.012150          0 1 3          0 1 0  8  4  4        8  4  5      534233837294713152    51.0   51.0
 1110907.615930 1.712E-26 2.095E-03.05130.300 1293.63410.47-.015606          1 2 1          0 0 0 11  4  8       10  2  9      464333837294703156    69.0   63.0
 1110907.665464 2.370E-26 1.564E-04.09540.439  222.05280.73-.011220          1 0 2          0 0 0  3  3  1        4  0  4      4444438327947031 8     7.0    9.0
 1110907.936583 1.116E-27 7.147E-03.05570.265 2124.95140.53-.018120          3 0 0          0 0 0 12  7  6       12  4  9      334233807260713049    75.0   75.0
 1110908.020056 6.857E-28 9.485E-03.07790.391 1922.82900.62-.016390          1 1 2          0 1 0  6  0  6        5  1  5      434233837294713152    13.0   11.0
 1110908.021099 1.288E-26 3.930E-03.06770.300 1216.23130.62-.020160          3 0 0          0 0 0  9  6  4        9  3  7      3643338372607030 8    19.0   19.0
 1110908.084129 1.257E-27 1.116E-02.10110.480 1634.96710.75-.012900          1 1 2          0 1 0  2  2  0        1  1  1      4342238372947131 7     5.0    3.0
 1110908.157464 7.270E-29 3.029E-07.07960.391  446.51070.68-.002640          0 7 0          0 0 0  5  3  2        5  2  3      232233827294713155    33.0   33.0
 1110908.210614 1.135E-28 3.887E-02.04300.256 2748.09960.530.000000         -2 1-2          0 0 0 14  7  7       13  6  8      1333308287659336 0    29.0   27.0
 1110908.218482 2.342E-28 5.302E-03.08720.391 2024.15260.70-.021610          1 1 2          0 1 0  6  1  5        5  2  4      334233837294713152    13.0   11.0
 1110908.243213 1.439E-27 1.241E-02.05490.265 1960.20740.51-.037990          1 0 2          0 0 0 12  3  9       12  2 10      334233837294713152    25.0   25.0
 1110908.259512 3.639E-27 5.595E-04.05170.298 1114.53220.48-.022290          1 2 1          0 0 0 11  2  9       10  0 10      334233837294713152    23.0   21.0
 1110908.281025 3.622E-26 3.887E-02.05740.400 1474.98080.54-.023890          1 0 2          0 0 0  9  6  4        9  5  5      3643338372947031 8    19.0   19.0
 1110908.308632 2.302E-26 1.287E-02.06170.458 1340.88490.55-.026560          1 0 2          0 0 0  9  5  5        9  4  6      3644338372947031 8    19.0   19.0
 1110908.362285 2.639E-28 1.249E-04.06000.281 1327.11760.56-.030190          1 0 2          0 0 0 10  2  8       11  1 11      334233837294713152    21.0   23.0
 1110908.477172 1.952E-28 5.517E-07.08780.391  325.34790.71-.008740          0 7 0          0 0 0  4  3  2        5  0  5      332233807294713155    27.0   33.0
 1110908.501304 7.284E-25 6.684E-03.09450.459  446.69660.70-.017050          2 0 1          0 0 0  7  2  5        6  0  6      4334438387676631 7    15.0   13.0
 1110908.530330 3.868E-29 1.795E-06.07770.333 1006.11590.71-.008240          1 2 1          0 0 0  7  7  1        8  3  6      432230837294713152    45.0   51.0
 1110908.661939 3.152E-26 1.562E-02.07310.300 1581.33600.66-.014530          3 0 0          0 0 0 11  5  6       10  4  7      3643338372607030 8    69.0   63.0
 1110908.669641 5.394E-30 7.609E-04.03970.227 2550.88250.480.000000          0 0 3          0 0 0 13  4  9       14  2 12      1333308287659336 0    27.0   29.0
 1110908.707772 2.285E-26 6.429E-03.06230.300 1446.12820.58-.017110          3 0 0          0 0 0 10  6  5       10  3  8      3643338372607030 8    63.0   63.0
 1110908.817685 4.798E-31 4.688E-06.06840.303 1985.78490.590.000000          0 0 3          0 0 0 12  3 10       11  5  7      3333308387659336 0    25.0   23.0
 1110908.822505 6.175E-31 1.168E-04.07000.355 2490.35410.630.000000          0 6 1          0 1 0  7  1  6        8  1  7      1333308287659336 0    15.0   17.0
 1110908.894828 1.870E-30 3.120E-05.07040.281 2321.90570.65-.013810          0 0 3          0 0 0 12  5  7       11  7  4      362230837360713049    75.0   69.0
 1110908.959305 1.457E-27 7.731E-03.05010.305 1843.02960.580.000000         -2 3-2          0 0 0 11  7  5       11  4  8      1333308287659336 0    23.0   23.0
 1110909.050068 2.291E-24 1.854E-02.08990.420  315.77950.74-.015850          1 0 2          0 0 0  4  3  1        4  2  2      4654438315676631 7     9.0    9.0
 1110909.187712 1.075E-30 2.848E-05.07750.333 2337.66680.68-.003790          1 3 1          0 1 0  8  5  3        8  1  8      332233837294713155    51.0   51.0
 1110909.223062 1.281E-28 2.735E-04.08430.317 1616.45310.630.000000          0 0 3          0 0 0  9  6  3       10  4  6      3343308387789336 0    19.0   21.0
 1110909.223481 1.295E-28 2.765E-04.08430.298 1616.45310.79-.022040          1 0 2          0 0 0  9  7  3       10  4  6      3349238072557118 9    19.0   21.0
 1110909.263804 7.922E-29 6.096E-03.04300.253 2426.19650.510.000000         -2 3-2          0 0 0 13  7  7       13  4 10      1333308287659336 0    27.0   27.0
 1110909.265376 3.365E-30 1.706E-02.01930.195 3567.17380.12-.040000          1 0 2          0 0 0 17  3 14       17  2 15      232230837294713152   105.0  105.0
 1110909.281152 4.904E-26 2.008E-03.07230.175 1006.11590.65-.017490          3 0 0          0 0 0  8  6  3        8  3  6      4243438315607030 8    51.0   51.0
 1110909.331401 2.294E-29 9.633E-08.09240.412  222.05280.73-.003720          2 2 0          0 0 0  5  5  1        4  0  4      432233837294713155    11.0    9.0
 1110909.422768 1.356E-29 5.401E-02.03980.237 3266.51420.430.000000         -2 0-2          0 0 0 15  8  8       14  7  7      1333308287659336 0    31.0   29.0
 1110909.469880 2.986E-24 1.533E-02.09670.481  222.05280.74-.013990          1 0 2          0 0 0  4  1  3        4  0  4      4653238315676631 7     9.0    9.0
 1110909.544696 1.155E-27 4.275E-04.05540.333 1255.91160.56-.021650          0 4 1          0 0 0  9  7  2        8  5  3      344233808494713152    19.0   17.0
 1110909.683553 2.192E-29 1.840E-06.06690.352  927.74390.59-.017620          0 2 2          0 0 0  8  5  3        7  4  4      434233837294713152    17.0   15.0
 1110909.724434 4.511E-30 1.603E-04.08390.371 2146.26370.70-.006300          3 1 0          0 1 0  7  4  4        6  1  5      432230837294713152    15.0   13.0
 1110909.770774 1.370E-28 3.939E-03.06270.265 2433.80040.59-.014630          0 0 3          0 0 0 12  6  6       12  6  7      364233837360713049    75.0   75.0
 1110909.771478 1.483E-28 7.020E-05.03270.281 1327.11760.23-.016620          1 5 0          0 0 0 10  0 10       11  1 11      332230837294713152    21.0   23.0
 1110909.849748 9.717E-30 7.716E-04.07590.333 2337.46330.66-.003660          2 1 1          0 1 0  8  4  5        8  0  8      432230837294713152    17.0   17.0
 1110909.854609 5.555E-30 1.587E-02.02360.208 3211.05580.19-.040000          1 0 2          0 0 0 16  3 13       16  2 14      232230837294713152    33.0   33.0
 1110909.910987 6.366E-28 3.160E-03.05470.315 1810.58330.24-.014642          0 6 0          0 0 0 10  8  2        9  7  3      3342338072657131 9    21.0   19.0
 1110909.912944 1.287E-25 1.187E-03.09200.338  383.84250.71-.024000          2 0 1          0 0 0  5  5  0        4  3  1      435441838762663120    11.0    9.0
 1110909.913830 1.907E-27 3.156E-03.02400.315 1810.58790.24-.005930          0 6 0          0 0 0 10  8  3        9  7  2      2342338072947131 9    63.0   57.0
 1110909.927663 6.957E-29 1.457E-06.08390.352  842.35660.75-.008850          0 4 1          0 0 0  7  7  1        7  3  4      442230838494713152    45.0   45.0
 1110909.936871 1.176E-30 1.790E-02.02050.195 3567.25480.15-.039310          1 0 2          0 0 0 17  4 14       17  3 15      232230837294713152    35.0   35.0
 1110909.975380 2.221E-30 4.728E-02.03680.221 3624.18130.420.000000         -2 3-2          0 0 0 16  7 10       15  7  9      1333308287659336 0    33.0   31.0
 1110910.013380 7.520E-30 8.881E-05.06230.428 1693.64990.740.000000          0 9 0          0 1 0  2  0  2        2  1  1      2333308287659336 0     5.0    5.0
 1110910.017604 1.975E-27 3.576E-05.08000.300  586.47920.68-.000080          0 2 2          0 0 0  7  4  4        7  1  7      434333837294703152    15.0   15.0
 1110910.214561 4.209E-28 5.812E-06.02270.371  756.72480.60-.004721          0 7 0          0 0 0  7  3  4        6  4  3      33420383729471 0 7    45.0   39.0
 1110910.230076 1.934E-29 1.032E-02.07810.315 2998.76630.72-.025000          1 3 1          0 1 0 10  6  4        9  4  5      334233837294713152    63.0   57.0
 1110910.276255 3.482E-27 4.281E-04.05350.300 1255.16680.54-.020180          0 4 1          0 0 0  9  7  3        8  5  4      344333838494703152    57.0   51.0
 1110910.371453 1.112E-28 3.165E-06.07040.349  931.23710.640.000000          0 7 0          0 0 0  8  3  6        7  4  3      2333308287659336 0    51.0   45.0
 1110910.526548 2.770E-29 2.265E-02.04300.256 2927.07520.510.000000         -2 3-2          0 0 0 14  6  8       13  7  7      1333308287659336 0    29.0   27.0
 1110910.624316 3.762E-27 9.726E-03.04830.281 1695.06860.44-.017030          1 0 2          0 0 0 11  4  8       11  3  9      334233837294713152    23.0   23.0
 1110910.657107 9.820E-29 3.848E-03.04040.275 2254.28450.530.000000          1 4 0          0 0 0 11  9  3       10  8  2      1433308284659336 0    23.0   21.0
 1110910.658562 2.947E-28 3.848E-03.04770.281 2254.28380.580.000000          1 4 0          0 0 0 11  9  2       10  8  3      1433308284659336 0    69.0   63.0
 1110910.664900 2.331E-28 1.622E-06.07140.352  586.24350.62-.008800          0 7 0          0 0 0  6  3  4        7  0  7      3322338072947131 9    39.0   45.0
 1110910.715494 5.039E-26 1.140E-02.08010.507 1131.77560.75-.019720          3 0 0          0 0 0  8  7  1        8  4  4      464333837260533010    17.0   17.0
 1110910.755275 2.112E-27 9.646E-03.07840.391 1920.76650.62-.011730          1 1 2          0 1 0  6  1  6        5  0  5      434233837294713152    39.0   33.0
 1110910.761247 2.606E-27 1.887E-04.08190.315  920.21000.70-.011460          2 0 1          0 0 0  9  3  6        9  1  9      334233838794713152    19.0   19.0
 1110910.779071 1.323E-26 4.041E-05.09190.300  382.51690.73-.012480          1 0 2          0 0 0  5  2  3        4  3  2      464343837294703152    33.0   27.0
 1110910.826395 6.711E-25 1.110E-02.08710.453  503.96810.73-.026000          0 0 3          0 0 0  5  1  4        5  3  3      465441837362663020    11.0   11.0
 1110910.918615 5.571E-28 4.452E-03.06360.265 1960.20740.59-.010920          1 2 1          0 0 0 13  4  9       12  2 10      234233837294713152    27.0   25.0
 1110910.937711 9.227E-25 1.189E-01.05060.376 1216.19450.50-.022410          0 0 3          0 0 0  7  6  2        7  6  1      4663338373676630 7    45.0   45.0
 1110910.955827 3.075E-25 1.189E-01.05000.300 1216.18980.50-.016710          0 0 3          0 0 0  7  6  1        7  6  2      4643338373607030 8    15.0   15.0
 1110911.007276 1.410E-28 4.459E-04.05620.265 1962.50690.55-.002110          1 0 2          0 0 0 11  6  5       12  3 10      334233837294713152    69.0   75.0
 1110911.012359 1.530E-24 1.637E-02.08720.382  704.21410.69-.016390          1 0 2          0 0 0  7  2  5        7  1  6      4653238315586631 7    45.0   45.0
 1110911.016756 4.581E-30 1.386E-04.07830.352 2309.73020.64-.001090          0 6 1          0 1 0  6  1  5        7  1  6      3322338372947131 9    39.0   45.0
 1110911.073462 1.961E-28 8.255E-03.07020.352 2181.08990.58-.013760          1 1 2          0 1 0  7  2  6        7  1  7      332230837294713152    15.0   15.0
 1110911.253818 1.294E-29 4.806E-04.08270.352 2181.08990.70-.015840          3 1 0          0 1 0  8  2  6        7  1  7      334233837294713152    17.0   15.0
 1110911.353156 5.933E-25 1.812E-03.08160.377  382.51690.69-.017040          2 0 1          0 0 0  5  5  1        4  3  2      4344438387676631 7    33.0   27.0
 1110911.432408 1.835E-29 1.460E-03.08520.371 2282.58960.75-.013040          3 1 0          0 1 0  6  6  0        6  3  3      334233837294713152    13.0   13.0
 1110911.448718 6.842E-30 3.334E-04.08980.371 2211.19060.72-.012240          0 1 3          0 1 0  7  0  7        6  2  4      532230837294713152    15.0   13.0
 1110911.455112 4.502E-31 3.977E-03.04640.259 3386.05230.510.000000         -2 2-2          0 1 0 12  4  8       12  1 11      1333308287659336 0    25.0   25.0
 1110911.537570 1.299E-30 1.926E-05.03650.281 2054.36870.580.000000          0 7 0          0 0 0 11  4  8       10  7  3      1333308287659336 0    23.0   21.0
 1110911.544194 1.886E-29 4.472E-04.07250.333 2337.66680.63-.016090          0 3 2          0 1 0  9  2  7        8  1  8      334233837294713152    57.0   51.0
 1110911.583104 1.004E-28 3.347E-04.08680.412 1821.59680.68-.002600          1 6 0          0 1 0  5  0  5        4  1  4      334233837294713152    33.0   27.0
 1110911.652212 1.451E-26 7.881E-03.06450.300 1581.33600.61-.029330          3 0 0          0 0 0 10  7  4       10  4  7      364333837260703010    63.0   63.0
 1110911.682184 3.033E-28 3.477E-06.07670.333  744.16270.66-.009770          3 0 0          0 0 0  8  4  5        8  1  8      432230837260713049    51.0   51.0
 1110911.722219 1.160E-27 1.602E-05.08570.371  756.72480.72-.010350          1 0 2          0 0 0  7  3  4        6  4  3      434253837294713152    45.0   39.0
 1110911.893307 1.780E-30 3.672E-04.05510.268 2613.10460.530.000000          1 0 2          0 0 0 12  8  4       12  7  5      1333308287659336 0    25.0   25.0
 1110911.937957 1.206E-30 7.570E-04.03700.213 2872.58050.430.000000          0 0 3          0 0 0 14  5 10       15  3 13      1333308287659336 0    29.0   31.0
 1110912.032074 1.202E-28 2.484E-04.06370.298 1874.97300.61-.028020          0 0 3          0 0 0 11  4  8       10  6  5      364233837360713049    69.0   63.0
 1110912.108425 4.120E-28 9.571E-04.07620.281 1899.00820.70-.020690          2 2 0          0 0 0 11  7  4       11  4  7      234233807294713152    69.0   69.0
 1110912.281705 9.989E-30 2.610E-03.04780.235 2918.24490.48-.022200          3 0 0          0 0 0 14  8  7       14  5 10      232230837260713049    87.0   87.0
 1110912.342532 5.000E-31 6.747E-02.03400.209 4016.13450.350.000000         -2 0-2          0 0 0 17  8 10       16  7  9      1333308287659336 0    35.0   33.0
 1110912.391947 2.314E-26 1.284E-03.07720.300  816.69420.69-.015980          3 0 0          0 0 0  7  6  2        7  3  5      4643338372607030 8    15.0   15.0
 1110912.565879 1.915E-29 1.826E-02.02200.208 3211.21260.16-.038140          1 0 2          0 0 0 16  4 13       16  3 14      334233837294713152    99.0   99.0
 1110912.612983 4.155E-27 8.182E-02.10720.300 1693.64990.77-.008060          0 1 3          0 1 0  1  1  0        2  1  1      434333837294703152     3.0    5.0
 1110912.906315 4.368E-27 1.271E-02.04280.265 1962.50690.39-.023700          1 0 2          0 0 0 12  4  9       12  3 10      334233837294713152    75.0   75.0
 1110912.957292 7.187E-24 1.108E-02.09860.504   79.49640.74-.010900          1 0 2          0 0 0  2  2  1        2  1  2      465440831567663136    15.0   15.0
 1110912.966486 8.353E-30 6.074E-02.03680.222 3629.09610.400.000000         -2 0-2          0 0 0 16  8  9       15  7  8      1333308287659336 0    99.0   93.0
 1110912.982681 4.570E-31 8.258E-08.06890.349 1059.64670.640.000000          1 5 0          0 0 0  7  2  6        7  5  3      2333308287659336 0    15.0   15.0
 1110913.003301 2.336E-30 2.295E-07.07680.333  982.91170.69-.007390          0 4 1          0 0 0  9  6  3        8  2  6      442233838494713155    19.0   17.0
 1110913.016679 3.442E-30 2.153E-06.07460.315 1340.88490.72-.015120          1 2 1          0 0 0  8  8  1        9  4  6      332230837294713152    17.0   19.0
 1110913.172835 8.207E-25 2.471E-02.08100.603  661.54890.72-.017500          1 0 2          0 0 0  6  4  2        6  3  3      4633538315676631 7    13.0   13.0
 1110913.207589 1.774E-25 1.593E-03.09830.460  285.21930.75-.013410          0 0 3          0 0 0  3  1  2        3  3  1      464443837360703049     7.0    7.0
 1110913.261314 4.206E-29 4.758E-03.05000.235 2746.02350.50-.017710          3 0 0          0 0 0 14  7  8       14  4 11      234233807260713049    87.0   87.0
 1110913.542873 3.123E-29 1.834E-02.02970.213 2872.58050.430.000000          1 0 2          0 0 0 15  4 12       15  3 13      1333308287659336 0    31.0   31.0
 1110913.568214 2.757E-28 2.194E-02.08850.371 2282.58960.73-.013560          0 1 3          0 1 0  6  3  4        6  3  3      534233837294713152    13.0   13.0
 1110913.633135 6.940E-30 1.139E-02.08110.315 2983.32310.71-.011870          0 1 3          0 1 0  9  4  5        9  4  6      332230837294713152    19.0   19.0
 1110913.890189 4.102E-30 8.573E-04.03700.221 2872.27430.64-.026410          0 0 3          0 0 0 14  4 10       15  2 13      262230837365713049    87.0   93.0
 1110913.924106 9.096E-24 9.475E-02.09160.439  315.77950.75-.011000          0 0 3          0 0 0  3  2  1        4  2  2      465340837367663036     7.0    9.0
 1110913.945315 2.053E-30 1.708E-04.04880.250 2426.19650.48-.012050          1 0 2          0 0 0 12  7  5       13  4 10      232230807294713152    25.0   27.0
 1110913.977457 1.571E-28 2.838E-06.08670.352  782.40980.70-.007440          0 5 1          0 0 0  6  0  6        7  2  5      4322338372947131 9    39.0   45.0
 1110914.130084 2.425E-28 1.073E-04.05060.265 1557.84770.49-.031570          1 0 2          0 0 0 11  2  9       12  1 12      334233837294713152    69.0   75.0
 1110914.143946 1.552E-27 1.602E-02.09370.391 2053.96870.74-.011430          0 1 3          0 1 0  5  2  4        5  2  3      534233837294713152    33.0   33.0
 1110914.190739 7.170E-29 7.700E-04.04300.248 2246.88480.480.000000         -2 6-2          0 0 0 13  1 12       13  2 11      1333308287659336 0    81.0   81.0
 1110914.196564 9.257E-28 1.462E-04.05430.281 1327.11000.51-.019210          1 0 2          0 0 0 10  3  8       11  0 11      334233837294713152    63.0   69.0
 1110914.228467 1.397E-24 5.219E-03.09200.436  382.51690.74-.021000          0 0 3          0 0 0  4  1  3        4  3  2      466441837362663020    27.0   27.0
 1110914.306665 1.375E-26 1.263E-04.07990.371  446.69660.66-.009354          0 2 2          0 0 0  7  3  5        6  0  6      4642338372947131 7    15.0   13.0
 1110914.370699 4.847E-31 1.838E-06.02850.232 1806.67150.400.000000          2 2 0          0 0 0 13  4 10       13  1 13      1333308287659336 0    27.0   27.0
 1110914.478224 4.311E-31 2.090E-05.08550.413 2146.26370.680.000000          0 1 3          0 1 0  5  3  2        6  1  5      5333308387659336 0    11.0   13.0
 1110914.491143 2.024E-30 5.921E-02.10630.480 3196.09340.76-.005940          0 2 3          0 2 0  1  1  0        1  1  1      432230837294713152     3.0    3.0
 1110914.642803 1.134E-26 5.819E-04.04920.300 1114.54990.46-.024664          1 2 1          0 0 0 11  3  9       10  1 10      3643338372947031 8    69.0   63.0
 1110914.647579 4.459E-28 1.445E-02.03660.250 2248.06450.34-.028310          1 0 2          0 0 0 13  4 10       13  3 11      334233837294713152    27.0   27.0
 1110914.706668 1.891E-29 1.249E-07.08780.452  222.05280.690.000000          0 7 0          0 0 0  3  3  1        4  0  4      2333308287659336 0     7.0    9.0
 1110914.765431 7.074E-27 1.856E-04.07780.300  888.59870.68-.016210          0 0 3          0 0 0  7  3  5        6  5  2      464343837360703049    45.0   39.0
 1110914.878895 3.944E-31 3.814E-03.05960.305 3387.40070.620.000000          0 5 1          0 1 0 11  7  4       10  5  5      1333308287659336 0    23.0   21.0
 1110914.985315 2.178E-27 8.230E-03.07700.281 1998.99530.72-.027170          0 0 3          0 0 0 11  5  7       11  5  6      364233837360713049    69.0   69.0
 1110915.043601 1.501E-26 5.505E-04.08080.300 1006.11590.70-.010930          0 2 2          0 0 0  9  4  5        8  3  6      4643338372947031 7    57.0   51.0
 1110915.055773 1.067E-29 1.242E-04.06670.303 1985.78490.590.000000          0 2 2          0 0 0 10  8  2       11  5  7      3333308387659336 0    21.0   23.0
 1110915.090425 7.262E-29 1.353E-05.04370.278 1114.53220.500.000000          1 5 0          0 0 0  9  1  9       10  0 10      1333308287659336 0    19.0   21.0
 1110915.127821 3.847E-28 4.414E-06.07750.333  744.16270.68-.003790          1 2 1          0 0 0  8  5  3        8  1  8      432233837294713155    51.0   51.0
 1110915.420443 1.366E-28 3.113E-03.05010.297 2142.59770.590.000000         -2 2-2          0 0 0 11  6  5       11  6  6      1333308287659336 0    23.0   23.0
 1110915.460543 2.219E-25 1.603E-02.06530.354 1122.70850.59-.023990          1 0 2          0 0 0  8  5  4        8  4  5      4453438315676631 8    51.0   51.0
 1110915.503700 1.423E-26 7.969E-03.06890.315 1340.88490.66-.021750          3 0 0          0 0 0  9  7  3        9  4  6      364233837260713049    19.0   19.0
 1110915.536671 2.794E-26 1.134E-04.09000.300  399.45750.72-.012310          1 0 2          0 0 0  4  4  1        5  1  4      4643338372947031 8    27.0   33.0
 1110915.597983 2.574E-26 1.346E-03.06770.445 1079.07960.62-.020000          2 0 1          0 0 0  9  5  5        9  1  8      335344838794663120    57.0   57.0
 1110915.602327 1.165E-25 4.825E-02.05990.310 1255.91160.57-.023000          1 0 2          0 0 0  8  6  2        8  5  3      464433837294703159    17.0   17.0
 1110915.709355 2.792E-25 4.725E-03.07900.394  542.90580.68-.018000          0 0 3          0 0 0  6  1  6        6  1  5      465343837358663059    13.0   13.0
 1110915.756316 5.189E-29 3.580E-03.08420.371 2282.58960.73-.015920          2 1 1          0 1 0  7  5  2        6  3  3      434233837294713152    15.0   13.0
 1110915.756648 4.144E-30 2.594E-06.07150.340 1340.88490.640.000000          0 5 1          0 0 0  8  2  7        9  4  6      1333308287659336 0    17.0   19.0
 1110915.797429 4.972E-30 3.184E-07.07040.379  816.69420.670.000000          0 8 0          0 0 0  6  0  6        7  3  5      2333308287659336 0    13.0   15.0
 1110915.828485 1.210E-30 3.651E-05.03790.248 2248.06450.480.000000          2 2 0          0 0 0 14  4 10       13  3 11      1333308287659336 0    29.0   27.0
 1110916.077052 5.620E-30 2.234E-05.04740.250 2042.31060.48-.008900          1 2 1          0 0 0 13  5  9       13  1 12      332233837294713155    81.0   81.0
 1110916.186559 1.892E-26 5.231E-03.08010.300 1216.23130.69-.013460          3 0 0          0 0 0 10  4  6        9  3  7      3643338372607030 8    21.0   19.0
 1110916.198152 3.037E-28 1.335E-02.02970.235 2551.48350.25-.030760          1 0 2          0 0 0 14  4 11       14  3 12      334233837294713152    87.0   87.0
 1110916.208831 2.685E-30 2.889E-05.07890.428 1743.48630.740.000000          0 8 0          0 1 0  3  3  1        2  2  0      1333308287659336 0     7.0    5.0
 1110916.306330 1.795E-27 1.928E-02.04540.250 2246.88480.44-.040000          1 0 2          0 0 0 13  3 10       13  2 11      334233837294713152    81.0   81.0
 1110916.337138 1.869E-29 9.482E-05.08640.428 1640.50580.740.000000          1 6 0          0 1 0  1  0  1        1  1  0      2333308287659336 0     9.0    9.0
 1110916.366502 4.600E-25 4.522E-02.08970.464  982.91170.72-.011820          2 0 1          0 0 0  9  4  5        8  2  6      4345438387676631 7    19.0   17.0
 1110916.418571 5.191E-27 7.711E-05.08620.391  742.07630.73-.011550          0 0 3          0 0 0  6  3  3        5  5  0      464233837360713049    39.0   33.0
 1110916.500150 4.353E-27 8.421E-03.08450.298 1616.45310.75-.017820          0 0 3          0 0 0 10  4  7       10  4  6      364233837360713049    21.0   21.0
 1110916.506665 1.845E-28 1.458E-04.08040.333 1411.64190.72-.012170          0 0 3          0 0 0  9  4  5        8  6  2      364233837360713049    19.0   17.0
 1110916.567777 3.071E-29 1.421E-04.03570.235 2073.51570.36-.033020          1 0 2          0 0 0 13  2 11       14  1 14      334233837294713152    81.0   87.0
 1110916.626716 1.157E-27 9.772E-03.09970.456 1693.64990.74-.005070          1 1 2          0 1 0  3  2  2        2  1  1      434223837294713152     7.0    5.0
 1110916.655826 9.924E-30 2.411E-04.05310.250 2414.72340.52-.005740          2 0 1          0 0 0 13  7  7       13  3 10      334233838794713155    81.0   81.0
 1110916.688815 3.967E-26 3.748E-04.08080.438  648.97870.71-.017310          3 0 0          0 0 0  6  6  1        6  3  4      4243438315606630 8    39.0   39.0
 1110916.708806 2.980E-30 1.505E-02.07780.298 3253.73800.71-.024520          1 3 1          0 1 0 11  6  5       10  4  6      332230807294713152    23.0   21.0
 1110916.726246 2.326E-26 1.239E-04.08380.355  586.24350.70-.018068          1 2 1          0 0 0  8  4  4        7  0  7      4244438315947031 8    51.0   45.0
 1110916.765190 2.294E-29 5.313E-04.07680.352 2309.73020.66-.008678          0 3 2          0 1 0  8  4  5        7  1  6      3342338372947131 7    51.0   45.0
 1110916.808505 8.934E-29 3.484E-06.06430.333  744.06370.58-.018710          0 7 0          0 0 0  7  3  5        8  0  8      4322338372947131 9    15.0   17.0
 1110916.809700 2.560E-27 2.505E-02.06130.300 1985.78490.56-.024640          3 0 0          0 0 0 12  6  6       11  5  7      334333807260703049    25.0   23.0
 1110916.820588 1.318E-28 1.800E-04.04090.250 1806.67000.41-.026020          1 0 2          0 0 0 12  3 10       13  0 13      334233837294713152    75.0   81.0
 1110916.841317 3.308E-25 4.551E-02.05800.273 1255.16680.55-.026440          1 0 2          0 0 0  8  6  3        8  5  4      4644338372947031 8    51.0   51.0
 1110916.867054 7.724E-29 4.495E-04.05770.281 1843.02960.55-.017400          0 0 3          0 0 0 10  6  5       11  4  8      264233807360713049    21.0   23.0
 1110916.942405 1.021E-27 8.822E-03.04640.268 1960.20740.530.000000         -2 2-2          0 0 0 12  5  7       12  2 10      1333308287659336 0    25.0   25.0
 1110917.027061 5.172E-29 1.396E-06.07500.315  920.16840.67-.002370          0 2 2          0 0 0  8  5  4        9  0  9      332230837294713152    51.0   57.0
 1110917.144938 3.017E-30 1.201E-06.04490.259 1327.11760.490.000000          2 2 0          0 0 0 12  2 10       11  1 11      1333308287659336 0    25.0   23.0
 1110917.273760 5.341E-28 1.854E-04.06840.281 1524.84790.67-.009430          0 4 1          0 0 0 12  5  7       11  1 10      342233838494713155    75.0   69.0
 1110917.823480 5.904E-24 1.240E-02.08770.432  212.15640.73-.012290          1 0 2          0 0 0  3  3  0        3  2  1      4654238315676631 7    21.0   21.0
 1110917.857687 1.222E-30 5.240E-02.03400.208 4006.07320.370.000000         -2 0-2          0 0 0 17  8  9       16  7 10      1333308287659336 0   105.0   99.0
 1110918.028613 1.533E-29 2.785E-04.04180.281 2321.90570.43-.038630          1 0 2          0 0 0 11  8  3       11  7  4      334233837294713152    69.0   69.0
 1110918.035541 6.450E-27 4.473E-03.04820.300 1631.38300.48-.025830          2 2 0          0 0 0 10  7  4        9  6  3      234333807294703152    63.0   57.0
 1110918.041014 1.036E-28 8.399E-07.07720.421  315.77950.730.000000          0 7 0          0 0 0  4  3  1        4  2  2      2333308287659336 0     9.0    9.0
 1110918.135507 5.128E-30 2.794E-04.06180.288 2321.81310.570.000000          1 0 2          0 0 0 11  8  4       11  7  5      3333308387659336 0    23.0   23.0
 1110918.282011 6.540E-29 2.293E-04.07210.265 1774.61630.66-.017350          3 0 0          0 0 0 12  4  8       12  1 11      334233837260713049    25.0   25.0
 1110918.306403 7.353E-29 9.674E-03.02950.227 2550.88250.480.000000          1 2 1          0 0 0 14  6  9       14  2 12      1333308287659336 0    29.0   29.0
 1110918.444667 6.691E-30 2.387E-05.07960.456 1742.30560.72-.004510          0 8 0          0 1 0  3  3  0        2  2  1      232230807294713152    21.0   15.0
 1110918.487720 6.873E-30 1.206E-04.05640.273 2105.86790.550.000000          0 2 2          0 0 0 12  6  6       12  3  9      1333308287659336 0    25.0   25.0
 1110918.491134 3.710E-30 4.746E-04.06230.256 2756.41530.510.000000          0 4 1          0 0 0 13  8  6       13  6  7      1433308284659336 0    81.0   81.0
 1110918.494729 7.998E-31 7.074E-03.03480.259 3386.05230.510.000000          1 1 2          0 1 0 12  2 10       12  1 11      3333308387659336 0    25.0   25.0
 1110918.569090 2.844E-24 1.276E-02.09700.432  142.27850.73-.012140          1 0 2          0 0 0  3  2  2        3  1  3      4654438315676631 7     7.0    7.0
 1110918.736749 3.155E-25 1.019E-02.07880.352  931.23710.74-.018580          3 0 0          0 0 0  7  7  0        7  4  3      464233837260713010    45.0   45.0
 1110918.798413 8.050E-25 1.565E-01.02470.288 1045.05830.50-.027000          0 0 3          0 0 0  6  6  1        6  6  0      364343837362663020    13.0   13.0
 1110918.800030 2.416E-24 1.566E-01.06060.137 1045.05800.50-.025000          0 0 3          0 0 0  6  6  0        6  6  1      464343837358703059    39.0   39.0
 1110918.846094 1.952E-27 4.059E-03.04780.315 1631.24550.47-.025520          2 2 0          0 0 0 10  7  3        9  6  4      332230807294713152    21.0   19.0
 1110918.870973 3.490E-30 2.131E-02.07510.281 3535.87040.67-.022750          2 1 1          0 1 0 12  6  6       11  4  7      232230807294713152    75.0   69.0
 1110918.941233 1.343E-30 4.419E-04.04600.231 2739.42850.490.000000          2 0 1          0 0 0 14  7  8       14  3 11      1333308287659336 0    29.0   29.0
 1110918.956127 3.396E-30 1.648E-04.08840.371 2146.26360.70-.005570          0 6 1          0 1 0  5  1  4        6  1  5      2322338072947131 9    11.0   13.0
 1110918.971215 1.150E-30 3.636E-03.06320.317 3383.26540.630.000000          0 5 1          0 1 0 11  7  5       10  5  6      1333308287659336 0    69.0   63.0
 1110919.020257 2.466E-27 8.604E-06.09400.434  142.27850.73-.009522          0 2 2          0 0 0  4  4  0        3  1  3      4342338372947131 9     9.0    7.0
 1110919.123725 3.786E-23 1.072E-01.09050.391  325.34790.72-.021000          0 0 3          0 0 0  4  0  4        5  0  5      465223837367713059    27.0   33.0
 1110919.270158 1.241E-23 1.061E-01.09040.540  326.62550.71-.016000          0 0 3          0 0 0  4  1  4        5  1  5      465343837367663059     9.0   11.0
 1110919.307324 3.151E-25 3.202E-03.10720.350  136.16390.77-.024450          0 0 3          0 0 0  1  0  1        2  2  0      4643338373607030 8     3.0    5.0
 1110919.314349 1.152E-30 1.409E-06.05260.265 1557.84440.53-.002540          1 2 1          0 0 0 12  4  9       12  0 12      332230837294713152    25.0   25.0
 1110919.525210 7.376E-24 8.129E-03.05050.456   79.49640.75-.027000          1 0 2          0 0 0  3  0  3        2  1  2      454243831562713120    21.0   15.0
 1110919.528822 1.175E-23 1.383E-02.09760.480   23.79440.76-.007290          1 0 2          0 0 0  2  1  2        1  0  1      4652438315587131 7    15.0    9.0
 1110919.568287 4.953E-29 2.052E-04.07690.281 1998.99530.76-.025950          0 0 3          0 0 0 10  7  3       11  5  6      364233837360713049    63.0   69.0
 1110919.626812 1.297E-27 9.304E-03.06890.371 2042.75330.56-.019930          1 1 2          0 1 0  7  0  7        6  1  6      434223837294713152    45.0   39.0
 1110919.668569 1.992E-27 4.040E-04.07870.300 1131.77560.71-.021430          0 2 2          0 0 0  9  5  5        8  4  4      434333837294703152    19.0   17.0
 1110919.807171 6.713E-30 7.386E-04.07210.333 2630.19260.66-.015140          3 1 0          0 1 0  8  6  3        8  3  6      332230837294713152    51.0   51.0
 1110919.904877 9.043E-29 7.194E-03.06310.333 2337.46330.54-.025820          1 1 2          0 1 0  8  1  7        8  0  8      334243837294713152    17.0   17.0
 1110919.905273 1.249E-25 9.031E-03.08010.300 1122.70850.70-.022390          3 0 0          0 0 0  8  7  2        8  4  5      4643338372677030 8    51.0   51.0
 1110919.916034 7.061E-29 3.884E-02.05760.235 3084.83570.57-.013370          3 0 0          0 0 0 15  7  8       14  6  9      234233837260713049    93.0   87.0
 1110919.945838 1.343E-29 2.257E-03.04300.255 2586.52970.520.000000         -2 4-2          0 0 0 13  8  6       13  5  9      1333308287659336 0    27.0   27.0
 1110920.057316 4.299E-28 2.180E-04.07180.315 1340.88490.67-.027020          0 0 3          0 0 0 10  2  9        9  4  6      364233837360713049    21.0   19.0
 1110920.080809 9.048E-28 1.425E-04.08120.315 1282.91910.70-.012200          0 0 3          0 0 0  8  5  3        9  3  6      464233837360713049    51.0   57.0
 1110920.211313 2.308E-29 3.065E-06.04360.281 1327.11000.42-.016200          2 2 0          0 0 0 12  3 10       11  0 11      332230837294713152    75.0   69.0
 1110920.287220 2.111E-30 3.467E-03.03680.216 3083.86520.440.000000         -2 3-2          0 0 0 15  7  9       15  4 12      1333308287659336 0    31.0   31.0
 1110920.290705 2.659E-30 3.946E-04.07630.352 2439.95450.69-.014360          3 1 0          0 1 0  7  6  2        7  3  5      332230837294713152    15.0   15.0
 1110920.309512 3.693E-28 2.518E-03.04980.298 1875.46180.49-.032240          1 0 2          0 0 0 10  7  3       10  6  4      334233837294713152    21.0   21.0
 1110920.518924 1.033E-27 1.001E-03.06910.298 1718.71880.66-.029710          0 0 3          0 0 0 11  3  9       10  5  6      364233837360713049    69.0   63.0
 1110920.721024 6.005E-30 2.009E-04.09330.444 1907.45140.710.000000          1 6 0          0 1 0  2  2  0        3  3  1      2333308287659336 0     5.0    7.0
 1110920.734963 1.775E-29 1.981E-04.08570.434 1907.61570.70-.007280          1 6 0          0 1 0  2  2  1        3  3  0      332230837294713152    15.0   21.0
 1110920.868333 1.160E-28 3.291E-04.05890.281 1695.06860.57-.006870          1 0 2          0 0 0 10  6  4       11  3  9      334233837294713152    21.0   23.0
 1110920.898350 1.024E-25 1.107E-03.08480.328  416.20870.71-.011250          0 2 2          0 0 0  5  5  1        5  2  4      4243438315946631 8    11.0   11.0
 1110920.926244 6.324E-25 2.044E-02.07250.301  931.23710.68-.015690          1 0 2          0 0 0  7  5  2        7  4  3      4653438315676631 7    45.0   45.0
 1110921.029222 4.165E-28 8.923E-03.06870.371 2041.78050.56-.018510          1 1 2          0 1 0  7  1  7        6  0  6      334233837294713152    15.0   13.0
 1110921.070038 3.469E-30 5.149E-05.02850.221 2327.91400.460.000000          2 2 0          0 0 0 14  5 10       14  2 13      1333308287659336 0    87.0   87.0
 1110921.123710 1.261E-27 2.859E-03.06640.298 1874.97300.48-.031390          1 0 2          0 0 0 10  7  4       10  6  5      334233837265713152    63.0   63.0
 1110921.131128 1.373E-29 1.907E-04.03560.235 2073.51500.36-.029010          1 0 2          0 0 0 13  3 11       14  0 14      334233837294713152    27.0   29.0
 1110921.162509 2.329E-25 3.463E-03.05220.237  742.07630.46-.022008          0 2 2          0 0 0  6  6  1        5  5  0      4654338372587031 7    39.0   33.0
 1110921.166038 7.774E-26 3.467E-03.04450.300  742.07300.46-.026788          0 2 2          0 0 0  6  6  0        5  5  1      4643338372947031 8    13.0   11.0
 1110921.289828 1.244E-27 1.550E-04.08490.333  982.91170.71-.007510          0 0 3          0 0 0  7  4  3        8  2  6      464233837360713049    15.0   17.0
 1110921.386018 4.093E-29 1.678E-04.04280.250 1806.67150.43-.033370          1 0 2          0 0 0 12  2 10       13  1 13      334233837294713152    25.0   27.0
 1110921.440211 2.729E-28 7.374E-06.04690.302  920.16840.560.000000          0 7 0          0 0 0  8  3  6        9  0  9      1333308287659336 0    51.0   57.0
 1110921.514449 9.806E-28 9.545E-04.07250.315 1474.98080.68-.028650          0 0 3          0 0 0 10  3  8        9  5  5      364233837360713049    21.0   19.0
 1110921.756821 1.363E-30 1.124E-03.06710.315 2841.43080.62-.014630          3 1 0          0 1 0  9  6  4        9  3  7      332230837294713152    19.0   19.0
 1110921.767758 5.478E-31 5.903E-04.05740.236 2983.39640.480.000000          3 0 0          0 0 0 14  8  6       14  5  9      1333308287659336 0    29.0   29.0
 1110921.837116 3.857E-25 1.583E-02.07090.371 1006.11590.58-.009280          1 0 2          0 0 0  8  4  5        8  3  6      4654338372587031 7    51.0   51.0
 1110921.882742 2.986E-30 4.442E-03.07880.315 2983.32310.69-.034340          1 1 2          0 1 0 10  3  7        9  4  6      332230837294713152    21.0   19.0
 1110921.945791 1.027E-30 4.188E-07.02300.265 1557.84770.13-.013360          0 7 0          0 0 0 12  2 11       12  1 12      3322338372947131 9    75.0   75.0
 1110922.107503 1.204E-30 4.546E-07.05370.285 1524.84790.530.000000          1 5 0          0 0 0 11  0 11       11  1 10      1333308287659336 0    69.0   69.0
 1110922.176408 2.751E-23 8.875E-02.09210.412  300.36230.71-.014970          0 0 3          0 0 0  3  2  2        4  2  3      4652438373677130 7    21.0   27.0
 1110922.274729 3.566E-25 2.412E-02.07700.381  882.89030.65-.020120          1 0 2          0 0 0  8  2  6        8  1  7      4444438315947031 8    17.0   17.0
 1110922.308361 8.023E-26 7.649E-03.07610.300  927.74390.72-.017580          3 0 0          0 0 0  7  7  1        7  4  4      464333837260703010    15.0   15.0
 1110922.335464 5.423E-28 1.228E-02.06810.250 2414.72340.62-.020000          1 2 1          0 0 0 14  5  9       13  3 10      234233837294713155    87.0   81.0
 1110922.378477 5.902E-30 1.487E-04.08030.371 2271.71220.71-.012970          3 1 0          0 1 0  6  6  1        6  3  4      332230837294713152    39.0   39.0
 1110922.471669 9.615E-30 1.662E-06.07060.352 1050.15770.650.000000          1 5 0          0 0 0  7  2  6        8  3  5      2333308287659336 0    15.0   17.0
 1110922.506653 2.334E-24 2.525E-02.08320.409  416.20870.68-.008750          1 0 2          0 0 0  5  3  3        5  2  4      4634238315676631 7    11.0   11.0
 1110922.529546 2.390E-27 6.963E-05.07420.352  709.60820.65-.008562          2 2 0          0 0 0  8  5  3        7  2  6      4342338372947131 8    17.0   15.0
 1110922.530002 1.404E-29 1.839E-03.08390.352 2439.95450.71-.027410          1 1 2          0 1 0  8  2  6        7  3  5      334233837294713152    17.0   15.0
 1110922.580098 3.317E-30 4.012E-03.06500.315 2920.13210.630.000000          0 3 2          0 1 0  9  6  4        8  5  3      1333308287659336 0    19.0   17.0
 1110922.595738 6.016E-27 2.072E-04.07590.333  744.06370.66-.003660          2 0 1          0 0 0  8  4  5        8  0  8      434233838794713152    17.0   17.0
 1110922.601328 8.236E-29 1.084E-02.03640.235 2550.88250.35-.040000          1 0 2          0 0 0 14  3 11       14  2 12      234233837294713152    29.0   29.0
 1110922.608110 1.467E-29 2.445E-03.05270.315 2512.37570.46-.023510          1 1 2          0 1 0  9  2  8        9  1  9      334233837294713152    19.0   19.0
 1110922.680201 2.815E-25 1.564E-02.07160.350  816.69420.61-.013140          1 0 2          0 0 0  7  4  4        7  3  5      4644338372947031 7    15.0   15.0
 1110922.724394 6.824E-24 1.713E-02.08440.473  300.36230.69-.011600          1 0 2          0 0 0  4  3  2        4  2  3      466320831567663136    27.0   27.0
 1110922.730660 1.134E-30 2.005E-06.05760.317 1616.45310.630.000000          0 7 0          0 0 0 11  3  9       10  4  6      1333308287659336 0    23.0   21.0
 1110922.747663 5.767E-27 7.752E-04.06260.298 1293.63410.58-.011460          3 0 0          0 0 0 10  5  6       10  2  9      434233837260713049    63.0   63.0
 1110922.844305 2.475E-28 3.064E-03.08160.352 2180.64290.68-.018040          2 1 1          0 1 0  8  2  6        7  0  7      434233837294713152    51.0   45.0
 1110922.884615 4.931E-26 1.509E-02.06090.315 1216.23130.53-.017260          1 0 2          0 0 0  9  4  6        9  3  7      3642338372947131 8    19.0   19.0
 1110922.929890 1.314E-23 1.127E-01.09460.463  275.49700.75-.015550          0 0 3          0 0 0  3  1  2        4  1  3      465340837367663036     7.0    9.0
 1110923.103571 1.015E-29 4.083E-03.05690.333 2919.63300.54-.023780          0 3 2          0 1 0  9  6  3        8  5  4      334233837294713152    57.0   51.0
 1110923.114625 2.864E-28 7.607E-03.06170.333 2337.66680.53-.019860          1 1 2          0 1 0  8  2  7        8  1  8      334233837294713152    51.0   51.0
 1110923.179572 6.311E-29 7.868E-06.08220.333  982.91170.72-.003300          2 2 0          0 0 0  7  7  1        8  2  6      432230837294713152    15.0   17.0
 1110923.185734 1.167E-29 1.899E-04.04160.298 2054.36870.45-.040000          1 0 2          0 0 0 10  8  2       10  7  3      334233837294713152    21.0   21.0
 1110923.187780 4.438E-30 2.292E-04.03030.221 2358.30160.31-.033580          1 0 2          0 0 0 14  2 12       15  1 15      232230807294713152    29.0   31.0
 1110923.190167 6.194E-27 1.063E-01.10710.456 1664.96460.76-.009970          0 1 3          0 1 0  1  0  1        2  0  2      534223837294713152     3.0    5.0
 1110923.212560 3.537E-29 1.919E-04.06240.298 2054.34520.44-.040000          1 0 2          0 0 0 10  8  3       10  7  4      334233837265713152    63.0   63.0
 1110923.416799 1.936E-24 1.186E-02.09410.384  206.30140.71-.014490          1 0 2          0 0 0  3  3  1        3  2  2      4564438315676631 7     7.0    7.0
 1110923.421750 1.818E-30 3.817E-05.07090.281 2142.59770.66-.004330          1 0 2          0 0 0 12  5  7       11  6  6      332230837294713152    25.0   23.0
 1110923.454181 9.056E-31 5.329E-04.02850.213 2872.58050.430.000000          2 2 0          0 0 0 15  6 10       15  3 13      1333308287659336 0    31.0   31.0
 1110923.513506 1.318E-26 7.997E-02.10320.456 1677.06140.75-.013230          0 1 3          0 1 0  1  1  1        2  1  2      4642338372947131 7     9.0   15.0
 1110923.563143 3.234E-24 1.829E-02.08140.342  508.81210.71-.015870          1 0 2          0 0 0  5  4  1        5  3  2      4643438315676631 8    33.0   33.0
 1110923.571994 6.118E-27 6.933E-06.09600.434  136.76170.74-.010230          2 0 1          0 0 0  4  4  0        3  0  3      434233838794713110    27.0   21.0
 1110923.628182 3.030E-26 1.714E-04.07870.382  508.81210.660.000000          1 5 0          0 0 0  5  0  5        5  3  2      2333308287659336 0    33.0   33.0
 1110923.815092 5.754E-25 9.024E-03.09000.475  782.40980.69-.016370          0 0 3          0 0 0  7  2  6        7  2  5      4653438373586630 7    45.0   45.0
 1110923.883974 2.545E-27 3.817E-02.08740.391 2130.49430.72-.013060          0 1 3          0 1 0  5  3  3        5  3  2      534233837294713152    33.0   33.0
 1110923.940109 5.501E-24 1.276E-02.08700.471  325.34790.71-.015350          1 0 2          0 0 0  5  1  4        5  0  5      464440831567663136    33.0   33.0
 1110924.105600 1.767E-29 8.399E-05.10210.434 1731.89670.75-.010770          0 6 1          0 1 0  2  0  2        3  0  3      3322338372947131 9    15.0   21.0
 1110924.123929 1.017E-29 3.438E-03.06360.298 2904.42840.60-.010900          3 1 0          0 1 0 10  5  6       10  2  9      334233837294713152    63.0   63.0
 1110924.124433 1.159E-25 3.307E-03.07200.324  931.23710.67-.015956          1 2 1          0 0 0  8  6  2        7  4  3      4643338372945331 7    51.0   45.0
 1110924.139431 4.673E-30 1.888E-05.09330.444 1819.33510.710.000000          1 6 0          0 1 0  4  1  4        3  2  1      2333308287659336 0    27.0   21.0
 1110924.304205 1.353E-28 6.606E-03.08470.352 2462.87530.73-.015720          2 1 1          0 1 0  8  5  3        7  3  4      434233837294713152    51.0   45.0
 1110924.307096 1.909E-27 9.363E-05.08100.352  816.69420.69-.019380          0 0 3          0 0 0  8  1  8        7  3  5      464233837360713049    17.0   15.0
 1110924.381456 1.647E-29 1.613E-04.07670.371 2042.75330.61-.017120          0 6 1          0 1 0  5  1  5        6  1  6      3322338372947131 9    33.0   39.0
 1110924.464001 1.447E-29 2.491E-04.03130.221 2358.30140.33-.032970          1 0 2          0 0 0 14  3 12       15  0 15      334233837294713152    87.0   93.0
 1110924.485678 5.361E-30 8.591E-03.07890.298 3224.54660.69-.011510          0 1 3          0 1 0 10  4  6       10  4  7      332230837294713152    63.0   63.0
 1110924.574400 1.614E-25 1.539E-02.06630.298  927.74390.60-.018000          1 0 2          0 0 0  7  5  3        7  4  4      435441831562663120    15.0   15.0
 1110924.642539 4.867E-28 1.023E-06.08940.434  212.15640.72-.004550          0 7 0          0 0 0  3  3  0        3  2  1      3322338372947131 9    21.0   21.0
 1110924.729078 3.247E-28 4.770E-06.08210.371  542.90580.69-.010030          1 2 1          0 0 0  7  5  2        6  1  5      432233837294713155    15.0   13.0
 1110924.839234 3.945E-30 7.643E-06.05400.317 1616.45310.630.000000         -2 5-2          0 0 0 10  1  9       10  4  6      1333308287659336 0    21.0   21.0
 1110924.979795 1.584E-24 1.499E-02.08410.379  648.97870.63-.006000          1 0 2          0 0 0  6  4  3        6  3  4      457341831562663120    39.0   39.0
 1110925.030419 6.905E-25 3.306E-03.08360.255  508.81210.71-.018000          2 0 1          0 0 0  6  5  1        5  3  2      434443838778663120    39.0   33.0
 1110925.042089 8.442E-25 5.101E-02.05830.237 1059.83550.56-.022310          1 0 2          0 0 0  7  6  1        7  5  2      4644338372947031 7    45.0   45.0
 1110925.051072 1.134E-29 1.494E-02.06250.235 3264.33740.59-.005390          1 0 2          0 0 0 15  6  9       14  7  8      232230837294713152    93.0   87.0
 1110925.115466 2.693E-30 1.934E-02.10370.456 3237.91730.76-.006520          0 2 3          0 2 0  2  1  1        2  1  2      432230837294713152    15.0   15.0
 1110925.187505 3.066E-30 5.131E-05.03390.279 2321.90570.550.000000          0 7 0          0 0 0 12  4  9       11  7  4      1333308287659336 0    75.0   69.0
 1110925.221215 6.497E-25 3.098E-03.09100.454  206.30140.74-.018000          1 0 2          0 0 0  4  1  3        3  2  2      466441831562663120     9.0    7.0
 1110925.315360 4.897E-28 6.257E-03.07760.371 2161.28600.64-.029000          1 1 2          0 1 0  7  1  6        6  2  5      434233837294713152    45.0   39.0
 1110925.358981 2.761E-25 5.001E-02.07550.348 1059.64670.55-.023490          1 0 2          0 0 0  7  6  2        7  5  3      4644338372656631 7    15.0   15.0
 1110925.418083 1.278E-30 6.879E-04.04180.221 3080.17870.43-.000210          2 0 1          0 0 0 15  7  9       15  3 12      232230838794713152    93.0   93.0
 1110925.478480 1.499E-30 3.154E-04.02700.208 2660.94580.28-.034750          1 0 2          0 0 0 15  3 13       16  0 16      332230837294713152    31.0   33.0
 1110925.619694 3.363E-31 1.737E-05.03670.204 2358.30170.400.000000         -2 4-2          0 0 0 14  5 10       15  1 15      1333308287659336 0    29.0   31.0
 1110925.671783 3.069E-27 2.356E-03.04900.400 1631.38300.49-.033970          1 0 2          0 0 0  9  7  2        9  6  3      334333837294703152    57.0   57.0
 1110925.782591 1.776E-24 1.054E-02.08450.396  552.91140.65-.012920          1 0 2          0 0 0  6  3  4        6  2  5      4664538315676631 7    39.0   39.0
 1110925.843890 4.355E-30 3.055E-04.02720.208 2660.94600.28-.036190          1 0 2          0 0 0 15  2 13       16  1 16      332230837294713152    93.0   99.0
 1110925.870478 4.987E-26 4.591E-04.08070.400  446.69660.66-.008430          3 0 0          0 0 0  7  3  5        6  0  6      464343837260703049    15.0   13.0
 1110925.944929 7.227E-24 1.257E-02.09120.464  224.83840.71-.008000          1 0 2          0 0 0  4  2  3        4  1  4      464340831567663136    27.0   27.0
 1110925.953481 1.689E-27 6.382E-04.07490.281 1524.84790.68-.015740          0 2 2          0 0 0 11  4  7       11  1 10      3342338372947131 9    69.0   69.0
 1110925.987793 1.639E-26 4.224E-03.05400.298 1446.12820.49-.013226          1 2 1          0 0 0 11  5  7       10  3  8      3642338372947131 8    69.0   63.0
 1110925.996697 2.723E-27 2.682E-04.07850.333  982.91170.67-.012790          0 0 3          0 0 0  9  0  9        8  2  6      464233837360713049    19.0   17.0
 1110926.223030 3.826E-29 5.873E-05.06950.281 1813.22340.64-.010330          0 2 2          0 0 0 11  6  5       11  3  8      334233837294713155    69.0   69.0
 1110926.226072 2.245E-30 6.810E-08.06480.354  888.59870.620.000000          1 5 0          0 0 0  6  2  5        6  5  2      2333308287659336 0    39.0   39.0
 1110926.247871 1.980E-27 3.165E-04.07460.352 1059.64670.66-.020190          0 0 3          0 0 0  8  3  6        7  5  3      464233837360713049    17.0   15.0
 1110926.304768 4.200E-29 6.624E-06.08130.315 1282.91910.69-.013940          0 5 1          0 0 0  8  1  7        9  3  6      3322338372947131 9    51.0   57.0
 1110926.381004 5.400E-26 1.524E-02.03660.361 1446.12820.49-.030000          1 0 2          0 0 0 10  4  7       10  3  8      324343831562663120    63.0   63.0
 1110926.444035 1.925E-29 6.435E-05.09100.412 1821.59680.72-.005800          3 1 0          0 1 0  5  4  1        4  1  4      334233837294713152    33.0   27.0
 1110926.480246 1.509E-28 3.298E-03.07330.371 2271.71220.64-.017160          2 1 1          0 1 0  7  5  3        6  3  4      434233837294713152    45.0   39.0
 1110926.493675 6.378E-30 5.619E-04.05510.271 2437.50190.550.000000          0 4 1          0 0 0 12  8  5       12  6  6      1433308284659336 0    25.0   25.0
 1110926.707405 1.333E-28 5.911E-03.04800.271 2522.26520.510.000000          1 4 0          0 0 0 12  9  4       11  8  3      1433308284659336 0    75.0   69.0
 1110926.716882 4.444E-29 5.910E-03.05420.279 2522.26130.550.000000          1 4 0          0 0 0 12  9  3       11  8  4      1433308284659336 0    25.0   23.0
 1110926.748873 7.689E-29 1.023E-04.06590.265 1557.84440.64-.012380          3 0 0          0 0 0 11  5  7       12  0 12      334233837260713049    23.0   25.0
 1110926.800778 1.886E-30 1.446E-03.06180.298 3072.72640.58-.016320          3 1 0          0 1 0 10  6  5       10  3  8      332230837294713152    63.0   63.0
 1110926.858859 5.187E-29 3.220E-04.09660.434 1907.61570.74-.013930          0 1 3          0 1 0  4  1  3        3  3  0      734233837294713152    27.0   21.0
 1110926.922705 3.260E-30 4.854E-03.05810.315 2983.32310.54-.023370          1 3 1          0 1 0 10  6  5        9  4  6      332230837294713152    21.0   19.0
 1110926.941431 3.687E-31 3.460E-04.01950.189 2981.35950.190.000000          1 0 2          0 0 0 16  2 14       17  1 17      1333308287659336 0    33.0   35.0
 1110927.174667 2.658E-30 1.655E-07.07310.298 1114.54990.68-.004010          2 2 0          0 0 0  9  6  3       10  1 10      332230837294713152    57.0   63.0
 1110927.207624 2.971E-30 6.894E-05.07800.352 2309.73020.66-.005690          3 1 0          0 1 0  8  4  5        7  1  6      332230837294713152    51.0   45.0
 1110927.235935 2.678E-30 9.886E-04.06100.256 2748.09960.530.000000          0 4 1          0 0 0 13  8  5       13  6  8      1433308284659336 0    27.0   27.0
 1110927.256553 8.521E-27 1.252E-04.08370.371  542.90580.70-.006350          3 0 0          0 0 0  7  4  4        6  1  5      434233837260713049    15.0   13.0
 1110927.259472 2.154E-28 9.557E-05.06410.265 1557.84770.63-.005750          2 0 1          0 0 0 11  5  7       12  1 12      334233838794713152    69.0   75.0
 1110927.333040 7.462E-25 4.428E-03.08030.390  552.91140.69-.011952          0 2 2          0 0 0  6  5  2        6  2  5      4644338372947031 8    39.0   39.0
 1110927.415790 5.093E-26 5.514E-04.09000.391  416.20870.71-.019840          0 0 3          0 0 0  5  0  5        5  2  4      4642438373607130 7    11.0   11.0
 1110927.466329 6.419E-29 1.178E-04.04110.300 1810.58790.46-.040000          1 0 2          0 0 0  9  8  1        9  7  2      334333837294703152    57.0   57.0
 1110927.471530 2.146E-29 1.181E-04.04100.300 1810.58330.46-.040000          1 0 2          0 0 0  9  8  2        9  7  3      334333837294703152    19.0   19.0
 1110927.519873 2.013E-28 4.872E-06.07560.315  920.16840.68-.000510          2 2 0          0 0 0  9  5  4        9  0  9      332230837294713152    57.0   57.0
 1110927.586084 1.692E-24 8.703E-03.07420.400  552.91140.65-.013000          2 0 1          0 0 0  7  4  4        6  2  5      437441838762663120    45.0   39.0
 1110927.598760 3.815E-26 3.212E-03.06420.352  927.74390.59-.018728          1 2 1          0 0 0  8  6  3        7  4  4      4642338372947131 8    17.0   15.0
 1110927.804010 1.883E-30 2.012E-03.08550.315 3141.04600.76-.020970          0 1 3          0 1 0 10  3  7        9  5  4      332230837294713152    63.0   57.0
 1110927.918222 4.279E-26 1.205E-04.08710.416  399.45750.71-.008000          0 2 2          0 0 0  6  4  3        5  1  4      424343831594663120    39.0   33.0
 1110928.116806 2.549E-27 8.202E-03.09680.434 1772.41340.73-.004630          1 1 2          0 1 0  4  2  3        3  1  2      434233837294713152    27.0   21.0
 1110928.233561 7.149E-27 1.146E-04.08140.300  586.47920.68-.010840          0 2 2          0 0 0  8  2  6        7  1  7      434333837294703152    17.0   15.0
 1110928.319134 1.684E-28 1.049E-05.04370.278 1114.54990.500.000000          1 5 0          0 0 0  9  0  9       10  1 10      1333308287659336 0    57.0   63.0
 1110928.354209 8.663E-25 1.437E-02.07620.381  503.96810.65-.013670          1 0 2          0 0 0  5  4  2        5  3  3      4554538315676631 7    11.0   11.0
 1110928.356276 5.290E-29 7.118E-06.05300.308 1293.63410.550.000000          0 6 0          0 0 0 10  7  4       10  2  9      2333308287659336 0    63.0   63.0
 1110928.622651 1.442E-27 1.276E-03.05700.300 1411.64190.65-.034920          2 0 1          0 0 0  8  8  1        8  6  2      334333838794703152    17.0   17.0
 1110928.658519 4.366E-27 1.288E-03.05690.300 1411.61150.65-.034920          2 0 1          0 0 0  8  8  0        8  6  3      434333838794703152    51.0   51.0
 1110928.773125 6.265E-29 4.554E-03.07260.352 2318.53990.62-.000720          2 1 1          0 1 0  8  4  5        7  2  6      434233837294713152    17.0   15.0
 1110928.819392 3.400E-27 1.407E-02.10090.300 1772.41340.75-.009330          0 1 3          0 1 0  3  1  3        3  1  2      734333837294703152    21.0   21.0
 1110928.831156 1.516E-28 2.025E-03.05650.265 2275.37290.56-.026430          3 0 0          0 0 0 12  8  5       12  5  8      334233837260713049    75.0   75.0
 1110928.831698 1.613E-30 2.148E-06.03170.246 1557.84440.480.000000          0 6 0          0 0 0 11  7  5       12  0 12      1333308287659336 0    23.0   25.0
 1110928.846769 9.119E-27 1.696E-03.07810.300 1360.23530.72-.025000          1 2 1          0 0 0 10  6  4        9  4  5      334333837294703152    63.0   57.0
 1110929.009627 5.229E-28 6.481E-03.05960.352 2180.64290.49-.022980          1 1 2          0 1 0  8  1  8        7  0  7      434223837294713152    51.0   45.0
 1110929.050459 9.556E-30 9.518E-05.09270.412 2004.81570.72-.015550          0 6 1          0 1 0  4  1  3        4  3  2      3322338372947131 9    27.0   27.0
 1110929.136651 2.279E-29 8.213E-03.08370.333 2670.78970.72-.014210          2 1 1          0 1 0  9  5  4        8  3  5      334233837294713152    19.0   17.0
 1110929.231304 2.472E-27 8.123E-04.05840.315 1477.29740.58-.025100          0 4 1          0 0 0 10  7  3        9  5  4      444233838494713152    63.0   57.0
 1110929.294112 3.561E-28 5.298E-03.03650.281 2054.36870.580.000000          0 7 0          0 0 0 11  8  4       10  7  3      1333308287659336 0    23.0   21.0
 1110929.301710 1.073E-27 5.320E-03.04840.292 2054.34520.610.000000          0 7 0          0 0 0 11  8  3       10  7  4      1333308287659336 0    69.0   63.0
 1110929.413507 2.058E-29 1.277E-02.03470.371 2733.96290.38-.029870          0 3 2          0 1 0  7  7  1        6  6  0      334233837294713152    15.0   13.0
 1110929.413774 6.173E-29 1.277E-02.03470.371 2733.96270.38-.029850          0 3 2          0 1 0  7  7  0        6  6  1      334233837294713152    45.0   39.0
 1110929.421129 5.154E-25 2.485E-02.07410.341  757.78020.64-.023650          1 0 2          0 0 0  6  5  1        6  4  2      4644438315676631 7    13.0   13.0
 1110929.456414 2.133E-27 6.408E-02.08620.412 2005.91700.71-.013110          0 1 3          0 1 0  4  3  2        4  3  1      534233837294713152     9.0    9.0
 1110929.537077 5.493E-26 1.124E-03.08630.352  885.60020.69-.017920          3 0 0          0 0 0  9  3  6        8  2  7      4244438315787030 7    57.0   51.0
 1110929.543490 1.811E-30 2.653E-06.05610.323 1538.14950.620.000000          0 7 0          0 0 0  9  4  6       10  3  7      1333308287659336 0    19.0   21.0
 1110929.622483 6.182E-27 4.006E-04.06620.408 1122.70850.59-.014380          0 2 2          0 0 0  9  5  4        8  4  5      434433837294703152    57.0   51.0
 1110929.783451 2.008E-25 2.819E-03.07630.400  503.96810.66-.018310          2 0 1          0 0 0  6  5  2        5  3  3      434343838794703152    13.0   11.0
 1110929.806234 3.938E-25 1.302E-02.07630.524  709.60820.61-.018160          1 0 2          0 0 0  7  3  5        7  2  6      4453438315586631 7    15.0   15.0
 1110929.833213 5.248E-30 2.572E-05.05750.305 1843.02960.580.000000          0 6 0          0 0 0 12  7  5       11  4  8      1333308287659336 0    25.0   23.0
 1110929.865666 1.575E-28 5.870E-03.05990.352 2181.08990.49-.023470          1 1 2          0 1 0  8  0  8        7  1  7      334233837294713152    17.0   15.0
 1110929.870522 3.844E-27 1.262E-02.07140.300 1724.70540.66-.027260          0 0 3          0 0 0 10  5  6       10  5  5      364333837360703049    21.0   21.0
 1110930.048979 4.681E-30 4.435E-08.07650.352  704.21410.68-.005660          1 4 0          0 0 0  8  6  3        7  1  6      442233838494713155    51.0   45.0
 1110930.238732 4.878E-28 2.510E-06.07900.371  552.91140.69-.000430          0 4 1          0 0 0  7  6  2        6  2  5      442233838494713155    45.0   39.0
 1110930.378193 8.674E-28 7.307E-05.04700.352  927.74390.41-.007928          0 7 0          0 0 0  8  3  5        7  4  4      4342338372947131 8    17.0   15.0
 1110930.386721 2.742E-29 7.913E-04.04640.274 2433.80040.560.000000         -2 4-2          0 0 0 12  8  4       12  6  7      1333308287659336 0    75.0   75.0
 1110930.416207 1.099E-29 1.479E-06.05410.308 1293.63410.550.000000          1 5 0          0 0 0 10  1 10       10  2  9      2333308287659336 0    63.0   63.0
 1110930.458003 1.899E-28 1.165E-06.09480.451  206.30140.710.000000          0 7 0          0 0 0  3  3  1        3  2  2      2333308287659336 0     7.0    7.0
 1110930.552381 1.415E-24 2.263E-02.07290.277  756.72480.61-.024410          1 0 2          0 0 0  6  5  2        6  4  3      4634438315676631 7    39.0   39.0
 1110930.615163 1.029E-30 7.478E-08.07350.315  920.21000.67-.001080          1 4 0          0 0 0  9  6  4        9  1  9      242233808494713155    19.0   19.0
 1110930.916970 2.777E-29 5.870E-05.04100.300 1590.69070.51-.040000          1 0 2          0 0 0  8  8  0        8  7  1      434333837294703152    17.0   17.0
 1110930.917661 8.334E-29 5.872E-05.04100.220 1590.69010.51-.040000          1 0 2          0 0 0  8  8  1        8  7  2      334333837294703152    51.0   51.0
 1110931.045914 8.621E-29 6.613E-04.04990.281 2144.04630.51-.040000          1 2 1          0 0 0 11  8  4       11  6  5      332230837294713152    69.0   69.0
 1110931.147624 1.076E-24 1.217E-02.08430.316  383.84250.70-.016940          1 0 2          0 0 0  4  4  0        4  3  1      4644538315676631 7     9.0    9.0
 1110931.214990 1.338E-28 7.441E-03.05340.315 2512.28290.47-.028080          1 1 2          0 1 0  9  1  8        9  0  9      334233837294713152    57.0   57.0
 1110931.316906 9.096E-30 1.109E-03.08760.371 2399.16550.73-.015850          0 1 3          0 1 0  7  2  5        6  4  2      532230837294713152    15.0   13.0
 1110931.564510 8.121E-28 7.920E-04.05380.315 1474.98080.54-.020930          0 4 1          0 0 0 10  7  4        9  5  5      344233808494713152    21.0   19.0
 1110931.886473 1.658E-28 1.292E-04.05350.281 1690.66440.50-.010100          2 2 0          0 0 0 12  5  8       11  2  9      234233837294713155    75.0   69.0
 1110932.232386 1.451E-26 1.159E-01.08480.300 1907.61570.70-.017440          0 1 3          0 1 0  3  3  1        3  3  0      4643238372947031 7    21.0   21.0
 1110932.371484 6.324E-27 6.302E-02.08590.412 2004.81570.71-.012000          0 1 3          0 1 0  4  3  1        4  3  2      534233837294713152    27.0   27.0
 1110932.477301 2.963E-24 1.111E-02.07980.347  382.51690.68-.016460          1 0 2          0 0 0  4  4  1        4  3  2      4553538315676631 7    27.0   27.0
 1110932.644653 3.543E-29 8.099E-04.05010.297 2142.59770.590.000000         -2 4-2          0 0 0 11  8  3       11  6  6      1333308287659336 0    23.0   23.0
 1110932.676621 4.827E-27 1.156E-01.08480.300 1907.45140.70-.012720          0 1 3          0 1 0  3  3  0        3  3  1      434333837294703152     7.0    7.0
 1110932.716479 1.707E-29 1.994E-04.06190.281 1985.78490.62-.028290          0 0 3          0 0 0 10  7  4       11  5  7      364233837360713049    21.0   23.0
 1110932.897599 1.268E-29 4.573E-03.08510.333 2670.78970.73-.015480          0 1 3          0 1 0  9  1  8        8  3  5      334233837294713152    19.0   17.0
 1110932.966316 5.191E-28 2.656E-06.08660.406  446.51070.690.000000          1 5 0          0 0 0  4  1  4        5  2  3      2333308287659336 0    27.0   33.0
 1110932.975370 3.014E-25 1.581E-02.06700.300 1079.07960.59-.022830          1 0 2          0 0 0  9  2  7        9  1  8      3643438372947031 7    57.0   57.0
 1110932.989900 4.142E-24 1.312E-02.09760.469   70.09080.75-.008670          1 0 2          0 0 0  3  1  3        2  0  2      4553338315676631 7     7.0    5.0
 1110933.003116 1.953E-29 1.910E-04.09490.391 2000.86300.73-.004830          0 6 1          0 1 0  4  1  3        5  1  4      3322338372947131 9    27.0   33.0
 1110933.019939 2.692E-27 9.370E-04.05530.281 1524.84790.52-.030720          1 2 1          0 0 0 12  3  9       11  1 10      334233837294713152    75.0   69.0
 1110933.093082 3.722E-27 9.663E-03.05820.281 1695.06860.55-.018650          3 0 0          0 0 0 11  6  6       11  3  9      234233807260713049    23.0   23.0
 1110933.103292 1.328E-27 2.667E-02.09550.412 1922.90110.74-.011090          0 1 3          0 1 0  4  2  3        4  2  2      534233837294713152     9.0    9.0
 1110933.130362 1.720E-27 2.017E-03.07070.265 1774.75110.65-.015870          2 0 1          0 0 0 12  4  8       12  2 11      334233838794713152    75.0   75.0
 1110933.301712 2.760E-27 3.408E-04.07270.333 1255.16680.66-.024360          0 0 3          0 0 0  9  3  7        8  5  4      464233837360713049    57.0   51.0
 1110933.394703 1.354E-28 9.253E-04.05070.298 1875.46180.54-.040000          1 2 1          0 0 0 10  8  3       10  6  4      332230837294713152    21.0   21.0
 1110933.406658 6.007E-30 6.380E-04.03880.235 2746.02350.39-.005510          0 4 1          0 0 0 15  6 10       14  4 11      242230808494713152    93.0   87.0
 1110933.424184 2.010E-27 2.488E-02.06120.300 2275.37290.56-.018530          3 0 0          0 0 0 13  6  7       12  5  8      234333807260703049    81.0   75.0
 1110933.450348 2.395E-27 4.243E-03.07780.298 1616.45310.71-.024520          1 2 1          0 0 0 11  6  5       10  4  6      334233837294713152    23.0   21.0
 1110933.462792 4.858E-28 1.222E-06.08360.412  300.36230.68-.008380          0 7 0          0 0 0  4  3  2        4  2  3      332233807294713155    27.0   27.0
 1110933.505228 9.735E-30 4.984E-04.07240.333 2495.16580.65-.002960          2 3 0          0 1 0  9  5  4        8  2  7      434233837294713155    57.0   51.0
 1110933.606156 4.010E-30 3.557E-02.06040.220 3443.19190.430.000000          3 0 0          0 0 0 16  7  9       15  6 10      1333308287659336 0    33.0   31.0
 1110933.638525 1.600E-28 3.105E-04.07920.298 1616.45310.73-.018240          2 2 0          0 0 0 10  7  3       10  4  6      332230837294713152    21.0   21.0
 1110933.661858 6.466E-29 9.215E-08.09160.412  224.83840.73-.006550          1 2 1          0 0 0  5  5  1        4  1  4      432233837294713155    33.0   27.0
 1110933.667958 5.449E-25 4.967E-02.07270.345  888.63270.60-.030620          1 0 2          0 0 0  6  6  0        6  5  1      4554438315586631 8    13.0   13.0
 1110933.721483 1.582E-24 4.806E-02.05650.371  888.59870.60-.025340          1 0 2          0 0 0  6  6  1        6  5  2      4632438315677131 7    39.0   39.0
 1110933.873090 2.054E-30 1.351E-07.05300.302  920.21000.560.000000          0 6 0          0 0 0 10  6  4        9  1  9      1333308287659336 0    21.0   19.0
 1110933.892531 1.229E-26 4.951E-03.06200.300 1293.01810.58-.029340          2 0 1          0 0 0 10  5  6       10  1  9      434333838794703110    21.0   21.0
 1110933.930623 4.510E-28 1.025E-03.04980.298 1874.97300.53-.039180          1 2 1          0 0 0 10  8  2       10  6  5      334233837294713152    63.0   63.0
 1110933.968548 1.008E-29 1.683E-03.07520.315 2512.37570.67-.019810          1 3 1          0 1 0  9  5  4        9  1  9      334233837294713110    19.0   19.0
 1110933.979690 1.518E-24 4.677E-03.08440.401  447.25240.66-.010990          2 0 1          0 0 0  7  3  5        6  1  6      4344438387676631 7    45.0   39.0
 1110933.980321 2.029E-28 1.654E-04.06450.298 1437.96860.60-.030220          2 0 1          0 0 0 10  6  5       10  2  8      334233838794713110    21.0   21.0
 1110934.044214 5.765E-29 1.955E-02.08110.315 2904.67040.70-.006610          2 1 1          0 1 0 10  5  5        9  3  6      434233837294713152    63.0   57.0
 1110934.234023 5.973E-29 1.172E-02.03640.221 2872.27430.60-.020900          3 0 0          0 0 0 15  5 10       15  2 13      234233837265713049    93.0   93.0
 1110934.334230 8.325E-28 3.679E-02.08730.391 2126.40770.71-.011170          0 1 3          0 1 0  5  3  2        5  3  3      534233837294713152    11.0   11.0
 1110934.410376 1.740E-29 1.463E-04.06260.281 2144.04630.66-.030520          0 0 3          0 0 0 10  8  2       11  6  5      364233837360713049    63.0   69.0
 1110934.424058 1.524E-29 1.959E-03.07690.298 2705.13960.67-.017300          2 1 1          0 1 0 10  3  7       10  1 10      334233837294713152    63.0   63.0
 1110934.505664 2.227E-27 1.712E-03.05160.300 1631.38300.57-.022630          0 4 1          0 0 0  9  8  2        9  6  3      342230838494703152    57.0   57.0
 1110934.519673 2.542E-28 1.029E-02.05910.250 2533.79320.54-.002390          0 2 2          0 0 0 14  5 10       13  4  9      234233837294713152    87.0   81.0
 1110934.668552 7.726E-28 1.781E-03.05120.315 1631.24550.56-.022430          0 4 1          0 0 0  9  8  1        9  6  4      342230838494713152    19.0   19.0
 1110934.674463 4.224E-28 1.118E-02.04640.275 2205.65270.560.000000         -2 2-2          0 0 0 13  6  7       12  4  8      1333308287659336 0    27.0   25.0
 1110934.690191 1.689E-24 1.185E-02.09380.406  326.62550.68-.013870          1 0 2          0 0 0  5  2  4        5  1  5      4644538315676631 7    11.0   11.0
 1110934.717429 1.705E-29 5.552E-05.03520.259 1774.61630.510.000000          0 6 0          0 0 0 13  6  8       12  1 11      1333308287659336 0    27.0   25.0
 1110934.725734 3.712E-27 7.966E-03.07300.281 1899.00820.65-.021930          1 2 1          0 0 0 12  6  6       11  4  7      334233837294713152    75.0   69.0
 1110934.767197 3.113E-27 2.019E-04.07700.333 1122.70850.69-.024360          0 0 3          0 0 0  9  2  8        8  4  5      464233837360713049    57.0   51.0
 1110934.816484 7.247E-25 1.659E-02.06170.372  885.60020.55-.014990          1 0 2          0 0 0  8  3  6        8  2  7      4633438315676631 8    51.0   51.0
 1110934.847969 3.303E-28 5.722E-05.08350.333 1050.15770.73-.013930          1 0 2          0 0 0  7  6  2        8  3  5      434233837294713152    15.0   17.0
 1110935.223907 1.024E-29 6.286E-03.05090.234 2880.83420.490.000000          0 2 2          0 0 0 15  5 11       14  4 10      1333308287659336 0    31.0   29.0
 1110935.389749 2.779E-29 2.397E-06.07020.315 1201.92150.65-.010540          0 4 1          0 0 0 10  6  4        9  2  7      342233838494713155    63.0   57.0
 1110935.445212 1.057E-27 6.598E-03.05400.292 1875.46180.610.000000         -2 3-2          0 0 0 11  7  5       10  6  4      1333308287659336 0    23.0   21.0
 1110935.513246 3.445E-27 3.053E-03.04820.240 1411.64190.50-.035010          1 0 2          0 0 0  8  7  1        8  6  2      334433837294703152    17.0   17.0
 1110935.554910 1.044E-26 3.083E-03.05750.300 1411.61150.50-.024830          1 0 2          0 0 0  8  7  2        8  6  3      4643338372787031 8    51.0   51.0
 1110935.561993 1.574E-27 1.501E-04.07230.315 1201.92150.66-.014770          2 0 1          0 0 0  9  6  4        9  2  7      334233838794713110    57.0   57.0
 1110935.589995 1.275E-29 7.102E-07.07800.352  816.69420.71-.006260          0 4 1          0 0 0  7  7  0        7  3  5      442230838494713152    15.0   15.0
 1110935.736859 8.012E-26 1.225E-02.08650.463 1050.15770.73-.014000          0 0 3          0 0 0  8  3  6        8  3  5      464343837360663059    17.0   17.0
 1110935.795427 6.805E-28 2.127E-04.06310.298 1446.12820.60-.008140          1 0 2          0 0 0  9  6  3       10  3  8      334233837294713152    57.0   63.0
 1110935.823234 1.797E-29 4.381E-04.06310.250 2414.72340.61-.020000          0 2 2          0 0 0 13  6  7       13  3 10      234233837294713155    81.0   81.0
 1110935.856917 5.826E-30 1.459E-04.06030.281 2142.59770.64-.030190          0 0 3          0 0 0 10  8  3       11  6  6      362230837360713049    21.0   23.0
 1110935.989938 2.713E-30 2.178E-05.04980.268 1960.20740.530.000000          1 5 0          0 0 0 13  1 13       12  2 10      1333308287659336 0    27.0   25.0
 1110936.062958 5.735E-28 7.486E-03.09310.412 1875.46970.72-.004460          1 1 2          0 1 0  5  2  4        4  1  3      434223837294713152    11.0    9.0
 1110936.076712 1.559E-28 1.747E-06.08660.371  648.97870.70-.018570          0 5 1          0 0 0  5  1  5        6  3  4      3322338072947131 9    33.0   39.0
 1110936.143615 2.814E-27 5.842E-03.04880.298 1874.97300.48-.030840          2 2 0          0 0 0 11  7  4       10  6  5      234233807294713152    69.0   63.0
 1110936.158644 2.596E-25 6.803E-03.08280.441  661.54890.73-.014130          2 0 1          0 0 0  7  5  2        6  3  3      4344438387676631 7    15.0   13.0
 1110936.163370 8.324E-31 1.597E-04.03390.268 2613.10460.530.000000          0 7 0          0 0 0 13  4 10       12  7  5      1333308287659336 0    27.0   25.0
 1110936.537585 5.865E-29 5.143E-04.09400.391 2053.96870.74-.012300          0 1 3          0 1 0  6  0  6        5  2  3      734233837294713152    39.0   33.0
 1110936.585683 1.741E-24 1.617E-02.06830.271  610.34120.66-.023000          1 0 2          0 0 0  5  5  0        5  4  1      467341831562663120    33.0   33.0
 1110936.690684 2.648E-27 1.299E-02.07340.281 1843.02960.66-.009590          3 0 0          0 0 0 12  5  7       11  4  8      334233837260713049    25.0   23.0
 1110936.822826 5.840E-25 1.626E-02.07340.318  610.11440.65-.020690          1 0 2          0 0 0  5  5  1        5  4  2      4643438315676631 7    11.0   11.0
 1110936.851408 1.432E-30 4.353E-05.07970.379 2309.73020.660.000000          1 6 0          0 1 0  6  2  5        7  1  6      1333308287659336 0    39.0   45.0
 1110936.890437 2.046E-26 1.049E-04.08820.200  488.10770.71-.024370          0 0 3          0 0 0  5  2  4        4  4  1      4643338373607030 8    33.0   27.0
 1110936.911908 2.783E-30 5.207E-07.07150.298 1114.53220.66-.002270          0 2 2          0 0 0  9  5  5       10  0 10      332230837294713152    19.0   21.0
 1110936.940633 3.053E-26 3.953E-03.04910.269 1216.19450.55-.024940          1 0 2          0 0 0  7  7  0        7  6  1      4643338372947031 7    45.0   45.0
 1110936.946975 1.019E-26 3.958E-03.04900.400 1216.18980.55-.023610          1 0 2          0 0 0  7  7  1        7  6  2      4643338372947031 8    15.0   15.0
 1110937.025680 7.189E-27 2.380E-04.07570.300  709.60820.66-.001170          0 2 2          0 0 0  7  5  3        7  2  6      434333837294703152    15.0   15.0
 1110937.091219 9.724E-29 6.943E-03.05080.333 2337.46330.42-.027950          1 1 2          0 1 0  9  1  9        8  0  8      334233837294713152    19.0   17.0
 1110937.124291 8.045E-30 1.870E-04.07770.352 2309.73020.68-.013354          1 3 1          0 1 0  8  5  3        7  1  6      3342338372947131 8    51.0   45.0
 1110937.375710 2.931E-24 1.026E-02.09470.484  142.27850.72-.018220          1 0 2          0 0 0  4  0  4        3  1  3      4653438315676631 7     9.0    7.0
 1110937.401497 3.646E-30 7.280E-05.05740.281 2321.90570.66-.029420          0 0 3          0 0 0 10  9  1       11  7  4      362230837360713049    63.0   69.0
 1110937.431229 2.231E-29 3.928E-04.05960.273 2105.86790.550.000000          2 0 1          0 0 0 12  7  6       12  3  9      1333308287659336 0    25.0   25.0
 1110937.441031 2.433E-28 2.597E-03.06960.303 1985.78490.590.000000          3 0 0          0 0 0 11  8  4       11  5  7      1333308287659336 0    23.0   23.0
 1110937.466585 2.195E-28 1.852E-05.08430.352  927.74390.71-.013200          1 0 2          0 0 0  8  3  5        7  4  4      432230837294713152    17.0   15.0
 1110937.494081 1.170E-30 7.006E-05.05720.281 2321.81310.66-.029420          0 0 3          0 0 0 10  9  2       11  7  5      332230837260713049    21.0   23.0
 1110937.777345 6.239E-29 6.768E-07.08640.424  416.20870.700.000000          0 7 0          0 0 0  5  3  3        5  2  4      2333308287659336 0    11.0   11.0
 1110937.780303 1.680E-30 3.976E-02.10690.504 3151.63000.75-.006370          0 2 3          0 2 0  1  0  1        0  0  0      432230837294713152     3.0    1.0
 1110937.941830 2.864E-30 2.821E-05.09120.412 1817.45120.72-.001260          2 1 1          0 1 0  5  4  1        4  0  4      432233837294713155    11.0    9.0
 1110937.958842 1.576E-29 3.092E-02.07730.298 3058.39840.67-.000320          2 1 1          0 1 0 11  4  7       10  2  8      334233837294713152    23.0   21.0
 1110938.134329 1.079E-30 1.203E-05.03610.242 2042.37410.450.000000          1 4 0          0 0 0 14  5  9       13  2 12      1433308284659336 0    29.0   27.0
 1110938.147690 2.507E-28 5.974E-03.05080.333 2337.66680.42-.028130          1 1 2          0 1 0  9  0  9        8  1  8      334223837294713152    57.0   51.0
 1110938.185798 1.070E-24 1.139E-02.08110.397  446.69660.68-.020000          1 0 2          0 0 0  6  1  5        6  0  6      467451831562663120    13.0   13.0
 1110938.210477 8.641E-30 3.139E-05.07180.298 1724.70540.72-.023240          0 2 2          0 0 0  9  8  2       10  5  5      332230837294713152    19.0   21.0
 1110938.524186 2.169E-30 4.163E-04.04640.268 2613.10460.530.000000         -2 0-2          0 0 0 13  1 12       12  7  5      1333308287659336 0    27.0   25.0
 1110938.812134 1.583E-30 7.001E-05.08920.391 2126.40760.71-.015430          0 6 1          0 1 0  5  1  4        5  3  3      2322338072947131 9    11.0   11.0
 1110938.828254 1.134E-28 8.257E-03.06640.352 2318.53990.56-.031220          1 1 2          0 1 0  8  1  7        7  2  6      334233837294713152    17.0   15.0
 1110938.956531 2.196E-30 7.898E-04.07700.315 2690.59370.68-.019240          3 1 0          0 1 0 10  3  7        9  2  8      332230837294713152    21.0   19.0
 1110938.985614 8.723E-26 1.227E-03.09100.488  503.96810.72-.025000          1 0 2          0 0 0  6  2  4        5  3  3      425351831562663120    13.0   11.0
 1110939.048638 1.623E-28 1.376E-04.05740.281 1690.66440.55-.023710          2 0 1          0 0 0 11  6  6       11  2  9      334233838794713110    69.0   69.0
 1110939.090067 1.200E-30 8.966E-03.04390.265 3592.42390.41-.007650          1 3 1          0 1 0 13  5  9       12  3 10      332233837294713155    81.0   75.0
 1110939.247373 1.937E-28 2.405E-03.07420.352 2180.64290.63-.011230          3 1 0          0 1 0  8  3  6        7  0  7      434233837294713152    51.0   45.0
 1110939.392811 1.924E-29 2.554E-05.06850.323 1538.14950.620.000000          0 2 2          0 0 0 10  6  4       10  3  7      1333308287659336 0    21.0   21.0
 1110939.450480 2.917E-30 7.521E-04.05500.371 2552.87970.59-.040000          1 3 1          0 1 0  7  7  0        6  5  1      432230837294713152    15.0   13.0
 1110939.472931 8.746E-30 7.516E-04.05470.371 2552.85720.58-.040000          1 3 1          0 1 0  7  7  1        6  5  2      334233837294713152    45.0   39.0
 1110939.501408 3.298E-29 3.401E-07.08310.333  744.16270.71-.002020          2 2 0          0 0 0  9  4  5        8  1  8      432233837294713155    57.0   51.0
 1110939.527794 2.099E-27 5.474E-03.09990.456 1677.06140.75-.007150          1 1 2          0 1 0  3  2  1        2  1  2      4342238372947131 7    21.0   15.0
 1110939.647538 5.056E-26 1.840E-02.06700.277 1477.29740.61-.027900          0 0 3          0 0 0  9  5  5        9  5  4      4643438373606630 7    57.0   57.0
 1110939.748818 5.465E-27 6.219E-03.04150.300 1525.13600.37-.025650          1 0 2          0 0 0 11  3  9       11  2 10      334333837294703152    23.0   23.0
 1110939.837187 7.673E-26 1.581E-02.08520.330 1360.23530.75-.030000          0 0 3          0 0 0  9  4  6        9  4  5      364343837360663059    57.0   57.0
 1110939.896990 3.475E-29 4.472E-03.04420.298 2705.13960.39-.028320          1 1 2          0 1 0 10  2  9       10  1 10      334233837294713152    63.0   63.0
 1110939.972475 1.769E-29 8.218E-05.03910.235 2073.51570.69-.018780          3 0 0          0 0 0 13  4  9       14  1 14      334233837265713049    81.0   87.0
 1110939.975713 2.264E-26 4.609E-03.07580.333 1131.77560.70-.022152          1 2 1          0 0 0  9  6  3        8  4  4      4642338372947131 8    19.0   17.0
 1110939.982245 2.976E-29 3.372E-07.08050.395  383.84250.710.000000          1 5 0          0 0 0  4  0  4        4  3  1      2333308287659336 0     9.0    9.0
 1110940.000879 5.151E-31 4.209E-04.02850.200 2952.38660.310.000000          2 2 0          0 0 0 16  4 12       16  1 15      1333308287659336 0    33.0   33.0
 1110940.043613 1.347E-30 8.846E-04.05120.234 2880.83420.490.000000          1 2 1          0 0 0 14  8  7       14  4 10      1333308287659336 0    29.0   29.0
 1110940.106656 1.324E-27 7.876E-06.08280.371  552.91140.71-.002170          1 2 1          0 0 0  6  6  0        6  2  5      434233837294713152    39.0   39.0
 1110940.198702 8.841E-28 2.235E-02.08750.371 2271.71220.72-.010590          0 1 3          0 1 0  6  3  3        6  3  4      534233837294713152    39.0   39.0
 1110940.357734 8.784E-30 2.857E-02.08220.298 3162.25890.71-.000350          2 1 1          0 1 0 11  5  6       10  3  7      332230837294713152    23.0   21.0
 1110940.502956 4.525E-31 9.445E-03.09830.460 3299.99110.770.000000          0 2 3          0 2 0  3  1  2        3  1  3      4333308387659336 0     7.0    7.0
 1110940.648267 9.570E-28 1.963E-05.08020.333  885.60020.68-.002240          0 2 2          0 0 0  9  3  6        8  2  7      432230837294713152    57.0   51.0
 1110940.662254 1.034E-25 1.640E-02.05660.290 1080.38540.50-.020490          1 0 2          0 0 0  9  3  7        9  2  8      3644338372947031 8    19.0   19.0
 1110940.881979 2.486E-27 3.548E-06.09110.412  224.83840.72-.005850          3 0 0          0 0 0  5  4  1        4  1  4      434233837260713049    33.0   27.0
 1110940.940917 1.963E-29 3.282E-03.07180.315 2512.37570.64-.011230          3 1 0          0 1 0  9  4  6        9  1  9      334233837294713152    19.0   19.0
 1110940.999540 2.397E-30 2.567E-03.06260.315 3141.04600.60-.031950          0 3 2          0 1 0 10  6  5        9  5  4      232230837294713152    63.0   57.0
 1110941.142412 3.889E-29 1.602E-06.07270.333 1006.11590.68-.004470          0 4 1          0 0 0  8  7  1        8  3  6      442230838494713152    51.0   51.0
 1110941.159850 2.867E-30 9.429E-06.07330.298 1724.70540.73-.025150          3 0 0          0 0 0 10  8  2       10  5  5      332230837260713049    21.0   21.0
 1110941.253587 1.471E-29 7.481E-03.04660.265 2813.52870.490.000000          1 4 0          0 0 0 13  9  5       12  8  4      1433308284659336 0    27.0   25.0
 1110941.298445 4.404E-29 7.467E-03.05220.268 2813.51220.530.000000          1 4 0          0 0 0 13  9  4       12  8  5      1433308284659336 0    81.0   75.0
 1110941.423199 1.690E-23 1.122E-01.09630.516  222.05280.75-.016900          0 0 3          0 0 0  3  0  3        4  0  4      465320837367663036     7.0    9.0
 1110941.471891 9.940E-30 1.081E-05.03860.259 1774.75110.510.000000          2 2 0          0 0 0 13  3 10       12  2 11      1333308287659336 0    81.0   75.0
 1110941.476040 1.058E-27 7.173E-03.08710.391 2000.86300.69-.004860          1 1 2          0 1 0  6  2  5        5  1  4      434223837294713152    39.0   33.0
 1110941.477308 9.140E-27 7.518E-05.08530.371  648.97870.71-.017030          0 0 3          0 0 0  7  1  7        6  3  4      464233837360713049    45.0   39.0
 1110941.512168 3.731E-29 3.645E-05.07790.315 1474.98080.68-.009920          1 0 2          0 0 0 10  4  6        9  5  5      334233837294713152    21.0   19.0
 1110941.765967 3.828E-30 1.025E-04.07010.265 2433.80040.65-.006740          1 0 2          0 0 0 13  5  8       12  6  7      332230837294713152    81.0   75.0
 1110941.927840 1.563E-28 2.914E-05.07730.315 1360.23530.74-.015112          0 7 0          0 0 0 10  3  8        9  4  5      3342438372947131 8    63.0   57.0
 1110942.024449 4.814E-23 1.080E-01.09480.412  224.83840.73-.016940          0 0 3          0 0 0  3  1  3        4  1  4      4652238373677130 7    21.0   27.0
 1110942.131992 1.759E-29 6.792E-03.04460.298 2705.09690.39-.031650          1 1 2          0 1 0 10  1  9       10  0 10      334233837294713152    21.0   21.0
 1110942.461749 2.217E-26 8.945E-03.05570.300 1293.01810.50-.038440          1 0 2          0 0 0 10  2  8       10  1  9      4643338372947031 8    21.0   21.0
 1110942.670791 7.090E-29 1.696E-04.05830.299 1695.06860.560.000000          1 4 0          0 0 0 12  6  6       11  3  9      1433308284659336 0    25.0   23.0
 1110942.683045 8.895E-31 2.837E-03.07040.332 3139.47580.630.000000          0 3 2          0 1 0 10  6  4        9  5  5      1333308287659336 0    21.0   19.0
 1110942.711551 2.436E-23 7.193E-02.09500.434  212.15640.75-.013070          0 0 3          0 0 0  2  2  0        3  2  1      4652438373677130 7    15.0   21.0
 1110942.725536 1.644E-28 2.786E-05.07880.298 1114.53220.69-.016650          3 0 0          0 0 0 10  3  7       10  0 10      334233837260713049    21.0   21.0
 1110942.740124 1.894E-29 1.872E-03.07670.333 2630.19260.68-.039540          1 1 2          0 1 0  9  2  7        8  3  6      334233837294713152    57.0   51.0
 1110942.808692 3.041E-26 2.406E-03.05240.300  888.63270.50-.026572          0 2 2          0 0 0  7  6  2        6  5  1      3643338372947031 8    15.0   13.0
 1110942.847714 9.037E-26 2.383E-03.05210.350  888.59870.50-.025358          0 2 2          0 0 0  7  6  1        6  5  2      4643338372947031 7    45.0   39.0
 1110942.941761 2.118E-30 3.206E-04.06920.315 2512.37570.64-.000200          0 5 1          0 1 0 10  5  6        9  1  9      332233837294713155    21.0   19.0
 1110943.197892 1.457E-30 1.767E-06.07330.298 1538.14950.66-.017180          0 0 3          0 0 0 11  1 10       10  3  7      362230837360713049    23.0   21.0
 1110943.284477 6.830E-30 1.003E-02.07500.298 3224.54660.68-.040000          1 1 2          0 1 0 11  3  8       10  4  7      332230837294713152    69.0   63.0
 1110943.354020 6.742E-25 1.253E-02.08240.442  842.35660.73-.019280          2 0 1          0 0 0  8  5  3        7  3  4      4344438387676631 7    51.0   45.0
 1110943.547815 7.761E-28 8.570E-05.07800.333  982.91170.69-.002320          2 0 1          0 0 0  8  6  3        8  2  6      434233838794713152    17.0   17.0
 1110943.703606 2.743E-24 9.152E-03.09500.451  399.45750.71-.013900          0 0 3          0 0 0  5  1  5        5  1  4      4644438373676630 7    33.0   33.0
 1110943.767671 1.753E-27 1.277E-04.07200.315  920.21000.64-.011210          3 0 0          0 0 0  9  4  6        9  1  9      334233837260713049    19.0   19.0
 1110943.794160 1.902E-30 2.252E-05.09480.451 1813.78760.710.000000          0 8 0          0 1 0  4  3  1        3  2  2      2333308287659336 0     9.0    7.0
 1110943.870942 7.234E-27 2.920E-03.04270.298 1293.01810.37-.014230          1 5 0          0 0 0 10  0 10       10  1  9      434243837294713152    21.0   21.0
 1110943.963932 2.186E-27 6.398E-03.05510.265 1962.50690.54-.019250          3 0 0          0 0 0 12  6  7       12  3 10      334233837260713049    75.0   75.0
 1110943.993753 5.001E-25 4.321E-02.09140.439 1201.92150.72-.005820          2 0 1          0 0 0 10  4  6        9  2  7      3353438387676631 7    63.0   57.0
 1110943.997054 3.993E-29 2.377E-07.07090.371  552.91140.61-.012530          0 7 0          0 0 0  6  3  4        6  2  5      3322338072947131 9    39.0   39.0
 1110944.007426 1.235E-26 1.316E-02.07860.298 1718.71880.71-.018710          0 0 3          0 0 0 10  5  5       10  5  6      3642338373607130 8    63.0   63.0
 1110944.036030 4.210E-28 2.542E-04.06360.298 1581.33600.60-.019500          0 0 3          0 0 0  9  6  4       10  4  7      364233837360713049    57.0   63.0
 1110944.109345 3.396E-24 8.556E-03.09450.468  300.36230.73-.018000          0 0 3          0 0 0  4  0  4        4  2  3      464443837378663059    27.0   27.0
 1110944.131804 1.110E-30 3.669E-04.04290.231 2739.42850.490.000000          0 2 2          0 0 0 14  6  8       14  3 11      1333308287659336 0    29.0   29.0
 1110944.163764 1.593E-28 4.284E-06.08750.371  602.77350.73-.007270          1 0 2          0 0 0  5  5  1        6  2  4      432230837294713152    11.0   13.0
 1110944.194848 2.659E-29 3.131E-05.06620.298 1718.71880.68-.021650          0 2 2          0 0 0  9  8  1       10  5  6      334233837294713152    57.0   63.0
 1110944.201007 1.424E-29 4.664E-03.03700.281 2915.87430.32-.033240          1 1 2          0 1 0 11  1 10       11  0 11      334233837294713152    69.0   69.0
 1110944.224823 3.163E-24 1.127E-02.07390.426  447.25240.64-.020000          1 0 2          0 0 0  6  2  5        6  1  6      464323831567663159    39.0   39.0
 1110944.570153 6.524E-30 3.097E-04.04560.235 2551.48350.46-.019220          0 0 3          0 0 0 13  5  9       14  3 12      362230837360713049    81.0   87.0
 1110944.629711 2.382E-29 3.581E-03.05530.333 2490.35410.47-.017360          1 1 2          0 1 0  9  2  8        8  1  7      334233837294713152    19.0   17.0
 1110944.713326 5.817E-30 1.002E-04.08640.428 1664.96460.740.000000          0 6 1          0 1 0  1  0  1        2  0  2      2333308287659336 0     3.0    5.0
 1110944.762073 9.760E-24 1.110E-02.09360.517  136.76170.73-.007050          1 0 2          0 0 0  4  1  4        3  0  3      465420831567663136    27.0   21.0
 1110944.823221 8.770E-31 5.744E-03.05010.299 3323.26980.560.000000         -2 2-2          0 1 0 12  4  8       11  3  9      1333308287659336 0    25.0   23.0
 1110944.883503 9.041E-30 1.819E-04.08610.425 1922.82900.670.000000          0 6 1          0 1 0  4  1  4        5  1  5      2333308287659336 0     9.0   11.0
 1110944.929371 8.919E-27 1.029E-04.07560.300  744.16270.66-.000640          0 2 2          0 0 0  8  4  5        8  1  8      434333837294703152    51.0   51.0
 1110945.168114 8.677E-31 3.880E-05.02880.221 2327.88380.460.000000          1 4 0          0 0 0 14  6  8       14  1 13      1433308284659336 0    29.0   29.0
 1110945.178904 3.098E-30 4.322E-05.05720.235 2073.51500.59-.017620          3 0 0          0 0 0 13  5  9       14  0 14      332230837260713049    27.0   29.0
 1110945.181897 1.576E-28 1.627E-06.06690.333  744.16270.58-.020000          0 7 0          0 0 0  9  2  7        8  1  8      432233837294713155    57.0   51.0
 1110945.233739 1.631E-28 1.328E-05.05700.302  920.21000.560.000000          1 5 0          0 0 0  8  0  8        9  1  9      1333308287659336 0    17.0   19.0
 1110945.324064 9.365E-27 4.882E-02.09630.300 1819.33510.74-.010960          0 1 3          0 1 0  3  2  2        3  2  1      634333837294703152    21.0   21.0
 1110945.372425 3.445E-29 5.216E-03.04240.315 2512.37570.35-.032320          1 1 2          0 1 0 10  0 10        9  1  9      334233837294713152    21.0   19.0
 1110945.545478 4.861E-28 1.461E-03.05960.305 1724.70540.620.000000          0 4 1          0 0 0 11  7  4       10  5  5      1433308284659336 0    23.0   21.0
 1110945.568794 1.939E-26 2.095E-02.06640.300 1474.98080.60-.019790          0 0 3          0 0 0  9  5  4        9  5  5      3643338373607030 8    19.0   19.0
 1110945.609698 1.085E-28 5.474E-03.04250.315 2512.28290.35-.032340          1 1 2          0 1 0 10  1 10        9  0  9      334233837294713152    63.0   57.0
 1110945.614753 1.302E-28 4.866E-03.07330.352 2181.08990.62-.004880          2 1 1          0 1 0  8  3  6        7  1  7      434233837294713152    17.0   15.0
 1110945.857530 7.640E-30 8.256E-06.06850.315 1474.98080.64-.028630          0 5 1          0 0 0  9  1  8        9  5  5      3322338372947131 9    19.0   19.0
 1110945.878927 6.445E-26 2.684E-02.06750.290 1255.91160.59-.033000          0 0 3          0 0 0  8  5  4        8  5  3      464443837378703059    17.0   17.0
 1110945.899613 1.936E-28 6.924E-03.07890.371 2146.26370.65-.004190          1 1 2          0 1 0  7  2  6        6  1  5      432230837294713152    15.0   13.0
 1110945.977593 2.960E-30 4.534E-07.08570.333 1050.15770.71-.011960          0 5 1          0 0 0  8  1  8        8  3  5      3322338372947131 9    17.0   17.0
 1110946.029545 1.177E-26 2.777E-04.08500.429  610.11440.70-.018970          0 0 3          0 0 0  6  2  5        5  4  2      464443837360703010    13.0   11.0
 1110946.374364 4.543E-29 4.908E-04.07110.250 2246.88480.68-.013400          0 2 2          0 0 0 13  5  8       13  2 11      234233807294713155    81.0   81.0
 1110946.425960 1.171E-28 3.821E-04.03860.259 1774.61630.510.000000          2 2 0          0 0 0 13  4 10       12  1 11      1333308287659336 0    27.0   25.0
 1110946.450035 1.175E-26 1.616E-01.10760.300 1618.55710.76-.011060          0 1 3          0 1 0  0  0  0        1  0  1      4643338372947031 7     3.0    9.0
 1110946.451296 9.048E-30 3.185E-04.04980.250 2248.06450.48-.016600          0 0 3          0 0 0 12  5  8       13  3 11      362230837360713049    25.0   27.0
 1110946.612075 4.210E-29 5.539E-03.06950.352 2439.95450.61-.014580          2 1 1          0 1 0  8  5  4        7  3  5      334233837294713152    17.0   15.0
 1110946.731502 6.739E-30 6.439E-07.07270.315 1201.92150.68-.005470          1 4 0          0 0 0  9  7  2        9  2  7      342233838494713155    57.0   57.0
 1110946.910267 3.526E-31 2.227E-04.03680.213 2872.58050.430.000000         -2 0-2          0 0 0 14  7  8       15  3 13      1333308287659336 0    29.0   31.0
 1110946.969218 8.067E-24 6.951E-02.09290.475  206.30140.73-.010300          0 0 3          0 0 0  2  2  1        3  2  2      465440837367663036     5.0    7.0
 1110947.041136 5.293E-30 3.670E-04.03390.256 2629.33450.530.000000          0 7 0          0 0 0 13  8  5       13  5  8      1333308287659336 0    81.0   81.0
 1110947.129915 4.153E-26 1.575E-02.04510.253 1524.84790.41-.037100          1 0 2          0 0 0 11  2  9       11  1 10      3643338372947031 8    69.0   69.0
 1110947.176215 3.976E-28 6.681E-03.03390.279 2321.90570.550.000000          0 7 0          0 0 0 12  8  5       11  7  4      1333308287659336 0    75.0   69.0
 1110947.251850 1.338E-28 6.742E-03.05010.288 2321.81310.570.000000         -2 5-2          0 0 0 12  8  4       11  7  5      1333308287659336 0    25.0   23.0
 1110947.455922 1.664E-28 2.564E-04.06740.281 1813.22340.62-.002100          2 0 1          0 0 0 11  7  5       11  3  8      334230838794713155    69.0   69.0
 1110947.492341 1.290E-26 2.075E-04.08340.408  586.47920.69-.028410          3 0 0          0 0 0  8  2  6        7  1  7      4444438327607030 7    17.0   15.0
 1110947.553510 2.287E-27 2.720E-02.10400.456 1693.64990.76-.009960          0 1 3          0 1 0  2  1  2        2  1  1      534233837294713152     5.0    5.0
 1110947.596733 3.080E-27 2.439E-04.08580.371  888.63270.73-.011750          0 0 3          0 0 0  7  3  4        6  5  1      464233837360713049    15.0   13.0
 1110947.672506 1.000E-25 1.350E-02.06220.275 1293.63410.44-.020770          1 0 2          0 0 0 10  3  8       10  2  9      4253438315676631 7    63.0   63.0
 1110947.772858 2.352E-27 9.402E-03.02950.250 2042.31060.24-.039020          1 0 2          0 0 0 13  2 11       13  1 12      334233837294713152    81.0   81.0
 1110947.833171 2.037E-25 2.818E-02.07590.369 1255.16680.59-.023200          0 0 3          0 0 0  8  5  3        8  5  4      4653438373657030 7    51.0   51.0
 1110947.892144 5.956E-28 4.153E-04.08040.315 1631.38300.72-.015190          0 0 3          0 0 0 10  4  6        9  6  3      364233837360713049    63.0   57.0
 1110947.920094 1.093E-30 4.722E-05.02600.275 2254.28450.530.000000          0 6 0          0 0 0 10  9  1       10  8  2      1333308287659336 0    21.0   21.0
 1110947.920788 3.278E-30 4.721E-05.05400.281 2254.28380.580.000000         -2 6-2          0 0 0 10  9  2       10  8  3      1333308287659336 0    63.0   63.0
 1110947.943874 1.324E-27 1.433E-02.09030.456 1743.48630.72-.008180          1 1 2          0 1 0  3  3  1        2  2  0      434233837294713152     7.0    5.0
 1110948.026190 1.408E-29 1.556E-06.07870.333  982.91170.71-.002400          1 4 0          0 0 0  8  7  1        8  2  6      442230838494713155    17.0   17.0
 1110948.080921 3.158E-25 1.920E-02.07780.428  882.89030.68-.011000          2 0 1          0 0 0  9  3  6        8  1  7      435443838767663159    19.0   17.0
 1110948.127968 3.327E-27 3.547E-03.06560.298 1718.71880.66-.025620          3 0 0          0 0 0 10  8  3       10  5  6      334233837260713049    63.0   63.0
 1110948.250237 2.670E-26 1.295E-01.03710.315 2009.80510.43-.036480          0 0 3          0 0 0  9  8  2        9  8  1      364233837360713049    57.0   57.0
 1110948.250326 8.901E-27 1.295E-01.03710.315 2009.80500.43-.036480          0 0 3          0 0 0  9  8  1        9  8  2      364233807360713049    19.0   19.0
 1110948.323805 1.577E-25 2.162E-02.08370.452 1050.15770.72-.016000          2 0 1          0 0 0  9  5  4        8  3  5      434343838794663159    19.0   17.0
 1110948.332015 4.716E-29 2.421E-03.05600.333 2495.16580.48-.031890          1 1 2          0 1 0  9  1  8        8  2  7      334233837294713152    57.0   51.0
 1110948.364479 6.367E-25 5.244E-03.08250.310  648.97870.64-.021000          2 0 1          0 0 0  7  5  3        6  3  4      435343838767663159    45.0   39.0
 1110948.388666 4.327E-29 1.067E-03.09340.412 2005.91700.73-.014800          0 1 3          0 1 0  5  1  4        4  3  1      534233837294713152    11.0    9.0
 1110948.551009 3.411E-31 2.627E-08.07440.355  882.89030.630.000000          0 2 2          0 0 0  7  6  2        8  1  7      3333308387659336 0    15.0   17.0
 1110948.637600 6.835E-30 6.722E-03.03730.281 2915.89430.32-.032410          1 1 2          0 1 0 11  2 10       11  1 11      332230837294713152    23.0   23.0
 1110948.723027 5.950E-30 1.368E-04.06920.391 2251.86250.67-.028400          2 1 1          0 1 0  6  6  0        5  4  1      432230837294713152    39.0   33.0
 1110948.739527 9.369E-27 1.102E-02.03480.300 1774.75110.31-.029910          1 0 2          0 0 0 12  3 10       12  2 11      334333837294703152    75.0   75.0
 1110948.889669 1.955E-30 1.348E-04.06820.391 2251.69530.66-.028900          2 1 1          0 1 0  6  6  1        5  4  2      332230837294713152    13.0   11.0
 1110948.905757 2.038E-30 3.600E-02.10290.480 3196.09340.75-.007610          0 2 3          0 2 0  2  1  2        1  1  1      432230837294713152     5.0    3.0
 1110948.925729 2.166E-24 4.469E-03.10210.491  300.36230.72-.017450          1 0 2          0 0 0  5  1  4        4  2  3      4654438315676631 7    33.0   27.0
 1110948.939859 1.054E-27 1.128E-02.06840.281 1985.78490.61-.015950          0 0 3          0 0 0 11  5  6       11  5  7      364233837360713049    23.0   23.0
 1110948.974829 5.229E-28 1.031E-06.08750.391  325.34790.71-.001780          2 2 0          0 0 0  6  5  2        5  0  5      432230837294713155    39.0   33.0
 1110948.996318 3.477E-26 2.261E-03.06180.333 1122.70850.57-.009539          1 2 1          0 0 0  9  6  4        8  4  5      4642338372947131 8    57.0   51.0
 1110949.009389 3.036E-29 6.265E-06.06820.332 1360.23530.630.000000          1 5 0          0 0 0  9  3  6        9  4  5      1333308287659336 0    57.0   57.0
 1110949.200991 4.618E-23 1.131E-01.09750.434  173.36580.76-.011970          0 0 3          0 0 0  2  1  1        3  1  2      4652238373677130 7    15.0   21.0
 1110949.224982 9.995E-30 3.073E-06.06640.315 1216.23130.64-.002210          0 4 1          0 0 0  9  7  2        9  3  7      342230808494713152    19.0   19.0
 1110949.237216 3.880E-28 6.163E-05.06650.328 1080.38540.600.000000          1 5 0          0 0 0  9  1  9        9  2  8      1333308287659336 0    19.0   19.0
 1110949.408129 4.200E-27 1.507E-02.08940.456 1742.30560.71-.006950          1 1 2          0 1 0  3  3  0        2  2  1      434233837294713152    21.0   15.0
 1110949.460983 2.186E-30 4.702E-06.07900.298 1616.45310.74-.011620          0 4 1          0 0 0  9  8  1       10  4  6      342230838494713152    19.0   21.0
 1110949.500137 3.250E-26 4.520E-04.08260.300  756.72480.70-.025850          0 0 3          0 0 0  7  2  6        6  4  3      4643338373607030 8    45.0   39.0
 1110949.618017 1.970E-29 5.940E-08.08640.428  285.41860.740.000000          1 5 0          0 0 0  3  0  3        3  3  0      2333308287659336 0    21.0   21.0
 1110949.743220 6.740E-25 4.091E-02.05960.332 1059.83550.57-.019120          0 0 3          0 0 0  7  5  3        7  5  2      4654438373676630 7    45.0   45.0
 1110949.798321 7.314E-27 6.184E-04.08000.352  927.74390.70-.021330          0 0 3          0 0 0  8  2  7        7  4  4      464233837360713049    17.0   15.0
 1110950.066377 3.909E-29 5.370E-05.06320.250 1806.67000.63-.013300          3 0 0          0 0 0 12  5  8       13  0 13      334233837260713049    75.0   81.0
 1110950.081936 1.219E-23 1.579E-02.10330.481   42.37170.75-.010750          1 0 2          0 0 0  2  2  1        1  1  0      465350831567663136    15.0    9.0
 1110950.181424 1.642E-29 1.427E-04.05270.265 1960.20740.52-.002170          2 0 1          0 0 0 12  6  7       12  2 10      334230838794713155    25.0   25.0
 1110950.241319 3.321E-26 2.160E-03.06490.300 1122.70850.60-.009539          0 7 0          0 0 0  9  3  6        8  4  5      4643338372947031 8    57.0   51.0
 1110950.253030 2.280E-25 4.148E-02.06280.410 1059.64670.57-.019180          0 0 3          0 0 0  7  5  2        7  5  3      4643438373606630 7    15.0   15.0
 1110950.260091 3.147E-27 1.605E-03.05810.315 1340.88490.54-.023370          1 2 1          0 0 0 10  6  5        9  4  6      334233837294713152    21.0   19.0
 1110950.284629 3.998E-29 8.154E-06.06330.335 1131.77560.640.000000          0 7 0          0 0 0  9  3  7        8  4  4      2333308287659336 0    19.0   17.0
 1110950.464989 9.555E-29 1.426E-02.08700.352 2439.95450.72-.010600          0 1 3          0 1 0  7  3  4        7  3  5      534233837294713152    15.0   15.0
 1110950.651983 2.739E-27 4.981E-05.08620.352  782.40980.71-.008310          0 0 3          0 0 0  6  4  2        7  2  5      464233837360713049    39.0   45.0
 1110950.691073 9.654E-30 1.346E-04.07700.425 1922.82900.670.000000         -2 6-2          0 1 0  6  0  6        5  1  5      2333308287659336 0    13.0   11.0
 1110950.728670 1.130E-27 8.003E-03.05010.288 2144.04630.570.000000         -2 3-2          0 0 0 12  7  6       11  6  5      1333308287659336 0    75.0   69.0
 1110950.845637 1.763E-24 1.071E-02.07600.309  586.24350.61-.021150          1 0 2          0 0 0  7  1  6        7  0  7      4643538315676631 7    45.0   45.0
 1110951.051204 2.712E-28 6.321E-03.06680.352 2309.73020.56-.008720          1 1 2          0 1 0  8  2  7        7  1  6      334233837294713152    51.0   45.0
 1110951.262596 4.892E-26 9.137E-03.08030.370 1360.23530.73-.021584          0 2 2          0 0 0 10  5  6        9  4  5      3244438315947031 7    63.0   57.0
 1110951.263952 2.858E-29 9.487E-07.06400.352  709.60820.57-.027260          0 7 0          0 0 0  7  3  5        7  2  6      4322338372947131 9    15.0   15.0
 1110951.438701 1.375E-27 1.339E-03.05300.298 1718.71880.53-.024980          0 4 1          0 0 0 11  7  5       10  5  6      344233838494713152    69.0   63.0
 1110951.473722 8.961E-29 2.855E-04.05380.265 1962.50690.51-.014400          0 0 3          0 0 0 11  5  7       12  3 10      364233837360713049    69.0   75.0
 1110951.483770 5.040E-29 5.982E-03.07300.315 2688.07990.63-.019380          2 1 1          0 1 0 10  3  7        9  1  8      334233837294713152    63.0   57.0
 1110951.566099 8.933E-24 1.578E-01.05430.359  742.07630.56-.019850          0 0 3          0 0 0  5  5  1        5  5  0      464340837367663036    33.0   33.0
 1110951.577307 2.978E-24 1.579E-01.04890.391  742.07300.56-.021700          0 0 3          0 0 0  5  5  0        5  5  1      4642408373217130 3    11.0   11.0
 1110951.595196 1.680E-27 3.859E-05.07120.333  885.60020.64-.000210          0 2 2          0 0 0  8  5  4        8  2  7      434233837294713152    51.0   51.0
 1110951.610165 9.398E-30 3.642E-02.08310.281 3441.03950.74-.000630          2 1 1          0 1 0 12  5  7       11  3  8      332230837294713152    75.0   69.0
 1110951.614444 6.873E-27 1.042E-01.09650.456 1743.48630.74-.010440          0 1 3          0 1 0  2  2  1        2  2  0      434233837294713152     5.0    5.0
 1110951.630789 1.565E-27 1.488E-05.07720.352  704.21410.66-.005640          3 0 0          0 0 0  8  4  5        7  1  6      434233837260713049    51.0   45.0
 1110951.635967 1.921E-28 3.966E-05.07920.200 1360.23530.74-.017400          2 2 0          0 0 0  9  7  2        9  4  5      332230837294703152    57.0   57.0
 1110951.643761 6.177E-31 1.323E-02.01950.182 3647.45950.060.000000          1 0 2          0 0 0 18  2 16       18  1 17      2333308387659336 0    37.0   37.0
 1110951.664136 2.364E-29 1.973E-03.08740.352 2572.13920.74-.016550          0 1 3          0 1 0  8  2  6        7  4  3      534233837294713152    51.0   45.0
 1110951.790025 7.528E-25 6.884E-02.06130.411  888.63270.56-.018000          0 0 3          0 0 0  6  5  2        6  5  1      465341837362663020    13.0   13.0
 1110951.880205 8.422E-31 4.018E-07.04490.259 1327.11760.490.000000          2 2 0          0 0 0 10  6  4       11  1 11      3333308387659336 0    21.0   23.0
 1110951.887126 2.264E-24 6.900E-02.06550.276  888.59870.56-.021620          0 0 3          0 0 0  6  5  1        6  5  2      4664438373676630 7    39.0   39.0
 1110952.022754 1.796E-27 1.884E-03.04450.281 1525.13600.42-.020122          1 2 1          0 0 0 12  4  9       11  2 10      3342338372947131 8    25.0   23.0
 1110952.140832 1.019E-29 2.096E-04.09040.443 1875.46970.720.000000          0 6 1          0 1 0  3  1  2        4  1  3      2333308287659336 0     7.0    9.0
 1110952.157662 1.707E-29 6.226E-06.07170.315 1477.29740.72-.022990          3 0 0          0 0 0  9  8  1        9  5  4      432230837260713049    57.0   57.0
 1110952.272039 1.199E-27 1.439E-02.02950.250 2042.37410.25-.034020          1 0 2          0 0 0 13  3 11       13  2 12      334233837294713152    27.0   27.0
 1110952.411485 3.839E-29 4.521E-03.03520.298 2705.13960.27-.036230          1 1 2          0 1 0 11  0 11       10  1 10      334233807294713152    69.0   63.0
 1110952.447987 1.272E-29 4.493E-03.03520.298 2705.09690.27-.036140          1 1 2          0 1 0 11  1 11       10  0 10      334233807294713152    23.0   21.0
 1110952.481951 9.004E-29 1.601E-04.08050.298 1616.45310.72-.014210          0 5 1          0 0 0 11  0 11       10  4  6      3342338372947131 9    23.0   21.0
 1110952.519554 6.900E-24 9.868E-03.08440.464  224.83840.69-.017000          1 0 2          0 0 0  5  0  5        4  1  4      465430831567663136    33.0   27.0
 1110952.613900 5.426E-30 8.101E-05.02020.235 2327.91400.09-.022740          0 5 1          0 0 0 14  0 14       14  2 13      3322338372947131 9    87.0   87.0
 1110952.624930 2.575E-29 1.086E-02.04190.352 2905.43350.42-.027350          0 3 2          0 1 0  8  7  2        7  6  1      334233837294713152    51.0   45.0
 1110952.624973 4.217E-29 6.953E-04.09660.412 1922.90110.74-.012640          0 1 3          0 1 0  5  0  5        4  2  2      534233837294713152    11.0    9.0
 1110952.628122 8.584E-30 1.086E-02.04180.352 2905.43060.42-.027210          0 3 2          0 1 0  8  7  1        7  6  2      334233837294713152    17.0   15.0
 1110952.741706 1.060E-29 6.209E-05.05870.281 1843.02960.57-.015730          1 0 2          0 0 0 10  7  3       11  4  8      332230837294713152    21.0   23.0
 1110952.744228 8.407E-30 2.563E-07.08370.371  888.59870.70-.015970          0 5 1          0 0 0  6  1  5        6  5  2      4322338372947131 9    39.0   39.0
 1110952.837245 3.486E-28 1.157E-05.07760.352  709.60820.69-.000350          1 2 1          0 0 0  7  6  1        7  2  6      432230837294713152    15.0   15.0
 1110952.853820 1.416E-28 2.229E-02.04300.255 2586.52970.520.000000         -2 1-2          0 0 0 14  6  8       13  5  9      1333308287659336 0    29.0   27.0
 1110953.249211 1.819E-28 1.971E-03.10250.456 1743.48630.76-.012950          0 1 3          0 1 0  3  0  3        2  2  0      534233837294713152     7.0    5.0
 1110953.339050 1.903E-27 1.467E-04.08620.333  882.89030.72-.009010          0 0 3          0 0 0  7  3  4        8  1  7      464233837360713049    15.0   17.0
 1110953.349665 3.538E-29 1.737E-03.08760.352 2462.87530.73-.015580          0 1 3          0 1 0  8  1  7        7  3  4      534233837294713152    51.0   45.0
 1110953.370483 6.202E-25 1.414E-02.09620.465  602.77350.72-.015390          0 0 3          0 0 0  6  2  5        6  2  4      4655438373676630 7    13.0   13.0
 1110953.441279 4.533E-27 1.600E-02.03700.265 1774.61630.34-.039110          1 0 2          0 0 0 12  2 10       12  1 11      334233837294713152    25.0   25.0
 1110953.591010 1.051E-26 1.552E-04.08300.300  542.90580.69-.005352          0 2 2          0 0 0  7  4  4        6  1  5      464333837294703156    15.0   13.0
 1110953.596997 3.313E-28 6.994E-03.05010.297 2142.59770.590.000000         -2 3-2          0 0 0 12  7  5       11  6  6      1333308287659336 0    25.0   23.0
 1110953.605628 2.641E-28 1.183E-02.02410.235 2327.88370.17-.039940          1 0 2          0 0 0 14  2 12       14  1 13      234233807294713152    29.0   29.0
 1110953.652270 1.088E-29 1.454E-02.01400.195 3291.1486-.01-.040000          1 0 2          0 0 0 17  2 15       17  1 16      234233837294713152   105.0  105.0
 1110953.706519 3.804E-29 5.999E-07.08390.352  782.40980.73-.000760          1 4 0          0 0 0  7  7  0        7  2  5      442230838494713152    45.0   45.0
 1110953.738259 2.473E-29 2.039E-06.07390.333 1122.70850.66-.034460          0 5 1          0 0 0  7  2  6        8  4  5      3322338372947131 9    45.0   51.0
 1110953.814697 3.657E-30 1.466E-02.01540.195 3291.15210.03-.040000          1 0 2          0 0 0 17  3 15       17  2 16      332230837294713152    35.0   35.0
 1110953.963561 5.864E-25 1.070E-02.07180.472  586.47920.58-.016000          1 0 2          0 0 0  7  2  6        7  1  7      464343837267663159    15.0   15.0
 1110953.983046 2.655E-25 3.407E-02.08110.400 1282.91910.70-.025000          2 0 1          0 0 0 10  5  5        9  3  6      434333838794703159    63.0   57.0
 1110954.054517 7.147E-30 8.148E-03.06710.314 3109.91160.620.000000         -2 3-2          0 1 0  8  8  1        7  7  0      1333308287659336 0    51.0   45.0
 1110954.054545 2.382E-30 8.147E-03.06710.317 3109.91160.610.000000         -2 3-2          0 1 0  8  8  0        7  7  1      1333308287659336 0    17.0   15.0
 1110954.057130 3.296E-30 4.565E-07.07310.333 1255.16680.66-.022740          0 5 1          0 0 0  8  1  7        8  5  4      3322338372947131 9    51.0   51.0
 1110954.111161 1.175E-29 8.566E-03.05130.253 3127.86190.460.000000          1 4 0          0 0 0 14  9  6       13  8  5      1433308284659336 0    87.0   81.0
 1110954.123668 1.516E-27 4.140E-04.06710.314 1394.81420.620.000000         -2 5-2          0 0 0  8  8  1        7  7  0      1333308287659336 0    51.0   45.0
 1110954.123719 5.052E-28 4.139E-04.06710.317 1394.81420.610.000000         -2 5-2          0 0 0  8  8  0        7  7  1      2333308287659336 0    17.0   15.0
 1110954.126374 2.628E-29 1.918E-06.07520.315  920.21000.67-.005520          1 2 1          0 0 0  9  5  4        9  1  9      332233837294713155    19.0   19.0
 1110954.188275 3.914E-30 8.558E-03.05950.255 3127.80280.490.000000          1 4 0          0 0 0 14  9  5       13  8  6      1433308284659336 0    29.0   27.0
 1110954.224793 5.405E-28 1.248E-04.08200.315 1360.23530.75-.016250          0 0 3          0 0 0  8  6  2        9  4  5      364233837360713049    51.0   57.0
 1110954.257461 1.830E-30 2.841E-05.09850.412 1817.45120.74-.005690          0 1 3          0 1 0  3  2  1        4  0  4      532230837294713152     7.0    9.0
 1110954.280810 5.094E-27 6.339E-05.08790.352  704.21410.72-.008330          0 0 3          0 0 0  6  3  3        7  1  6      464233837360713049    39.0   45.0
 1110954.323562 2.630E-26 6.397E-04.08510.270  920.16840.64-.002470          2 0 1          0 0 0  9  4  6        9  0  9      3333438387627031 8    57.0   57.0
 1110954.345122 2.043E-26 1.027E-01.09640.300 1742.30560.74-.014740          0 1 3          0 1 0  2  2  0        2  2  1      4643338372947031 7    15.0   15.0
 1110954.523356 7.146E-29 7.735E-05.06850.315 1474.98080.69-.023250          3 0 0          0 0 0  9  8  2        9  5  5      334233837260713049    19.0   19.0
 1110954.572184 1.415E-29 5.837E-05.06070.250 1806.67150.61-.006570          2 0 1          0 0 0 12  5  8       13  1 13      332230838794713152    25.0   27.0
 1110954.647030 3.392E-26 4.784E-04.08210.471  503.96810.72-.022000          0 0 3          0 0 0  6  1  6        5  3  3      463340837362663020    13.0   11.0
 1110954.851383 9.688E-28 1.447E-02.02550.235 2327.91400.20-.039010          1 0 2          0 0 0 14  3 12       14  2 13      334233837294713152    87.0   87.0
 1110954.945622 5.387E-30 1.882E-06.02230.281 1524.84790.09-.014350          0 7 0          0 0 0 12  2 11       11  1 10      3322338372947131 9    75.0   69.0
 1110955.076426 3.173E-27 3.020E-05.07770.352  704.21410.68-.013354          1 2 1          0 0 0  8  5  3        7  1  6      4342438372947131 8    51.0   45.0
 1110955.078866 9.670E-26 4.095E-04.08910.426  222.05280.72-.013420          2 0 1          0 0 0  5  4  1        4  0  4      4354438387676631 8    11.0    9.0
 1110955.140789 7.314E-29 1.340E-02.02130.221 2631.28350.14-.040000          1 0 2          0 0 0 15  3 13       15  2 14      334233837294713152    31.0   31.0
 1110955.282612 3.322E-28 1.143E-04.06820.315 1216.23130.63-.011190          1 0 2          0 0 0  8  6  2        9  3  7      334233837294713152    17.0   19.0
 1110955.334872 5.364E-29 1.465E-02.01680.208 2952.39370.05-.040000          1 0 2          0 0 0 16  3 14       16  2 15      234233837294713152    99.0   99.0
 1110955.427674 7.208E-28 9.674E-03.07040.265 2275.37290.63-.013820          0 0 3          0 0 0 12  5  7       12  5  8      364233837360713049    75.0   75.0
 1110955.520962 2.368E-28 1.446E-02.02150.221 2631.26890.14-.040000          1 0 2          0 0 0 15  2 13       15  1 14      334233837294713152    93.0   93.0
 1110955.524073 1.038E-30 1.958E-08.07500.373  488.13420.680.000000          1 5 0          0 0 0  4  1  3        4  4  0      2333308287659336 0     9.0    9.0
 1110955.632370 3.401E-29 1.240E-04.07360.298 1724.70540.73-.025310          0 0 3          0 0 0  9  7  2       10  5  5      364233807360713049    19.0   21.0
 1110955.646984 1.391E-29 4.318E-03.03780.298 2904.42840.32-.035720          1 1 2          0 1 0 11  1 10       10  2  9      334233837294713152    69.0   63.0
 1110955.795226 6.367E-29 9.033E-06.07820.315 1282.91910.69-.009270          0 2 2          0 0 0  9  6  3        9  3  6      434233837294713152    57.0   57.0
 1110955.835212 1.036E-30 9.174E-05.06280.265 2437.50190.66-.032910          3 0 0          0 0 0 12  9  3       12  6  6      332230837260713049    25.0   25.0
 1110955.901412 1.028E-30 1.872E-07.07810.352 1059.64670.67-.017970          0 5 1          0 0 0  7  1  6        7  5  3      3322338372947131 9    15.0   15.0
 1110955.914387 1.734E-29 1.421E-02.01990.200 2952.38660.310.000000          1 0 2          0 0 0 16  2 14       16  1 15      1333308287659336 0    33.0   33.0
 1110955.942783 6.722E-25 3.606E-03.08270.380  586.24350.68-.014820          2 0 1          0 0 0  8  2  6        7  0  7      4333338387676631 7    51.0   45.0
 1110955.990149 4.829E-30 7.275E-04.07370.333 2490.35410.66-.017070          1 3 1          0 1 0  9  5  4        8  1  7      332233837294713155    19.0   17.0
 1110956.008346 2.180E-28 5.011E-06.05910.355  885.60020.630.000000          0 7 0          0 0 0  8  3  6        8  2  7      2333308287659336 0    51.0   51.0
 1110956.037658 4.545E-29 2.037E-03.03980.221 2327.88380.460.000000         -2 4-2          0 0 0 14  5 10       14  1 13      1333308287659336 0    29.0   29.0
 1110956.135008 2.306E-24 9.767E-03.08210.431  222.05280.70-.014000          1 0 2          0 0 0  5  1  5        4  0  4      467441831562663120    11.0    9.0
 1110956.234240 1.546E-26 4.006E-03.05050.365 1446.12820.66-.012810          3 0 0          0 0 0 11  4  7       10  3  8      364333837262663059    69.0   63.0
 1110956.271376 3.564E-28 5.327E-05.06930.298 1293.63410.65-.001450          1 0 2          0 0 0  9  5  4       10  2  9      434233837294713152    57.0   63.0
 1110956.349538 5.806E-29 2.667E-04.08640.428 1618.55710.740.000000          1 6 0          0 1 0  1  1  0        1  0  1      2333308287659336 0     9.0    9.0
 1110956.410496 2.391E-30 6.584E-03.03080.265 3144.56920.25-.034970          1 1 2          0 1 0 12  1 11       12  0 12      332230837294713152    25.0   25.0
 1110956.440150 3.670E-31 1.210E-06.05530.305 1724.70540.620.000000          0 7 0          0 0 0 10  4  6       10  5  5      1333308287659336 0    21.0   21.0
 1110956.504512 1.102E-25 2.515E-02.07740.361 1131.77560.73-.017090          0 0 3          0 0 0  8  4  5        8  4  4      4654438373787030 7    17.0   17.0
 1110956.635197 8.401E-30 3.031E-03.04630.315 2690.59370.40-.034370          1 1 2          0 1 0 10  1  9        9  2  8      332230837294713152    21.0   19.0
 1110956.683329 1.808E-27 5.036E-04.07870.315 1216.23130.69-.005450          0 2 2          0 0 0 10  4  6        9  3  7      334233837294713155    21.0   19.0
 1110956.742720 3.531E-24 1.339E-02.10280.511   37.13710.75-.012900          1 0 2          0 0 0  2  2  0        1  1  1      4644238315676631 7     5.0    3.0
 1110956.763042 2.051E-27 3.236E-05.08260.352  782.40980.71-.006040          2 0 1          0 0 0  7  6  2        7  2  5      434233838794713152    45.0   45.0
 1110956.956702 1.097E-28 1.303E-02.04550.315 2688.07990.38-.025820          1 1 2          0 1 0 10  2  9        9  1  8      334233837294713152    63.0   57.0
 1110956.983311 3.695E-30 7.959E-06.05400.317 1616.45310.630.000000         -2 5-2          0 0 0  9  0  9       10  4  6      1333308287659336 0    19.0   21.0
 1110957.017243 7.281E-30 6.684E-03.03110.265 3144.57880.25-.035470          1 1 2          0 1 0 12  2 11       12  1 12      332230837294713152    75.0   75.0
 1110957.051185 3.242E-25 9.506E-03.07620.340  709.60820.62-.005000          2 0 1          0 0 0  8  4  5        7  2  6      435341838762663120    17.0   15.0
 1110957.174534 1.323E-24 8.158E-03.10440.443  206.30140.75-.013000          0 0 3          0 0 0  3  0  3        3  2  2      463443837367663059     7.0    7.0
 1110957.200573 7.116E-28 2.493E-03.06840.281 1998.99530.68-.031120          0 4 1          0 0 0 12  7  5       11  5  6      344233838494713152    75.0   69.0
 1110957.320008 6.257E-27 3.544E-04.07690.350 1114.54990.67-.017300          2 0 1          0 0 0 10  3  7       10  1 10      334443838794703152    63.0   63.0
 1110957.577001 2.736E-27 3.916E-06.09030.300  224.83840.72-.008860          0 2 2          0 0 0  5  4  1        4  1  4      4343338372947031 8    33.0   27.0
 1110957.611781 2.278E-30 2.738E-05.03610.242 2042.37410.450.000000          0 4 1          0 0 0 13  6  7       13  2 12      1433308284659336 0    27.0   27.0
 1110957.619768 2.923E-30 5.170E-08.06530.356  742.07630.660.000000          1 5 0          0 0 0  5  2  3        5  5  0      2333308287659336 0    33.0   33.0
 1110957.674675 2.316E-28 4.118E-05.07070.315 1080.38540.64-.003970          1 0 2          0 0 0  8  5  3        9  2  8      334233837294713152    17.0   19.0
 1110957.784211 4.983E-27 8.868E-03.08010.300 1616.45310.72-.019530          0 2 2          0 0 0 11  5  7       10  4  6      334333837294703152    23.0   21.0
 1110957.921059 3.038E-27 4.636E-02.09630.300 1813.78760.74-.008970          0 1 3          0 1 0  3  2  1        3  2  2      534333837294703152     7.0    7.0
 1110957.927922 2.354E-30 1.769E-03.06410.315 2841.43080.58-.040000          1 1 2          0 1 0 10  2  8        9  3  7      332230837294713152    21.0   19.0
 1110958.002302 1.947E-30 2.157E-04.07260.360 2630.19260.650.000000          1 6 0          0 1 0  8  2  7        8  3  6      1333308287659336 0    51.0   51.0
 1110958.164775 8.075E-29 3.282E-04.09900.434 1819.33510.75-.012980          0 1 3          0 1 0  4  0  4        3  2  1      734233837294713152    27.0   21.0
 1110958.229180 1.872E-27 4.368E-06.09070.391  325.34790.72-.006210          3 0 0          0 0 0  5  5  0        5  0  5      434233837260713049    33.0   33.0
 1110958.294716 3.876E-30 3.513E-03.02910.281 2915.89430.20-.039180          1 1 2          0 1 0 12  0 12       11  1 11      332230837294713152    25.0   23.0
 1110958.316035 1.165E-29 3.519E-03.02910.281 2915.87430.20-.039140          1 1 2          0 1 0 12  1 12       11  0 11      334233837294713152    75.0   69.0
 1110958.598201 1.227E-26 1.709E-04.08520.426  782.40980.70-.019640          0 0 3          0 0 0  8  0  8        7  2  5      4643438373606630 8    51.0   45.0
 1110958.799482 3.291E-30 2.798E-03.03600.265 3144.57880.34-.015810          1 3 1          0 1 0 13  3 11       12  1 12      332230837294713152    81.0   75.0
 1110958.893161 8.757E-30 4.672E-02.10630.480 3175.44120.76-.004850          0 2 3          0 2 0  2  0  2        1  0  1      332230837294713152    15.0    9.0
 1110959.042350 3.657E-31 1.422E-02.04250.208 3758.39680.380.000000          0 5 1          0 0 0 17  7 10       16  5 11      1333308287659336 0    35.0   33.0
 1110959.050679 1.242E-28 4.058E-03.05500.248 2248.06450.480.000000          3 0 0          0 0 0 13  6  8       13  3 11      1333308287659336 0    27.0   27.0
 1110959.401788 1.160E-29 2.030E-03.05730.352 2724.16710.58-.033970          2 1 1          0 1 0  8  7  1        7  5  2      334233837294713152    51.0   45.0
 1110959.457278 7.978E-27 9.111E-03.05920.300 1525.13600.57-.012310          3 0 0          0 0 0 11  5  7       11  2 10      334333837260703049    23.0   23.0
 1110959.482856 1.869E-27 4.486E-03.04920.300 1695.06860.46-.009380          1 2 1          0 0 0 12  5  8       11  3  9      234333837294703155    25.0   23.0
 1110959.507298 8.008E-29 2.288E-04.05870.281 1695.06860.55-.012910          0 0 3          0 0 0 10  5  6       11  3  9      364233837360713049    21.0   23.0
 1110959.526914 3.856E-30 2.023E-03.05650.352 2724.04140.57-.033950          2 1 1          0 1 0  8  7  2        7  5  3      332230837294713152    17.0   15.0
 1110959.594227 3.545E-27 2.088E-04.08320.300 1079.07960.71-.010580          0 0 3          0 0 0  8  3  5        9  1  8      364333837360703049    51.0   57.0
 1110959.643377 5.798E-30 2.421E-06.07200.333 1255.91160.73-.020530          3 0 0          0 0 0  8  8  0        8  5  3      332230837260713049    17.0   17.0
 1110959.742018 3.299E-28 5.742E-05.08560.333 1050.15770.73-.013200          0 0 3          0 0 0  7  5  2        8  3  5      464233837360713049    15.0   17.0
 1110959.817084 3.484E-29 1.191E-04.09770.434 1731.89670.74-.008930          1 1 2          0 1 0  3  3  0        3  0  3      4342338372947131 8    21.0   21.0
 1110959.940076 1.453E-30 6.515E-05.04250.221 2327.88380.460.000000          0 5 1          0 0 0 14  1 14       14  1 13      1333308287659336 0    29.0   29.0
 1110960.069102 1.580E-26 8.080E-02.10650.300 1640.50580.76-.016660          0 1 3          0 1 0  1  1  1        1  1  0      4643338372947031 7     9.0    9.0
 1110960.101643 1.248E-27 1.636E-05.06190.332  744.16270.590.000000          1 5 0          0 0 0  7  0  7        8  1  8      4333308387659336 0    45.0   51.0
 1110960.259303 9.494E-28 3.610E-04.05730.281 1524.84790.55-.001530          2 0 1          0 0 0 11  5  7       11  1 10      334233838794713152    69.0   69.0
 1110960.279893 4.212E-30 2.267E-03.08480.315 2998.76630.75-.017460          0 1 3          0 1 0 10  2  8        9  4  5      332230837294713152    63.0   57.0
 1110960.390432 3.966E-29 5.500E-06.07100.333 1255.16680.72-.020690          3 0 0          0 0 0  8  8  1        8  5  4      432230837260713049    51.0   51.0
 1110960.400434 1.930E-29 5.482E-06.06110.298 1446.12820.60-.000240          0 4 1          0 0 0 10  7  3       10  3  8      342233838494713155    63.0   63.0
 1110960.412449 7.122E-30 1.416E-02.05790.221 3360.60020.540.000000          0 4 1          0 0 0 16  7  9       15  5 10      2422338384947131 0    99.0   93.0
 1110960.495011 6.171E-27 1.331E-02.07640.300 1899.00820.69-.021970          0 2 2          0 0 0 12  5  8       11  4  7      334333837294703152    75.0   69.0
 1110960.540197 2.355E-28 6.262E-03.07360.265 2205.65270.69-.023120          0 0 3          0 0 0 13  2 11       12  4  8      364233837360713049    27.0   25.0
 1110960.641446 3.357E-29 4.200E-05.07050.281 1525.13600.67-.001930          1 0 2          0 0 0 10  5  5       11  2 10      332230837294713152    21.0   23.0
 1110960.644236 7.532E-26 2.322E-04.09100.554  382.51690.72-.022260          0 0 3          0 0 0  5  1  5        4  3  2      464343837362663059    33.0   27.0
 1110960.676281 1.522E-26 1.072E-04.09630.300  285.21930.73-.023030          0 0 3          0 0 0  4  1  4        3  3  1      4643338373607030 8     9.0    7.0
 1110960.697227 1.189E-30 1.963E-05.09000.412 1922.90110.74-.009830          3 1 0          0 1 0  5  5  1        4  2  2      332230837294713152    11.0    9.0
 1110960.916325 6.242E-30 2.051E-03.07060.281 2915.87430.65-.014700          0 3 2          0 1 0 11  3  8       11  0 11      232230807294713152    69.0   69.0
 1110961.007580 9.507E-25 2.009E-02.08600.456  842.35660.73-.014970          0 0 3          0 0 0  7  3  5        7  3  4      4655438373676630 7    45.0   45.0
 1110961.065185 1.311E-27 6.318E-06.08190.391  508.81210.73-.011100          2 2 0          0 0 0  6  6  1        5  3  2      434233837294713152    39.0   33.0
 1110961.084668 1.139E-29 1.769E-06.04750.278 1114.53220.500.000000          1 4 0          0 0 0 11  5  7       10  0 10      1433308284659336 0    23.0   21.0
 1110961.119346 5.852E-30 3.552E-02.10690.480 3201.91340.76-.007380          0 2 3          0 2 0  2  1  1        1  1  0      432230837294713152    15.0    9.0
 1110961.371770 1.443E-28 1.844E-03.09100.391 2130.49430.73-.015250          0 1 3          0 1 0  6  1  5        5  3  2      534233837294713152    39.0   33.0
 1110961.385849 3.820E-30 3.539E-03.03740.298 2903.14600.31-.032530          1 1 2          0 1 0 11  2 10       10  1  9      332230837294713152    23.0   21.0
 1110961.455130 3.883E-30 2.934E-02.09490.456 3316.14530.73-.009860          0 2 3          0 2 0  3  2  2        2  2  1      432230837294713152    21.0   15.0
 1110961.540103 1.838E-28 2.100E-04.04290.285 1525.13600.530.000000          0 6 0          0 0 0 11  7  5       11  2 10      1333308287659336 0    23.0   23.0
 1110961.579099 6.731E-31 2.907E-02.09370.444 3500.51070.710.000000          0 2 3          0 2 0  4  3  2        3  3  1      4333308387659336 0     9.0    7.0
 1110961.599126 1.438E-25 7.722E-04.07380.326  586.24350.62-.012702          0 2 2          0 0 0  8  3  6        7  0  7      4333438315676631 7    51.0   45.0
 1110961.615651 1.043E-28 1.232E-04.06540.298 1718.71880.66-.025920          0 0 3          0 0 0  9  7  3       10  5  6      364233837360713049    57.0   63.0
 1110961.800200 3.251E-25 1.128E-02.06270.349  744.06370.54-.020850          1 0 2          0 0 0  8  1  7        8  0  8      4454438315676631 7    17.0   17.0
 1110961.886423 8.750E-31 4.280E-05.08270.413 2146.26370.680.000000          1 6 0          0 1 0  5  2  4        6  1  5      2333308287659336 0    11.0   13.0
 1110961.913242 4.224E-30 2.501E-03.08630.333 2771.69010.75-.016640          0 1 3          0 1 0  9  2  7        8  4  4      332230837294713152    19.0   17.0
 1110962.088008 7.557E-27 1.556E-04.07240.300  885.60020.65-.008734          2 2 0          0 0 0  9  5  4        8  2  7      4343338372947031 8    57.0   51.0
 1110962.105624 1.497E-28 2.664E-05.07610.315 1080.38540.70-.011890          3 0 0          0 0 0  8  7  1        9  2  8      332230837260713049    17.0   19.0
 1110962.129998 5.326E-28 1.417E-02.04640.275 2205.65270.560.000000         -2 2-2          0 0 0 13  6  7       12  4  8      1333308287659336 0    27.0   25.0
 1110962.192784 2.594E-30 8.972E-04.06130.256 2748.09960.530.000000          1 0 2          0 0 0 14  5  9       13  6  8      1333308287659336 0    29.0   27.0
 1110962.341231 1.045E-28 1.777E-05.07660.298 1114.53220.67-.008710          0 2 2          0 0 0 10  3  7       10  0 10      332230837294713152    21.0   21.0
 1110962.345828 4.172E-29 5.237E-04.04120.271 2225.46920.560.000000          2 2 0          0 0 0 10 10  1        9  9  0      1333308287659336 0    63.0   57.0
 1110962.345829 1.391E-29 5.238E-04.04730.277 2225.46920.570.000000          2 2 0          0 0 0 10 10  0        9  9  1      1333308287659336 0    21.0   19.0
 1110962.408298 3.236E-29 1.004E-02.05990.235 2739.42850.55-.021244          1 2 1          0 0 0 15  5 10       14  3 11      234233837294713111    31.0   29.0
 1110962.447369 7.941E-30 7.411E-08.07030.362  610.34120.640.000000          1 5 0          0 0 0  5  1  4        5  4  1      2333308287659336 0    33.0   33.0
 1110962.552778 6.905E-30 1.266E-03.01930.209 2631.28350.420.000000          1 2 1          0 0 0 15  4 11       15  2 14      1333308287659336 0    31.0   31.0
 1110962.645001 3.008E-30 1.586E-07.06880.315 1079.07960.64-.000110          2 2 0          0 0 0  9  6  3        9  1  8      332230837294713152    57.0   57.0
 1110962.673422 1.965E-28 1.011E-02.06650.333 2495.16580.58-.001500          2 1 1          0 1 0  9  4  6        8  2  7      434233837294713152    57.0   51.0
 1110962.738219 3.462E-31 5.865E-05.03390.255 2586.52970.520.000000          0 7 0          0 0 0 13  4 10       13  5  9      1333308287659336 0    27.0   27.0
 1110962.772479 3.473E-27 4.648E-04.04340.300 1327.11000.41-.022980          1 2 1          0 0 0 12  2 10       11  0 11      334333837294703152    75.0   69.0
 1110962.879746 2.976E-30 1.293E-05.02850.213 2073.51570.440.000000          2 2 0          0 0 0 14  4 11       14  1 14      1333308287659336 0    87.0   87.0
 1110962.893328 3.268E-28 4.891E-05.07080.298 1293.63410.68-.013140          3 0 0          0 0 0  9  7  2       10  2  9      434233837260713049    57.0   63.0
 1110962.910452 1.303E-30 3.326E-03.03320.246 3144.56920.480.000000          1 1 2          0 1 0 13  1 13       12  0 12      1333308287659336 0    27.0   25.0
 1110962.924663 1.997E-30 2.878E-02.08680.434 3500.63870.71-.011660          0 2 3          0 2 0  4  3  1        3  3  0      432230837294713152    27.0   21.0
 1110962.962518 1.788E-29 2.697E-03.06910.333 2490.35410.60-.008380          3 1 0          0 1 0  9  4  6        8  1  7      334233837294713152    19.0   17.0
 1110962.993057 4.150E-29 2.745E-06.05780.302  920.21000.560.000000          0 4 1          0 0 0 10  5  6        9  1  9      1433308384659336 0    21.0   19.0
 1110963.121687 2.150E-29 2.230E-04.08640.428 1664.96460.740.000000          1 6 0          0 1 0  2  1  1        2  0  2      2333308287659336 0     5.0    5.0
 1110963.211601 5.844E-23 1.201E-01.10220.434  136.76170.76-.022000          0 0 3          0 0 0  2  0  2        3  0  3      465243837367713059    15.0   21.0
 1110963.271132 2.930E-29 2.039E-03.08950.371 2282.58960.74-.015450          0 1 3          0 1 0  7  1  6        6  3  3      534233837294713152    15.0   13.0
 1110963.280654 3.823E-29 7.370E-03.03390.268 2613.10460.530.000000          0 7 0          0 0 0 13  8  6       12  7  5      1333308287659336 0    27.0   25.0
 1110963.297111 2.278E-29 5.205E-06.06490.335 1131.77560.640.000000          1 5 0          0 0 0  8  1  7        8  4  4      2333308287659336 0    17.0   17.0
 1110963.355612 1.084E-28 8.901E-03.04640.271 2437.50190.550.000000         -2 3-2          0 0 0 13  7  7       12  6  6      1333308287659336 0    27.0   25.0
 1110963.414834 1.469E-29 1.677E-05.03770.246 1557.84440.480.000000          2 2 0          0 0 0 13  3 11       12  0 12      1333308287659336 0    27.0   25.0
 1110963.449208 9.669E-29 1.289E-04.07310.298 1538.14950.66-.004630          2 0 1          0 0 0 10  7  4       10  3  7      334233838794713152    21.0   21.0
 1110963.457703 2.713E-26 1.457E-03.05590.300 1059.83550.53-.023960          0 2 2          0 0 0  8  6  3        7  5  2      464333837294703152    51.0   45.0
 1110963.462951 3.467E-28 3.498E-03.05590.250 2246.88480.54-.025750          1 2 1          0 0 0 14  4 10       13  2 11      334233837294713152    87.0   81.0
 1110963.531670 1.022E-29 1.038E-02.04690.236 2983.39640.480.000000          0 4 1          0 0 0 15  7  8       14  5  9      1433308284659336 0    31.0   29.0
 1110963.535660 8.832E-25 1.022E-02.06310.299  744.16270.53-.021000          1 0 2          0 0 0  8  2  7        8  1  8      4654438315676631 7    51.0   51.0
 1110963.575819 1.176E-28 7.547E-03.03390.271 2612.79980.550.000000          0 7 0          0 0 0 13  8  5       12  7  6      1333308287659336 0    81.0   75.0
 1110963.663528 1.125E-29 4.917E-04.06240.250 2533.79320.58-.004580          2 0 1          0 0 0 13  8  6       13  4  9      334233838794713152    81.0   81.0
 1110963.677180 8.931E-27 1.437E-03.07440.300 1059.64670.52-.023420          0 2 2          0 0 0  8  6  2        7  5  3      434333837265703152    17.0   15.0
 1110963.707046 1.009E-28 4.259E-03.05560.274 2300.68500.560.000000          0 4 1          0 0 0 13  5  8       12  5  7      1433308284659336 0    27.0   25.0
 1110963.719994 3.883E-26 4.728E-02.08220.587 1538.14950.71-.013120          2 0 1          0 0 0 11  5  6       10  3  7      3343438387946631 8    23.0   21.0
 1110963.789468 7.578E-28 3.998E-05.06650.328 1079.07960.600.000000          1 5 0          0 0 0  9  0  9        9  1  8      1333308287659336 0    57.0   57.0
 1110963.889964 5.122E-30 3.832E-06.06240.321 1437.96860.590.000000          0 4 1          0 0 0 11  6  5       10  2  8      1433308284659336 0    23.0   21.0
 1110963.933028 1.264E-27 5.076E-04.04220.281 1327.11760.40-.013410          1 2 1          0 0 0 12  3 10       11  1 11      334233837294713152    25.0   23.0
 1110964.142812 5.673E-30 5.539E-06.07390.298 1718.71880.65-.017360          1 0 2          0 0 0 11  4  7       10  5  6      332230837294713152    69.0   63.0
 1110964.151753 1.282E-30 1.091E-03.02450.265 3144.57880.14-.040000          1 1 2          0 1 0 13  0 13       12  1 12      332230837294713152    81.0   75.0
 1110964.286385 7.838E-31 6.634E-03.02910.232 3391.13080.400.000000          1 1 2          0 1 0 13  2 12       13  1 13      2333308387659336 0    27.0   27.0
 1110964.304356 1.719E-23 1.089E-01.09790.508  142.27850.75-.015230          0 0 3          0 0 0  2  1  2        3  1  3      4654438373676630 7     5.0    7.0
 1110964.325939 8.678E-29 9.626E-03.08450.333 2630.19260.71-.011810          0 1 3          0 1 0  8  3  5        8  3  6      534233837294713152    51.0   51.0
 1110964.356185 6.797E-28 2.766E-02.07360.250 2533.79320.67-.021416          1 2 1          0 0 0 14  6  8       13  4  9      2342338372947131 9    87.0   81.0
 1110964.373642 4.949E-28 1.291E-05.08140.333  885.60020.72-.010670          3 0 0          0 0 0  7  7  0        8  2  7      434233837260713049    45.0   51.0
 1110964.404904 4.886E-30 3.829E-06.05980.299 1690.66440.560.000000          1 5 0          0 0 0 12  1 12       11  2  9      1333308287659336 0    75.0   69.0
 1110964.567234 1.288E-30 3.414E-03.03050.281 3136.41250.23-.037620          1 1 2          0 1 0 12  1 11       11  2 10      332230837294713152    25.0   23.0
 1110964.669459 2.361E-28 4.764E-06.08990.371  542.90580.72-.007200          0 0 3          0 0 0  5  3  2        6  1  5      462230837360713049    11.0   13.0
 1110964.754077 1.739E-29 8.328E-05.10180.434 1731.89670.75-.003910          0 1 3          0 1 0  2  2  0        3  0  3      432230837294713152    15.0   21.0
 1110964.812417 6.834E-26 5.399E-04.06920.275  610.34120.67-.019980          2 0 1          0 0 0  6  6  0        5  4  1      4343438387947031 7    39.0   33.0
 1110965.039182 2.294E-26 5.431E-04.06820.391  610.11440.66-.026570          2 0 1          0 0 0  6  6  1        5  4  2      4342338387947131 8    13.0   11.0
 1110965.071620 2.226E-24 4.534E-03.10410.496  134.90160.76-.014100          0 0 3          0 0 0  2  0  2        2  2  1      4655438373676630 7    15.0   15.0
 1110965.099035 4.378E-29 7.420E-03.04300.255 2586.52970.520.000000         -2 0-2          0 0 0 13  1 12       13  5  9      1333308287659336 0    27.0   27.0
 1110965.104874 8.743E-31 9.237E-03.03430.236 3465.07000.400.000000          1 4 0          0 0 0 15  9  7       14  8  6      1433308284659336 0    31.0   29.0
 1110965.123186 1.416E-30 4.087E-03.03140.203 3211.05580.340.000000          3 0 0          0 0 0 16  5 11       16  2 14      1333308287659336 0    33.0   33.0
 1110965.160235 1.064E-28 6.891E-03.06980.250 2629.33450.67-.027000          0 4 1          0 0 0 14  7  7       13  5  8      242230838494713152    87.0   81.0
 1110965.313302 2.619E-30 9.215E-03.03430.237 3464.88740.430.000000          1 4 0          0 0 0 15  9  6       14  8  7      1433308284659336 0    93.0   87.0
 1110965.327969 1.165E-29 2.663E-06.07790.300 1131.77560.73-.016710          2 2 0          0 0 0  8  7  1        8  4  4      432230837294703152    17.0   17.0
 1110965.352056 1.994E-29 1.609E-04.04570.268 1960.20740.530.000000          2 2 0          0 0 0 13  5  9       12  2 10      1333308287659336 0    27.0   25.0
 1110965.390400 3.933E-29 6.852E-06.08680.333 1050.15770.72-.014080          0 5 1          0 0 0  7  1  6        8  3  5      3322338372947131 9    15.0   17.0
 1110965.479430 1.462E-24 8.726E-03.07620.342  326.62550.62-.018890          1 0 2          0 0 0  6  0  6        5  1  5      4653338315676631 7    13.0   11.0
 1110965.671636 3.132E-24 1.127E-02.09630.475   95.17590.74-.013850          1 0 2          0 0 0  3  2  2        2  1  1      4653238315676631 7     7.0    5.0
 1110965.794796 5.990E-30 1.656E-03.06570.250 2927.94130.60-.016920          0 0 3          0 0 0 14  5  9       13  7  6      362230837360713049    87.0   81.0
 1110965.831246 3.626E-30 3.194E-03.03050.281 3135.76480.23-.037550          1 1 2          0 1 0 12  2 11       11  1 10      332230837294713152    75.0   69.0
 1110965.909459 4.213E-28 5.955E-06.07900.391  503.96810.71-.010860          2 2 0          0 0 0  6  6  0        5  3  3      432230837294713152    13.0   11.0
 1110966.048969 3.740E-29 1.979E-04.09280.412 1821.59680.72-.009790          0 6 1          0 1 0  3  1  3        4  1  4      2322338372947131 9    21.0   27.0
 1110966.088945 3.872E-27 2.425E-02.09500.412 1908.01630.73-.008980          0 1 3          0 1 0  4  2  2        4  2  3      534233837294713152    27.0   27.0
 1110966.121031 2.885E-27 1.174E-02.09190.300 1819.33510.72-.009760          1 1 2          0 1 0  4  3  2        3  2  1      534333837294703152    27.0   21.0
 1110966.247715 3.519E-25 2.908E-03.08900.447  648.97870.71-.022470          1 0 2          0 0 0  7  2  5        6  3  4      4434238315676631 7    45.0   39.0
 1110966.271773 1.257E-30 1.012E-05.08990.391 2000.86300.70-.003870          0 6 1          0 1 0  5  1  5        5  1  4      3322338372947131 9    33.0   33.0
 1110966.563137 8.994E-28 2.348E-05.07470.333  885.60020.66-.005890          1 0 2          0 0 0  7  5  2        8  2  7      434233837294713152    45.0   51.0
 1110966.841881 1.016E-30 1.521E-04.08150.379 2439.95450.670.000000          1 6 0          0 1 0  7  2  6        7  3  5      1333308287659336 0    15.0   15.0
 1110966.859010 8.834E-30 4.567E-02.09830.456 3237.91730.74-.007860          0 2 3          0 2 0  3  1  3        2  1  2      432230837294713152    21.0   15.0
 1110966.864248 8.188E-30 6.223E-05.06240.292 1875.46180.610.000000          1 0 2          0 0 0  9  9  1       10  6  4      3333308387659336 0    19.0   21.0
 1110966.939850 1.552E-29 1.683E-04.04840.250 2246.88480.49-.000440          2 0 1          0 0 0 13  6  8       13  2 11      334233838794713152    81.0   81.0
 1110967.113708 1.179E-24 3.842E-02.07950.352  931.23710.69-.022140          0 0 3          0 0 0  7  4  4        7  4  3      4642438373607130 7    45.0   45.0
 1110967.129992 8.452E-29 5.963E-07.09000.391  326.62550.72-.002640          2 0 1          0 0 0  5  5  0        5  1  5      432230838794713152    11.0   11.0
 1110967.150255 4.360E-24 8.623E-03.07390.391  325.34790.62-.009850          1 0 2          0 0 0  6  1  6        5  0  5      464230831567713136    39.0   33.0
 1110967.151328 1.258E-30 2.869E-02.09820.456 3317.21060.75-.008870          0 2 3          0 2 0  3  2  1        2  2  0      432230837294713152     7.0    5.0
 1110967.207926 4.358E-30 5.350E-04.07030.371 2399.16550.66-.027680          2 1 1          0 1 0  7  6  1        6  4  2      332230837294713152    15.0   13.0
 1110967.352697 2.461E-29 6.220E-05.06640.305 1874.97300.620.000000          1 0 2          0 0 0  9  9  0       10  6  5      3333308387659336 0    57.0   63.0
 1110967.509093 9.323E-31 1.691E-05.06080.281 2054.36870.580.000000          0 0 3          0 0 0  9  9  0       10  7  3      3333308387659336 0    19.0   21.0
 1110967.527968 4.551E-30 8.563E-07.03390.278 1114.53220.500.000000          0 7 0          0 0 0  9  3  7       10  0 10      1333308287659336 0    19.0   21.0
 1110967.532533 2.952E-30 1.784E-05.06040.298 2054.34520.71-.026920          0 0 3          0 0 0  9  9  1       10  7  4      362230837360713049    57.0   63.0
 1110967.672759 1.163E-29 1.606E-04.10620.480 1618.55710.75-.004470          0 6 1          0 1 0  0  0  0        1  0  1      3322338372947131 9     3.0    9.0
 1110967.730644 1.591E-25 7.866E-03.07760.364  816.69420.61-.014100          2 0 1          0 0 0  8  5  4        7  3  5      4354438387676631 7    17.0   15.0
 1110967.785095 2.681E-27 1.795E-05.09020.412  315.77950.74-.009880          3 0 0          0 0 0  5  5  1        4  2  2      434233837260713049    11.0    9.0
 1110967.808116 4.804E-30 6.719E-05.08830.391 1922.82900.71-.006810          3 1 0          0 1 0  6  4  2        5  1  5      432230837294713152    13.0   11.0
 1110967.877406 1.726E-28 9.257E-04.05010.305 1843.02960.580.000000         -2 3-2          0 0 0 11  7  5       11  4  8      1333308287659336 0    23.0   23.0
 1110967.926247 1.612E-28 5.281E-04.04640.259 1774.61630.510.000000         -2 2-2          0 0 0 13 11  2       12  1 11      1333308287659336 0    27.0   25.0
 1110967.985843 1.250E-29 5.096E-04.06700.371 2398.38150.62-.027810          2 1 1          0 1 0  7  6  2        6  4  3      334233837294713152    45.0   39.0
 1110968.055340 3.321E-30 1.215E-06.06000.319 1477.29740.620.000000          0 7 0          0 0 0  9  4  5        9  5  4      2333308287659336 0    57.0   57.0
 1110968.074392 4.527E-31 1.614E-06.03040.232 1806.67150.400.000000          1 4 0          0 0 0 14  4 10       13  1 13      1433308284659336 0    29.0   27.0
 1110968.082579 1.488E-27 8.166E-04.06060.298 1581.33600.58-.016300          2 2 0          0 0 0 10  7  4       10  4  7      234233807294713152    63.0   63.0
 1110968.138098 7.993E-29 7.939E-03.06490.333 2630.19260.57-.010020          2 1 1          0 1 0  9  5  5        8  3  6      434233837294713152    57.0   51.0
 1110968.172795 1.025E-29 3.011E-07.07410.352  709.60820.66-.002390          0 4 1          0 0 0  8  6  3        7  2  6      442230838494713155    17.0   15.0
 1110968.379879 5.039E-30 2.300E-04.04640.274 2300.68500.560.000000         -2 5-2          0 0 0 12  8  4       12  5  7      1333308287659336 0    25.0   25.0
 1110968.672568 1.292E-29 2.054E-06.06460.340 1282.91910.640.000000          0 7 0          0 0 0  8  4  5        9  3  6      2333308287659336 0    51.0   57.0
 1110968.673646 5.767E-25 5.323E-03.09020.480  416.20870.70-.019840          1 0 2          0 0 0  6  1  5        5  2  4      4534338315676631 7    13.0   11.0
 1110968.696233 2.140E-30 1.921E-05.06230.428 1634.96710.740.000000          0 9 0          0 1 0  2  0  2        1  1  1      2333308287659336 0     5.0    3.0
 1110968.708127 4.526E-28 1.475E-05.06890.349  931.23710.640.000000          1 5 0          0 0 0  7  1  6        7  4  3      2333308287659336 0    45.0   45.0
 1110968.709818 4.715E-28 2.412E-04.06460.340 1340.88490.640.000000          0 7 0          0 0 0 10  1  9        9  4  6      1333308287659336 0    21.0   19.0
 1110968.806506 5.577E-30 2.708E-04.03930.281 2522.26520.50-.040000          1 2 1          0 0 0 11 10  2       11  8  3      332230837294713152    69.0   69.0
 1110968.810320 1.859E-30 2.708E-04.03930.281 2522.26130.50-.040000          1 2 1          0 0 0 11 10  1       11  8  4      332230837294713152    23.0   23.0
 1110968.878504 8.612E-26 4.631E-04.07520.384  586.24350.63-.023000          3 0 0          0 0 0  8  3  6        7  0  7      464330837262663020    51.0   45.0
 1110969.150105 2.351E-29 2.846E-04.09370.412 1817.45120.73-.011320          1 1 2          0 1 0  4  3  1        4  0  4      5342338372947131 8     9.0    9.0
 1110969.214207 1.662E-27 9.967E-03.06940.265 2124.95140.63-.010330          3 0 0          0 0 0 13  5  8       12  4  9      234233837260713049    81.0   75.0
 1110969.217458 1.934E-30 1.364E-03.05220.298 3072.72640.48-.040000          1 1 2          0 1 0 11  2  9       10  3  8      332230837294713152    69.0   63.0
 1110969.234359 7.813E-29 9.790E-05.06830.281 1525.13600.67-.012910          3 0 0          0 0 0 10  7  3       11  2 10      334233837260713049    21.0   23.0
 1110969.249691 9.170E-30 3.750E-06.07240.315 1477.29740.73-.018940          0 2 2          0 0 0  8  8  1        9  5  4      432230837294713152    51.0   57.0
 1110969.544686 8.637E-31 3.961E-02.05720.273 3738.54320.550.000000          2 1 1          0 1 0 13  5  8       12  3  9      3333308387659336 0    27.0   25.0
 1110969.620134 5.622E-30 4.343E-05.06270.281 2144.04630.67-.030140          3 0 0          0 0 0 11  9  2       11  6  5      332230837260713049    69.0   69.0
 1110969.720281 4.657E-30 2.388E-05.06990.412 1908.01630.60-.006150          0 8 0          0 1 0  5  3  2        4  2  3      332233837294713155    33.0   27.0
 1110969.761326 6.112E-28 1.409E-05.07270.333  885.60020.66-.017334          1 2 1          0 0 0  8  6  2        8  2  7      434233837294713110    51.0   51.0
 1110969.823539 1.541E-28 9.982E-04.04640.273 2124.95140.550.000000         -2 3-2          0 0 0 12  7  6       12  4  9      1333308287659336 0    75.0   75.0
 1110969.932670 3.299E-29 1.257E-05.03770.246 1557.84770.480.000000          2 2 0          0 0 0 13  2 11       12  1 12      1333308287659336 0    81.0   75.0
 1110969.983351 5.687E-28 2.549E-04.07930.298 1293.01810.69-.013530          0 0 3          0 0 0  9  3  6       10  1  9      464233837360713049    19.0   21.0
 1110970.062201 1.862E-30 2.429E-05.02850.213 2073.51500.440.000000          2 2 0          0 0 0 14  3 11       14  0 14      1333308287659336 0    29.0   29.0
 1110970.131237 1.470E-29 1.887E-05.06490.265 1774.75110.65-.012980          3 0 0          0 0 0 11  7  4       12  2 11      332230837260713049    69.0   75.0
 1110970.152508 1.481E-30 9.023E-08.05780.330 1059.83550.620.000000          1 5 0          0 0 0  7  2  5        7  5  2      2333308287659336 0    45.0   45.0
 1110970.155356 2.736E-30 1.187E-04.04220.298 2254.28450.58-.040000          1 2 1          0 0 0 10 10  1       10  8  2      332230837294713152    21.0   21.0
 1110970.156049 8.209E-30 1.187E-04.04220.298 2254.28380.58-.040000          1 2 1          0 0 0 10 10  0       10  8  3      334233837294713152    63.0   63.0
 1110970.260584 2.214E-28 2.187E-03.06360.303 1985.78490.590.000000          0 4 1          0 0 0 12  7  6       11  5  7      2433308384659336 0    25.0   23.0
 1110970.317294 2.622E-28 7.057E-03.04640.274 2433.80040.560.000000         -2 0-2          0 0 0 13  7  6       12  6  7      1333308287659336 0    81.0   75.0
 1110970.346638 6.127E-30 5.406E-05.08920.391 2053.96870.74-.010100          3 1 0          0 1 0  6  5  2        5  2  3      432230837294713152    39.0   33.0
 1110970.398582 1.822E-24 1.226E-02.09190.483  275.49700.74-.011480          0 0 3          0 0 0  4  1  4        4  1  3      4664438373676630 7     9.0    9.0
 1110970.732517 1.359E-27 7.688E-04.05810.340 1340.88490.640.000000         -2 3-2          0 0 0  9  7  3        9  4  6      1333308287659336 0    19.0   19.0
 1110970.816668 5.170E-28 1.626E-04.06380.298 1446.12820.58-.011640          0 0 3          0 0 0  9  5  5       10  3  8      364233837360713049    57.0   63.0
 1110970.930161 1.322E-28 3.573E-06.09190.371  602.77350.72-.010530          0 5 1          0 0 0  5  0  5        6  2  4      4322338372947131 9    11.0   13.0
 1110971.058699 2.155E-29 3.437E-06.06640.315 1080.38540.61-.000870          0 2 2          0 0 0  9  5  5        9  2  8      332233837294713155    19.0   19.0
 1110971.069745 1.736E-30 3.996E-05.06050.281 2142.59770.65-.029860          3 0 0          0 0 0 11  9  3       11  6  6      332230837260713049    23.0   23.0
 1110971.077322 1.078E-26 1.669E-04.09160.300  488.13420.74-.020030          0 0 3          0 0 0  5  2  3        4  4  0      464333837360703010    11.0    9.0
 1110971.133558 5.265E-27 3.438E-04.08160.300 1122.70850.70-.020850          1 0 2          0 0 0  9  3  6        8  4  5      434333837294703152    57.0   51.0
 1110971.177556 1.614E-27 6.479E-03.06900.250 2042.31060.66-.022450          3 0 0          0 0 0 13  4  9       13  1 12      334233837260713049    81.0   81.0
 1110971.295836 5.295E-27 7.924E-02.10630.300 1634.96710.76-.005940          0 1 3          0 1 0  1  1  0        1  1  1      434333837294703152     3.0    3.0
 1110971.521886 5.498E-31 8.307E-05.07330.355 2490.35410.630.000000          0 3 2          0 1 0  9  4  6        8  1  7      3333308387659336 0    19.0   17.0
 1110971.549684 2.521E-28 6.875E-06.05700.302  920.16840.560.000000          1 5 0          0 0 0  8  1  8        9  0  9      1333308287659336 0    51.0   57.0
 1110971.566189 3.094E-30 3.755E-06.07040.315 1474.98080.71-.018530          0 2 2          0 0 0  8  8  0        9  5  5      332230837294713152    17.0   19.0
 1110971.585618 3.656E-25 8.921E-03.05640.287  920.16840.47-.024740          1 0 2          0 0 0  9  1  8        9  0  9      3433438315676631 7    57.0   57.0
 1110971.587563 5.958E-30 7.712E-04.06740.298 2705.13960.62-.013280          3 1 0          0 1 0 10  4  7       10  1 10      332230837294713152    63.0   63.0
 1110972.004364 7.939E-27 3.981E-03.05320.300 1581.33600.49-.012440          1 2 1          0 0 0 11  6  6       10  4  7      334333837294703152    69.0   63.0
 1110972.075295 5.432E-29 3.357E-02.03980.234 2880.83420.490.000000         -2 2-2          0 0 0 15  6  9       14  4 10      1333308287659336 0    31.0   29.0
 1110972.207037 7.815E-29 9.399E-03.04300.256 2756.41530.510.000000         -2 3-2          0 0 0 14  7  8       13  6  7      1333308287659336 0    87.0   81.0
 1110972.380120 3.219E-28 7.363E-06.08670.371  602.77350.73-.007750          2 0 1          0 0 0  6  6  1        6  2  4      432230838794713152    13.0   13.0
 1110972.423368 1.422E-30 5.950E-07.06240.315 1255.91160.630.000000         -2 6-2          0 0 0  8  2  6        8  5  3      2333308287659336 0    17.0   17.0
 1110972.468221 1.435E-28 3.506E-06.07730.367  842.35660.660.000000          1 5 0          0 0 0  6  2  5        7  3  4      2333308287659336 0    39.0   45.0
 1110972.625556 1.302E-25 9.534E-03.08060.275  920.21000.46-.016750          1 0 2          0 0 0  9  2  8        9  1  9      3644338372587031 7    19.0   19.0
 1110972.687833 7.820E-26 4.442E-03.06770.350 1114.54990.62-.019440          3 0 0          0 0 0 10  4  7       10  1 10      3644338372607030 8    63.0   63.0
 1110972.731176 9.715E-27 4.974E-03.06910.300 1340.88490.62-.005060          0 2 2          0 0 0 10  5  5        9  4  6      334333837294703152    21.0   19.0
 1110972.813703 7.937E-28 9.446E-03.08990.434 1813.78760.71-.006290          1 1 2          0 1 0  4  3  1        3  2  2      534233837294713152     9.0    7.0
 1110973.153006 9.036E-28 1.910E-05.07050.362  586.47920.610.000000          1 5 0          0 0 0  6  0  6        7  1  7      2333308287659336 0    13.0   15.0
 1110973.166168 1.762E-29 2.712E-06.08270.333 1050.15770.73-.011020          0 2 2          0 0 0  8  6  2        8  3  5      432230837294713152    17.0   17.0
 1110973.282894 1.167E-29 6.892E-07.07520.315 1079.07960.69-.007780          2 0 1          0 0 0  8  7  1        9  1  8      332230838794713152    51.0   57.0
 1110973.371694 1.215E-24 5.905E-02.07380.355  757.78020.65-.020470          0 0 3          0 0 0  6  4  3        6  4  2      4634438373676630 7    13.0   13.0
 1110973.457069 1.188E-29 1.463E-04.08640.428 1594.74630.740.000000          1 6 0          0 1 0  1  1  1        0  0  0      2333308287659336 0     3.0    1.0
 1110973.471909 1.214E-26 9.660E-04.05750.371  888.63270.61-.019120          2 0 1          0 0 0  7  7  0        6  5  1      434233838794713110    15.0   13.0
 1110973.499102 1.919E-28 1.214E-04.06870.315 1340.88490.64-.019620          0 0 3          0 0 0  8  6  3        9  4  6      364233837360713049    17.0   19.0
 1110973.505805 3.638E-26 9.648E-04.07020.371  888.59870.61-.023000          2 0 1          0 0 0  7  7  1        6  5  2      434233838762713120    45.0   39.0
 1110973.890687 9.779E-27 1.667E-03.07520.300 1114.53220.69-.013952          2 2 0          0 0 0 10  5  5       10  0 10      3343338372947031 8    21.0   21.0
 1110973.973053 3.613E-30 1.063E-02.04530.333 3101.14220.45-.025780          0 3 2          0 1 0  9  7  3        8  6  2      332230837294713152    19.0   17.0
 1110973.973573 1.083E-29 1.062E-02.04510.333 3101.12370.45-.025690          0 3 2          0 1 0  9  7  2        8  6  3      234233807294713152    57.0   51.0
 1110974.030430 5.737E-29 1.173E-06.08680.406  503.96810.690.000000          0 8 0          0 0 0  4  0  4        5  3  3      1333308387659336 0     9.0   11.0
 1110974.040645 5.347E-31 2.171E-04.07060.352 2670.78970.650.000000          1 6 0          0 1 0  8  2  6        8  3  5      3333308387659336 0    17.0   17.0
 1110974.050515 3.015E-30 1.037E-02.03680.221 3472.88130.420.000000         -2 3-2          0 0 0 16  7 10       15  6  9      1333308287659336 0    99.0   93.0
 1110974.175746 6.462E-30 1.362E-02.05700.299 3314.85560.560.000000          2 1 1          0 1 0 12  4  8       11  2  9      3333308387659336 0    75.0   69.0
 1110974.190159 1.662E-26 1.214E-03.07040.260 1122.70850.68-.016730          2 2 0          0 0 0  8  7  2        8  4  5      462230837294703152    51.0   51.0
 1110974.581566 3.634E-28 2.172E-06.08700.391  326.62550.71-.005520          1 2 1          0 0 0  6  5  2        5  1  5      432233837294713155    13.0   11.0
 1110974.660161 1.906E-25 3.081E-03.06750.364  586.47920.62-.013450          2 0 1          0 0 0  8  3  6        7  1  7      4354438387676631 7    17.0   15.0
 1110974.660986 1.290E-29 1.005E-03.04300.253 2426.19650.510.000000         -2 3-2          0 0 0 13  7  7       13  4 10      1333308287659336 0    27.0   27.0
 1110974.773394 4.272E-28 1.394E-05.07710.350  931.23710.73-.015570          2 2 0          0 0 0  7  7  0        7  4  3      432230837294703152    45.0   45.0
 1110974.817169 3.767E-29 2.201E-04.09620.451 1772.41340.710.000000          0 6 1          0 1 0  2  1  1        3  1  2      2333308287659336 0    15.0   21.0
 1110974.869382 5.613E-30 1.428E-04.08030.407 2271.71220.680.000000          1 6 0          0 1 0  6  2  5        6  3  4      1333308287659336 0    39.0   39.0
 1110975.182254 3.528E-30 9.231E-06.05830.299 1695.06860.560.000000          0 4 1          0 0 0 11  7  4       11  3  9      1433308284659336 0    23.0   23.0
 1110975.491162 2.470E-29 6.528E-03.06570.235 2918.24490.60-.013190          0 0 3          0 0 0 14  5  9       14  5 10      364233837360713049    87.0   87.0
 1110975.506658 7.341E-28 1.938E-05.08300.371  661.54890.73-.011910          2 2 0          0 0 0  7  6  2        6  3  3      434233837294713152    15.0   13.0
 1110975.703267 7.971E-30 1.946E-07.07340.315  920.16840.67-.001280          0 4 1          0 0 0  9  6  4        9  0  9      342233838494713155    57.0   57.0
 1110975.718822 4.405E-29 2.676E-05.06410.298 1581.33600.62-.020280          1 0 2          0 0 0  9  7  2       10  4  7      334233837294713152    57.0   63.0
 1110975.787323 4.669E-29 1.600E-04.09670.460 1731.89670.770.000000          1 6 0          0 1 0  3  1  2        3  0  3      2333308287659336 0    21.0   21.0
 1110975.817902 5.843E-28 3.321E-05.04750.278 1114.54990.500.000000          1 4 0          0 0 0 10  6  5       10  1 10      1433308284659336 0    63.0   63.0
 1110975.935745 1.260E-23 1.060E-01.10050.446   95.17590.77-.009050          0 0 3          0 0 0  1  1  0        2  1  1      465440837367663036     3.0    5.0
 1110975.953822 3.353E-29 2.411E-03.06730.333 2337.46330.59-.014960          3 1 0          0 1 0  9  3  7        8  0  8      334233837294713152    19.0   17.0
 1110976.032002 7.061E-29 1.746E-02.06290.235 2918.24490.58-.019630          3 0 0          0 0 0 15  6  9       14  5 10      234233837260713049    93.0   87.0
 1110976.089140 5.509E-30 9.956E-03.03980.236 3101.44100.460.000000         -2 3-2          0 0 0 15  7  9       14  6  8      1333308287659336 0    31.0   29.0
 1110976.227877 5.831E-31 1.034E-05.05150.273 2105.86790.550.000000          0 8 0          0 0 0 12  0 12       12  3  9      1333308287659336 0    25.0   25.0
 1110976.283128 6.146E-30 9.520E-06.05010.305 1813.22340.580.000000         -2 7-2          0 0 0 11  0 11       11  3  8      1333308287659336 0    69.0   69.0
 1110976.319815 1.977E-29 2.384E-04.04920.250 2042.37410.50-.020240          3 0 0          0 0 0 13  5  9       13  2 12      334233837260713049    27.0   27.0
 1110976.337028 3.621E-24 5.839E-02.08320.391  756.72480.64-.018000          0 0 3          0 0 0  6  4  2        6  4  3      465343837367663059    39.0   39.0
 1110976.457645 3.762E-25 3.622E-02.07530.431  927.74390.67-.004000          0 0 3          0 0 0  7  4  3        7  4  4      465343837378663020    15.0   15.0
 1110976.467119 1.063E-29 4.914E-05.08780.391 1920.76650.71-.000910          2 1 1          0 1 0  6  4  2        5  0  5      434233837294713152    39.0   33.0
 1110976.528184 3.384E-30 4.866E-02.10220.456 3221.96120.75-.005610          0 2 3          0 2 0  3  0  3        2  0  2      432230837294713152     7.0    5.0
 1110976.697140 3.316E-29 1.385E-05.06570.281 1524.84790.65-.006700          2 0 1          0 0 0 10  7  3       11  1 10      332230838794713152    63.0   69.0
 1110976.872327 8.737E-27 1.262E-03.07740.300 1080.38540.68-.019420          3 0 0          0 0 0 10  3  7        9  2  8      334333837260703049    21.0   19.0
 1110977.042914 5.347E-30 2.637E-04.08630.371 2211.19060.72-.010160          3 1 0          0 1 0  7  5  3        6  2  4      332230837294713152    15.0   13.0
 1110977.060580 9.978E-24 9.336E-02.06940.481  610.34120.62-.012650          0 0 3          0 0 0  5  4  2        5  4  1      465340837367663036    33.0   33.0
 1110977.082744 3.443E-24 1.069E-02.06890.371  447.25240.56-.022080          1 0 2          0 0 0  7  0  7        6  1  6      464223831594713159    45.0   39.0
 1110977.203122 2.614E-29 7.244E-03.03390.255 2927.94130.490.000000          0 7 0          0 0 0 14  8  7       13  7  6      1333308287659336 0    87.0   81.0
 1110977.334905 1.646E-27 1.765E-05.08620.371  446.69660.71-.008050          3 0 0          0 0 0  6  5  1        6  0  6      434233837260713049    13.0   13.0
 1110977.417504 6.775E-24 9.263E-03.09230.495  173.36580.73-.014500          1 0 2          0 0 0  4  2  3        3  1  2      465330831567663136    27.0   21.0
 1110977.419406 1.188E-26 4.242E-05.08950.391  446.51070.74-.014100          3 0 0          0 0 0  6  5  2        5  2  3      4642338372607130 8    39.0   33.0
 1110977.574759 2.894E-28 2.402E-03.09820.434 1739.48370.74-.001210          1 1 2          0 1 0  4  2  2        3  1  3      434233837294713152     9.0    7.0
 1110977.593100 3.525E-28 1.357E-05.07910.352  709.60820.68-.007000          1 0 2          0 0 0  6  5  1        7  2  6      432230837294713152    13.0   15.0
 1110977.721044 3.316E-24 9.299E-02.07420.385  610.11440.62-.016000          0 0 3          0 0 0  5  4  1        5  4  2      467341837362663020    11.0   11.0
 1110977.794522 3.179E-30 3.884E-03.05870.333 2920.13210.58-.034190          2 1 1          0 1 0  9  7  2        8  5  3      332230837294713152    19.0   17.0
 1110977.834199 8.147E-25 7.571E-03.05050.336  446.69660.56-.015000          1 0 2          0 0 0  7  1  7        6  0  6      454333831562663120    15.0   13.0
 1110977.941281 5.708E-29 2.538E-03.05030.235 2551.48350.52-.021410          3 0 0          0 0 0 14  6  9       14  3 12      234233807260713049    87.0   87.0
 1110978.057865 5.723E-27 7.376E-04.08140.315 1282.91910.71-.017150          0 0 3          0 0 0 10  1  9        9  3  6      464233837360713049    63.0   57.0
 1110978.064719 1.492E-28 9.386E-04.07460.298 1875.46180.67-.015710          0 0 3          0 0 0 11  4  7       10  6  4      364233837360713049    23.0   21.0
 1110978.088949 9.538E-30 7.897E-03.06250.256 2927.07520.510.000000          3 0 0          0 0 0 14  8  6       13  7  7      1333308287659336 0    29.0   27.0
 1110978.141877 4.409E-31 3.675E-04.07110.339 2841.43080.630.000000          0 6 1          0 1 0  9  1  8        9  3  7      3333308387659336 0    19.0   19.0
 1110978.289748 9.466E-30 3.846E-03.05680.333 2919.63300.56-.033080          2 1 1          0 1 0  9  7  3        8  5  4      334233837294713152    57.0   51.0
 1110978.336248 5.243E-28 2.210E-05.07200.371  757.78020.70-.014870          1 4 0          0 0 0  7  7  1        6  4  2      444233838494713152    15.0   13.0
 1110978.347389 1.617E-26 1.557E-03.07430.300  927.74390.71-.015380          2 2 0          0 0 0  7  7  1        7  4  4      462230837294703152    15.0   15.0
 1110978.470380 4.737E-26 3.554E-02.07730.298 1437.96860.67-.022220          2 0 1          0 0 0 11  4  7       10  2  8      3342338387947131 8    23.0   21.0
 1110978.487470 4.991E-24 2.107E-02.09420.500  446.51070.74-.012050          0 0 3          0 0 0  5  2  4        5  2  3      465540837367663036    33.0   33.0
 1110978.692979 5.277E-28 1.430E-02.09290.391 2024.15260.73-.009690          0 1 3          0 1 0  5  2  3        5  2  4      534233837294713152    11.0   11.0
 1110978.761598 9.998E-28 4.699E-05.07420.333 1006.11590.68-.012570          1 0 2          0 0 0  7  6  1        8  3  6      434233837294713152    45.0   51.0
 1110978.838358 1.217E-26 6.552E-04.08440.300 1059.83550.72-.013030          0 0 3          0 0 0  8  3  5        7  5  2      464343837360703049    51.0   45.0
 1110979.107282 5.600E-31 2.921E-05.03370.204 2358.30170.400.000000          3 0 0          0 0 0 14  4 10       15  1 15      1333308287659336 0    29.0   31.0
 1110979.208116 3.140E-30 4.407E-05.03670.235 2073.51500.68-.019770          2 0 1          0 0 0 13  4  9       14  0 14      232230838765713152    27.0   29.0
 1110979.214226 1.679E-30 1.301E-07.08110.333  882.89030.72-.007570          2 0 1          0 0 0  7  7  0        8  1  7      432230838794713152    15.0   17.0
 1110979.230901 2.050E-29 4.338E-07.08730.352  586.47920.72-.008430          3 0 0          0 0 0  6  6  0        7  1  7      432230837260713049    13.0   15.0
 1110979.301800 3.051E-29 1.082E-04.04730.259 1774.61630.510.000000          0 2 2          0 0 0 12  4  8       12  1 11      1333308287659336 0    25.0   25.0
 1110979.318079 7.966E-27 2.481E-04.08290.333  744.06370.71-.020196          1 2 1          0 0 0  9  4  5        8  0  8      4342338372947131 9    19.0   17.0
 1110979.367503 4.037E-30 2.245E-03.03980.236 3084.83570.480.000000         -2 2-2          0 0 0 15  5 10       14  6  9      1333308287659336 0    93.0   87.0
 1110979.391564 1.583E-27 2.214E-05.07040.371  756.72480.69-.015050          1 4 0          0 0 0  7  7  0        6  4  3      444233838494713152    45.0   39.0
 1110979.428016 8.235E-24 1.561E-01.07390.369  488.13420.62-.017530          0 0 3          0 0 0  4  4  1        4  4  0      4653438373586630 7     9.0    9.0
 1110979.500963 3.982E-30 9.592E-06.05010.299 1695.06860.560.000000         -2 5-2          0 0 0 12  0 12       11  3  9      1333308287659336 0    25.0   23.0
 1110979.507765 2.469E-23 1.559E-01.07080.412  488.10770.62-.019100          0 0 3          0 0 0  4  4  0        4  4  1      464243837367713059    27.0   27.0
 1110979.547081 5.193E-28 8.604E-03.09210.412 1922.90110.73-.010110          1 1 2          0 1 0  5  3  3        4  2  2      534233837294713152    11.0    9.0
 1110979.566712 7.687E-31 6.139E-03.04220.285 3306.29550.600.000000          2 1 1          0 1 0  9  9  0        8  7  1      3333308387659336 0    19.0   17.0
 1110979.567043 2.306E-30 6.139E-03.05750.297 3306.29520.610.000000          2 1 1          0 1 0  9  9  1        8  7  2      3333308387659336 0    57.0   51.0
 1110979.583373 1.152E-30 4.824E-06.05010.297 1998.99530.590.000000         -2 5-2          0 0 0 10  1  9       11  5  6      1333308287659336 0    63.0   69.0
 1110979.662914 1.042E-24 3.176E-02.08560.438  661.54890.73-.012450          0 0 3          0 0 0  6  3  4        6  3  3      4653438373586630 7    13.0   13.0
 1110979.764459 4.474E-26 7.633E-03.04460.235 1114.53220.39-.031650          1 0 2          0 0 0 10  1  9       10  0 10      364333837294703152    21.0   21.0
 1110979.782831 1.060E-29 1.207E-03.03770.278 2471.25500.480.000000          2 2 0          0 0 0 11 10  2       10  9  1      1333308287659336 0    23.0   21.0
 1110979.782843 3.181E-29 1.208E-03.04750.275 2471.25500.530.000000          2 2 0          0 0 0 11 10  1       10  9  2      1333308287659336 0    69.0   63.0
 1110979.850051 3.764E-26 5.368E-02.08310.300 1813.22340.74-.014920          2 0 1          0 0 0 12  5  7       11  3  8      3343338387947031 8    75.0   69.0
 1110979.919484 5.219E-29 9.960E-05.06220.285 1590.69070.600.000000         -2 5-2          0 0 0  9  8  2        8  7  1      2333308287659336 0    19.0   17.0
 1110979.920174 1.566E-28 9.962E-05.06240.297 1590.69010.610.000000         -2 5-2          0 0 0  9  8  1        8  7  2      1333308287659336 0    57.0   51.0
 1110979.963632 5.017E-28 1.228E-05.08520.352  842.35660.74-.014070          1 0 2          0 0 0  6  6  1        7  3  4      434233837294713152    39.0   45.0
 1110980.022681 3.260E-25 2.383E-02.08500.373 1122.70850.69-.011150          0 0 3          0 0 0  8  4  4        8  4  5      4644438373676630 7    51.0   51.0
 1110980.034623 2.568E-29 5.956E-06.08110.315 1360.23530.75-.018100          2 0 1          0 0 0  8  8  0        9  4  5      332230838794713152    51.0   57.0
 1110980.121340 3.525E-31 3.792E-06.03390.303 1985.78490.590.000000          0 7 0          0 0 0 11  4  8       11  5  7      1333308287659336 0    23.0   23.0
 1110980.370716 8.193E-30 6.831E-03.08020.315 2841.43080.69-.015370          0 1 3          0 1 0  9  3  6        9  3  7      332230837294713152    19.0   19.0
 1110980.563375 2.435E-30 1.678E-05.06370.298 1875.46180.69-.027090          3 0 0          0 0 0 10  9  1       10  6  4      332230837260713049    21.0   21.0
 1110980.768486 1.655E-30 5.688E-03.04220.352 3109.91160.47-.024630          0 1 3          0 1 0  8  7  2        7  7  1      332230837294713152    17.0   15.0
 1110980.769911 4.966E-30 5.689E-03.04220.352 3109.91160.47-.024620          0 1 3          0 1 0  8  7  1        7  7  0      332230837294713152    51.0   45.0
 1110980.779566 2.495E-26 1.493E-04.08840.330  326.62550.71-.011670          3 0 0          0 0 0  6  4  2        5  1  5      4243438315606630 8    13.0   11.0
 1110980.985792 2.962E-30 3.942E-04.04250.227 2550.88250.480.000000          2 0 1          0 0 0 14  6  9       14  2 12      1333308287659336 0    29.0   29.0
 1110981.031226 4.032E-26 5.885E-03.03700.193 1327.11000.32-.032680          1 0 2          0 0 0 11  1 10       11  0 11      3643338372947031 8    69.0   69.0
 1110981.052582 7.103E-30 1.628E-05.06290.298 1874.97300.69-.027080          3 0 0          0 0 0 10  9  2       10  6  5      332230837260713049    63.0   63.0
 1110981.087345 3.222E-28 1.971E-05.02670.253  882.89030.59-.002000          3 0 0          0 0 0  9  4  6        8  1  7      434333837262533020    19.0   17.0
 1110981.174633 6.986E-27 2.570E-02.10370.300 1677.06140.76-.006520          0 1 3          0 1 0  2  1  1        2  1  2      534333837294703152    15.0   15.0
 1110981.339318 1.333E-30 1.792E-06.03390.246 1557.84440.480.000000          0 7 0          0 0 0 11  3  9       12  0 12      1333308287659336 0    23.0   25.0
 1110981.363491 1.336E-30 5.986E-07.06740.265 1557.84770.66-.002450          2 2 0          0 0 0 11  6  5       12  1 12      332230807294713152    69.0   75.0
 1110981.395589 3.845E-26 1.622E-03.06990.291  757.78020.66-.009000          2 0 1          0 0 0  7  6  1        6  4  2      434343838778663120    15.0   13.0
 1110981.429476 6.750E-28 2.822E-04.06870.281 1524.84790.62-.018090          0 0 3          0 0 0 10  3  7       11  1 10      364233837360713049    63.0   69.0
 1110981.448480 3.003E-29 1.053E-03.08250.352 2392.59250.70-.009000          3 1 0          0 1 0  8  5  4        7  2  5      434233837294713152    51.0   45.0
 1110981.465721 1.434E-28 1.844E-04.07240.265 1774.75110.69-.002950          1 0 2          0 0 0 11  5  6       12  2 11      334233837294713152    69.0   75.0
 1110981.667360 1.642E-30 4.113E-02.09190.434 3387.68070.71-.010970          0 2 3          0 2 0  4  2  3        3  2  2      332230837294713152     9.0    7.0
 1110981.742429 2.892E-30 1.289E-04.08660.406 2126.40770.690.000000          1 6 0          0 1 0  5  2  4        5  3  3      2333308287659336 0    11.0   11.0
 1110981.885150 3.680E-30 2.058E-04.07730.367 2462.87530.660.000000          1 6 0          0 1 0  7  2  5        7  3  4      3333308387659336 0    45.0   45.0
 1110981.985316 2.645E-27 3.130E-03.05600.265 1774.75110.55-.013830          3 0 0          0 0 0 12  5  8       12  2 11      334233837260713049    75.0   75.0
 1110982.088806 2.916E-30 5.768E-03.05200.298 3058.39840.46-.010160          1 1 2          0 1 0 11  3  9       10  2  8      334233837294713152    23.0   21.0
 1110982.152156 2.961E-29 6.870E-06.08180.315 1360.23530.69-.017610          0 5 1          0 0 0  8  2  6        9  4  5      3322338372947131 9    51.0   57.0
 1110982.379766 1.472E-28 4.017E-04.04670.268 1962.50690.530.000000          1 4 0          0 0 0 13  6  7       12  3 10      1433308284659336 0    81.0   75.0
 1110982.448087 1.159E-25 1.622E-03.07100.353  756.72480.62-.023460          2 0 1          0 0 0  7  6  2        6  4  3      4344438387676631 7    45.0   39.0
 1110982.553413 4.398E-28 3.008E-05.07000.355  882.89030.630.000000          1 5 0          0 0 0  8  0  8        8  1  7      2333308287659336 0    17.0   17.0
 1110982.598850 8.080E-30 9.257E-04.03980.231 2746.02350.490.000000         -2 3-2          0 0 0 14  7  8       14  4 11      1333308287659336 0    87.0   87.0
 1110982.617360 3.561E-28 5.077E-05.07880.315 1282.91910.71-.013280          2 0 1          0 0 0  9  7  3        9  3  6      434233838794713152    57.0   57.0
 1110982.681411 1.719E-27 6.448E-04.05830.300 1255.91160.55-.025780          0 2 2          0 0 0  9  6  4        8  5  3      432230837294703152    19.0   17.0
 1110982.855409 6.110E-30 1.289E-02.04210.281 3314.85560.37-.019370          1 1 2          0 1 0 12  3 10       11  2  9      332230837294713152    75.0   69.0
 1110983.004048 7.686E-30 3.849E-05.06200.285 1789.04280.600.000000         -2 2-2          0 0 0  9  9  1        8  8  0      1333308287659336 0    19.0   17.0
 1110983.004055 2.306E-29 3.849E-05.06220.285 1789.04280.600.000000         -2 2-2          0 0 0  9  9  0        8  8  1      1333308287659336 0    57.0   51.0
 1110983.059685 1.950E-29 4.386E-03.06380.315 2818.39810.56-.002610          1 1 2          0 1 0 10  3  8        9  2  7      334233837294713152    63.0   57.0
 1110983.181959 3.060E-30 5.007E-02.09400.434 3299.99110.72-.009360          0 2 3          0 2 0  4  1  4        3  1  3      432230837294713152     9.0    7.0
 1110983.214800 1.140E-26 2.367E-05.08650.439  300.36230.71-.013390          3 0 0          0 0 0  5  5  0        4  2  3      4444438327607030 8    33.0   27.0
 1110983.456605 1.168E-29 2.953E-03.07440.333 2595.81290.64-.001780          1 1 2          0 1 0  9  3  7        8  2  6      334233837294713152    19.0   17.0
 1110983.547588 5.009E-27 6.241E-04.05690.333 1255.16680.54-.023780          0 2 2          0 0 0  9  6  3        8  5  4      432230837294713152    57.0   51.0
 1110983.589851 1.544E-29 1.296E-03.07390.352 2572.13920.69-.027390          2 1 1          0 1 0  8  6  2        7  4  3      334233837294713152    51.0   45.0
 1110983.723528 1.965E-26 8.609E-03.03730.300 1327.11760.32-.032410          1 0 2          0 0 0 11  2 10       11  1 11      364333837294703152    23.0   23.0
 1110983.969924 9.009E-31 3.691E-03.03680.219 3269.53980.440.000000         -2 1-2          0 0 0 15 15  0       15  5 11      1333308287659336 0    31.0   31.0
 1110984.058585 2.220E-30 4.215E-02.08430.412 3597.86600.69-.013600          0 2 3          0 2 0  5  3  3        4  3  2      432230837294713152    33.0   27.0
 1110984.128560 1.007E-29 4.716E-05.05640.235 2073.51570.59-.009040          2 0 1          0 0 0 13  5  9       14  1 14      332230838794713152    81.0   87.0
 1110984.177791 1.099E-24 5.712E-03.08210.367  552.91140.64-.024580          1 0 2          0 0 0  7  1  6        6  2  5      4654438315676631 7    45.0   39.0
 1110984.249167 1.926E-29 1.387E-03.07250.333 2337.46330.62-.023760          2 1 1          0 1 0  9  2  7        8  0  8      434233837294713152    19.0   17.0
 1110984.484479 6.272E-28 6.618E-06.08620.421  315.77950.730.000000          1 5 0          0 0 0  3  1  3        4  2  2      2333308287659336 0     7.0    9.0
 1110984.552703 7.642E-30 4.649E-06.06800.298 1581.33600.68-.009710          0 4 1          0 0 0  9  8  2       10  4  7      342230838494713152    57.0   63.0
 1110984.651614 3.643E-29 1.394E-04.03390.297 1998.99530.590.000000          0 7 0          0 0 0 11  8  3       11  5  6      1333308287659336 0    69.0   69.0
 1110984.726171 1.536E-27 1.127E-04.07060.315  920.21000.63-.001330          0 2 2          0 0 0  9  4  6        9  1  9      334233837294713152    19.0   19.0
 1110984.727022 1.516E-27 6.229E-06.09210.391  399.45750.72-.005900          0 0 3          0 0 0  4  3  1        5  1  4      464233837360713049    27.0   33.0
 1110984.877976 4.210E-26 4.029E-04.07680.462  704.21410.66-.008678          0 2 2          0 0 0  8  4  5        7  1  6      4243438315946631 7    51.0   45.0
 1110984.943499 3.290E-27 6.537E-05.08670.371  602.77350.72-.010440          3 0 0          0 0 0  7  5  3        6  2  4      434233837260713049    15.0   13.0
 1110985.061982 3.463E-28 9.383E-06.08890.371  602.77350.72-.009340          0 0 3          0 0 0  5  4  1        6  2  4      462230837360713049    11.0   13.0
 1110985.122850 4.707E-27 1.996E-05.08670.371  447.25240.70-.004030          1 0 2          0 0 0  5  4  1        6  1  6      432230837294713152    33.0   39.0
 1110985.147977 2.634E-30 4.462E-02.10450.456 3255.34600.76-.008390          0 2 3          0 2 0  3  1  2        2  1  1      432230837294713152     7.0    5.0
 1110985.187889 4.572E-27 1.939E-05.08010.390  447.25240.630.000000          1 5 0          0 0 0  5  0  5        6  1  6      2333308287659336 0    33.0   39.0
 1110985.335032 2.105E-27 3.943E-05.08330.352  842.35660.73-.012280          2 2 0          0 0 0  8  6  3        7  3  4      434233837294713152    51.0   45.0
 1110985.345431 5.371E-29 7.074E-07.08260.333  744.16270.71-.009590          3 0 0          0 0 0  7  6  1        8  1  8      432230837260713049    45.0   51.0
 1110985.380429 1.831E-23 1.366E-01.10370.454   70.09080.76-.017500          0 0 3          0 0 0  1  0  1        2  0  2      465420837367663036     3.0    5.0
 1110985.528681 6.468E-30 8.660E-06.05610.323 1538.14950.620.000000          0 7 0          0 0 0 10  0 10       10  3  7      1333308287659336 0    21.0   21.0
 1110985.532252 1.011E-30 3.964E-03.03520.270 3216.19320.410.000000          0 0 3          0 0 0 12 11  2       11 11  1      1333308287659336 0    25.0   23.0
 1110985.532254 3.034E-30 3.966E-03.03520.280 3216.19320.340.000000          0 0 3          0 0 0 12 11  1       11 11  0      1333308287659336 0    75.0   69.0
 1110985.559212 2.905E-28 1.005E-04.06810.315 1216.23130.61-.013080          0 0 3          0 0 0  8  5  4        9  3  7      364233837360713049    17.0   19.0
 1110985.702923 2.449E-27 1.537E-02.07530.434 1907.61570.65-.018930          1 1 2          0 1 0  4  4  1        3  3  0      534233837294713152    27.0   21.0
 1110985.818615 1.442E-24 7.962E-03.08770.454  275.49700.72-.012750          1 0 2          0 0 0  5  2  4        4  1  3      4544238315676631 7    11.0    9.0
 1110985.843211 1.029E-30 4.185E-07.06410.298 1293.01810.61-.000490          2 2 0          0 0 0 10  6  4       10  1  9      232230807294713152    21.0   21.0
 1110985.848108 1.128E-30 4.540E-06.02420.250 2042.31060.15-.021620          0 5 1          0 0 0 13  1 13       13  1 12      3322338372947131 9    81.0   81.0
 1110985.858665 6.352E-30 2.451E-05.06090.265 1774.61630.62-.008390          2 0 1          0 0 0 11  7  4       12  1 11      332230838794713152    23.0   25.0
 1110985.867021 8.010E-28 1.507E-02.07410.434 1907.45140.64-.018430          1 1 2          0 1 0  4  4  0        3  3  1      534233837294713152     9.0    7.0
 1110986.076926 8.390E-31 2.409E-06.03390.299 1695.06860.560.000000          0 7 0          0 0 0 10  4  6       11  3  9      1333308287659336 0    21.0   23.0
 1110986.185123 4.670E-30 1.162E-03.06620.352 2569.50800.61-.026780          2 1 1          0 1 0  8  6  3        7  4  4      332230837294713152    17.0   15.0
 1110986.277984 3.965E-23 1.032E-01.10160.456   79.49640.75-.013000          0 0 3          0 0 0  1  1  1        2  1  2      465243837367713059     9.0   15.0
 1110986.535159 3.970E-31 1.627E-03.05640.219 3269.53980.440.000000          0 0 3          0 0 0 15 15  0       15  5 11      1333308287659336 0    31.0   31.0
 1110986.557829 6.283E-29 3.439E-04.09140.391 1920.76650.72-.001980          1 1 2          0 1 0  5  3  2        5  0  5      534233837294713152    33.0   33.0
 1110986.590126 7.955E-28 2.856E-06.08530.371  447.25240.70-.004110          2 0 1          0 0 0  6  5  1        6  1  6      432230838794713152    39.0   39.0
 1110986.627445 4.235E-30 1.504E-05.05310.265 1774.61630.53-.003760          2 0 1          0 0 0 12  5  8       12  1 11      332230838794713152    25.0   25.0
 1110986.931014 2.531E-29 5.878E-06.07970.315 1360.23530.74-.019220          1 0 2          0 0 0  8  7  2        9  4  5      332230837294713152    51.0   57.0
 1110986.995433 2.223E-30 8.980E-03.03980.237 3266.51420.430.000000         -2 1-2          0 0 0 15 15  0       14  7  7      1333308287659336 0    31.0   29.0
 1110987.078129 2.274E-30 1.834E-04.07400.383 2282.58960.660.000000          1 6 0          0 1 0  6  2  4        6  3  3      2333308287659336 0    13.0   13.0
 1110987.109702 1.071E-29 1.078E-04.08620.421 2004.81570.730.000000          1 6 0          0 1 0  4  2  3        4  3  2      2333308287659336 0    27.0   27.0
 1110987.111295 8.288E-26 4.720E-03.03660.292 1114.54990.39-.014000          1 0 2          0 0 0 10  2  9       10  1 10      323341831562663120    63.0   63.0
 1110987.126710 1.827E-30 2.168E-06.06670.298 1718.71880.64-.040000          0 5 1          0 0 0  9  3  7       10  5  6      3322338372947131 9    57.0   63.0
 1110987.256163 4.358E-30 4.680E-06.05760.317 1718.71880.630.000000          0 7 0          0 0 0 10  4  7       10  5  6      1333308287659336 0    63.0   63.0
 1110987.263683 2.886E-26 1.638E-02.08150.300 1340.88490.71-.017360          0 0 3          0 0 0  9  4  5        9  4  6      3643338373607030 8    19.0   19.0
 1110987.349036 2.921E-29 3.322E-02.07270.221 3244.60060.69-.020000          1 2 1          0 0 0 16  6 10       15  4 11      234233837294713155    99.0   93.0
 1110987.652598 1.425E-29 2.133E-04.09670.460 1739.48370.770.000000          0 6 1          0 1 0  2  1  2        3  1  3      2333308287659336 0     5.0    7.0
 1110987.685773 4.650E-25 7.536E-03.05840.468  586.47920.49-.019000          1 0 2          0 0 0  8  0  8        7  1  7      455341831562663120    17.0   15.0
 1110987.725617 8.671E-26 9.020E-04.07250.368  744.16270.63-.019464          0 2 2          0 0 0  9  2  7        8  1  8      4244438315947031 7    57.0   51.0
 1110987.818894 1.138E-26 2.262E-04.09020.371  602.77350.72-.017240          0 0 3          0 0 0  7  0  7        6  2  4      4642338373607130 8    15.0   13.0
 1110987.849190 5.610E-24 6.261E-03.09770.511   79.49640.75-.007150          1 0 2          0 0 0  3  2  1        2  1  2      4654238315676631 7    21.0   15.0
 1110987.871023 1.686E-29 5.859E-03.04300.256 2748.09960.530.000000         -2 3-2          0 0 0 14  7  7       13  6  8      1333308287659336 0    29.0   27.0
 1110987.883043 1.196E-30 7.345E-05.01930.221 2631.26880.41-.002170          1 2 1          0 0 0 15  5 11       15  1 14      532230807265713152    93.0   93.0
 1110988.009051 3.357E-28 1.326E-05.06190.332  744.06370.590.000000          1 5 0          0 0 0  7  1  7        8  0  8      2333308287659336 0    15.0   17.0
 1110988.080657 2.031E-27 1.685E-05.07570.371  648.97870.68-.010770          2 2 0          0 0 0  7  6  1        6  3  4      434233837294713152    45.0   39.0
 1110988.120972 1.253E-24 6.761E-03.05590.321  586.24350.49-.023000          1 0 2          0 0 0  8  1  8        7  0  7      454323831567663159    51.0   45.0
 1110988.242567 4.298E-28 9.109E-06.08360.352  586.47920.70-.004780          1 0 2          0 0 0  6  4  2        7  1  7      432230837294713152    13.0   15.0
 1110988.364672 1.796E-28 1.555E-06.09140.391  326.62550.72-.002490          1 0 2          0 0 0  4  4  0        5  1  5      432230837294713152     9.0   11.0
 1110988.378825 7.902E-28 6.994E-03.09050.391 2053.96870.73-.010700          1 1 2          0 1 0  6  3  4        5  2  3      534233837294713152    39.0   33.0
 1110988.390906 6.853E-31 3.923E-02.08520.395 3598.72690.710.000000          0 2 3          0 2 0  5  3  2        4  3  1      3333308387659336 0    11.0    9.0
 1110988.433955 2.652E-28 3.316E-03.04790.265 2275.37290.47-.023090          0 4 1          0 0 0 13  7  7       12  5  8      242230838494713152    81.0   75.0
 1110988.470826 8.828E-26 4.381E-03.08390.381  816.69420.71-.024080          1 0 2          0 0 0  8  2  6        7  3  5      4244438315947031 8    17.0   15.0
 1110988.561623 2.640E-25 9.812E-03.07420.293 1006.11590.57-.022000          2 0 1          0 0 0  9  5  5        8  3  6      435341838762663120    57.0   51.0
 1110988.891697 4.072E-25 8.425E-03.06710.347  885.60020.58-.010180          2 0 1          0 0 0  9  4  6        8  2  7      4354438387677031 7    57.0   51.0
 1110988.910045 2.688E-29 1.897E-07.08670.352  586.24350.72-.005860          2 0 1          0 0 0  6  6  0        7  0  7      432230838794713152    39.0   45.0
 1110988.965121 1.092E-28 5.492E-05.05400.323 1581.33600.620.000000         -2 7-2          0 0 0 11  1 10       10  4  7      1333308287659336 0    69.0   63.0
 1110989.002960 1.282E-29 1.428E-06.07790.352  927.74390.68-.029120          0 5 1          0 0 0  6  2  5        7  4  4      3322338372947131 9    13.0   15.0
 1110989.045562 1.329E-28 5.454E-05.07180.315 1477.29740.71-.023240          0 0 3          0 0 0  8  7  1        9  5  4      464233837360713049    51.0   57.0
 1110989.089863 3.262E-29 6.929E-07.08380.352  842.35660.74-.011230          0 2 2          0 0 0  7  6  1        7  3  4      432230837294713152    45.0   45.0
 1110989.215793 5.259E-30 4.084E-06.06590.315 1631.38300.72-.024220          3 0 0          0 0 0  9  9  0        9  6  3      332230837260713049    57.0   57.0
 1110989.353393 1.737E-30 4.044E-06.06560.315 1631.24550.72-.024250          3 0 0          0 0 0  9  9  1        9  6  4      332230837260713049    19.0   19.0
 1110989.469744 4.073E-29 1.129E-04.08640.428 1618.55710.740.000000          1 6 0          0 1 0  2  1  2        1  0  1      2333308287659336 0    15.0    9.0
 1110989.701980 1.525E-28 1.749E-04.06900.265 1557.84440.65-.021090          0 4 1          0 0 0 13  4  9       12  0 12      3442338384947131 9    27.0   25.0
 1110989.795892 7.027E-27 8.703E-03.03080.300 1557.84440.25-.034970          1 0 2          0 0 0 12  1 11       12  0 12      334333837294703152    25.0   25.0
 1110989.855503 9.852E-31 1.677E-04.03390.255 2586.52970.520.000000          0 7 0          0 0 0 13  8  6       13  5  9      1333308287659336 0    27.0   27.0
 1110989.876090 3.980E-29 1.737E-04.02610.235 2073.51570.49-.028270          1 2 1          0 0 0 14  3 11       14  1 14      334233837265713152    87.0   87.0
 1110989.949566 3.218E-26 5.494E-03.03470.234 1045.05830.38-.017970          0 2 2          0 0 0  7  7  1        6  6  0      4644338372947031 9    15.0   13.0
 1110989.950000 9.654E-26 5.494E-03.04000.260 1045.05800.38-.030000          0 2 2          0 0 0  7  7  0        6  6  1      465343837267663159    45.0   39.0
 1110990.005688 1.489E-28 3.582E-03.06540.333 2337.66680.57-.008780          2 1 1          0 1 0  9  3  7        8  1  8      434233837294713152    57.0   51.0
 1110990.050118 1.008E-29 1.530E-04.07870.382 2130.49430.660.000000          1 6 0          0 1 0  5  2  3        5  3  2      2333308287659336 0    33.0   33.0
 1110990.059218 2.140E-26 8.836E-03.03110.394 1557.84770.25-.030380          1 0 2          0 0 0 12  2 11       12  1 12      3645338372947031 8    75.0   75.0
 1110990.353204 8.175E-30 2.360E-04.06820.265 2205.65270.63-.019100          2 0 1          0 0 0 12  8  5       12  4  8      332230838794713152    25.0   25.0
 1110990.422293 2.076E-27 3.549E-04.06530.298 1114.53220.60-.006550          2 0 1          0 0 0 10  4  7       10  0 10      334233838794713152    21.0   21.0
 1110990.641984 9.589E-30 4.970E-02.09660.434 3289.24250.74-.007590          0 2 3          0 2 0  4  0  4        3  0  3      432230837294713152    27.0   21.0
 1110990.785482 5.600E-30 7.466E-03.05850.236 3264.33740.460.000000          3 0 0          0 0 0 15  8  7       14  7  8      1333308287659336 0    93.0   87.0
 1110990.888272 3.020E-30 7.309E-05.09330.444 1907.45140.710.000000          1 6 0          0 1 0  3  2  2        3  3  1      2333308287659336 0     7.0    7.0
 1110991.062359 3.619E-30 3.576E-05.09040.424 2000.86300.700.000000          1 6 0          0 1 0  4  2  3        5  1  4      1333308287659336 0    27.0   33.0
 1110991.081285 1.368E-29 9.942E-05.07190.390 2042.75330.630.000000         -2 6-2          0 1 0  7  0  7        6  1  6      1333308287659336 0    45.0   39.0
 1110991.348114 8.050E-29 3.109E-04.07020.265 1774.61630.66-.024970          0 0 3          0 0 0 11  3  8       12  1 11      364233837360713049    23.0   25.0
 1110991.359798 4.478E-29 5.454E-05.06840.315 1474.98080.69-.023520          0 0 3          0 0 0  8  7  2        9  5  5      362230837360713049    17.0   19.0
 1110991.365843 9.229E-29 1.477E-05.06720.315 1080.38540.63-.004270          1 2 1          0 0 0  9  6  3        9  2  8      332230837294713155    19.0   19.0
 1110991.446048 5.512E-28 3.378E-05.07370.333  882.89030.66-.010132          1 2 1          0 0 0  9  5  4        8  1  7      4342338372947131 8    19.0   17.0
 1110991.455678 4.744E-28 6.556E-05.08210.333 1050.15770.73-.012070          2 2 0          0 0 0  9  6  4        8  3  5      334233837294713152    19.0   17.0
 1110991.545245 1.296E-29 9.797E-03.05980.315 2841.43080.54-.006190          2 1 1          0 1 0 10  5  6        9  3  7      334233837294713152    21.0   19.0
 1110991.598711 3.896E-30 1.184E-04.08050.395 2005.91700.710.000000          1 6 0          0 1 0  4  2  2        4  3  1      2333308287659336 0     9.0    9.0
 1110991.635281 8.878E-24 5.085E-02.08580.442  508.81210.72-.018150          0 0 3          0 0 0  5  3  3        5  3  2      4653438373676630 7    33.0   33.0
 1110991.830709 3.170E-28 3.658E-05.07520.352 1216.19450.52-.032010          0 4 1          0 0 0  8  8  0        7  6  1      444233838462713152    51.0   45.0
 1110991.835466 1.057E-28 3.659E-05.04400.352 1216.18980.52-.031970          0 4 1          0 0 0  8  8  1        7  6  2      442230838494713152    17.0   15.0
 1110991.955127 3.163E-30 1.609E-04.05800.315 2512.28290.52-.008990          0 3 2          0 1 0 10  3  8        9  0  9      332230837294713152    63.0   57.0
 1110992.019658 2.582E-24 7.354E-03.08760.436  399.45750.69-.011170          1 0 2          0 0 0  6  2  5        5  1  4      4654238315676631 7    39.0   33.0
 1110992.242855 1.112E-30 1.792E-05.09040.443 1875.46970.720.000000          0 6 1          0 1 0  4  1  4        4  1  3      2333308287659336 0     9.0    9.0
 1110992.417943 1.599E-27 2.241E-05.08260.352  782.40980.70-.009500          3 0 0          0 0 0  8  5  4        7  2  5      434233837260713049    51.0   45.0
 1110992.512086 7.189E-30 1.475E-07.09030.391  503.96810.71-.017010          0 5 1          0 0 0  4  1  4        5  3  3      4322338372947131 9     9.0   11.0
 1110992.527025 4.936E-26 2.664E-03.03760.352 1059.83550.58-.038000          2 0 1          0 0 0  8  7  1        7  5  2      434333838762533159    51.0   45.0
 1110992.651410 9.388E-30 7.583E-05.08640.428 1907.61570.740.000000          1 6 0          0 1 0  3  2  1        3  3  0      2333308287659336 0    21.0   21.0
 1110992.712181 4.741E-30 5.167E-06.06370.332 1474.98080.630.000000          0 7 0          0 0 0  9  4  6        9  5  5      1333308287659336 0    19.0   19.0
 1110992.715461 1.633E-26 2.642E-03.07450.352 1059.64670.57-.029570          2 0 1          0 0 0  8  7  2        7  5  3      3342338387657131 8    17.0   15.0
 1110992.790342 2.921E-25 1.402E-02.07690.300 1079.07960.63-.013770          2 0 1          0 0 0 10  3  7        9  1  8      3353438387676631 7    63.0   57.0
 1110993.197245 5.282E-26 1.050E-04.08780.300  325.34790.71-.012700          2 0 1          0 0 0  6  4  2        5  0  5      4343338387947031 8    39.0   33.0
 1110993.218187 1.781E-25 2.628E-04.09770.422  136.76170.74-.008930          1 0 2          0 0 0  3  3  0        3  0  3      4343438315946631 8    21.0   21.0
 1110993.263983 4.017E-30 3.022E-06.06080.321 1437.96860.590.000000          1 5 0          0 0 0 11  1 11       10  2  8      1333308287659336 0    23.0   21.0
 1110993.292334 1.212E-28 5.995E-03.08680.371 2211.19060.71-.010020          1 1 2          0 1 0  7  3  5        6  2  4      334233837294713152    15.0   13.0
 1110993.408449 4.337E-27 5.359E-02.10690.504 1594.74630.75-.006370          0 1 3          0 1 0  1  0  1        0  0  0      534233837294713152     3.0    1.0
 1110993.497024 1.055E-23 1.860E-02.10410.522  173.36580.75-.017050          0 0 3          0 0 0  3  1  3        3  1  2      465340837367663036    21.0   21.0
 1110993.554305 4.303E-24 1.899E-02.09440.456  136.16390.72-.014000          1 0 2          0 0 0  3  3  1        2  2  0      453443831567663159     7.0    5.0
 1110993.688980 4.700E-30 1.388E-05.05240.265 1962.50690.55-.001080          0 4 1          0 0 0 12  7  5       12  3 10      342230838494713152    75.0   75.0
 1110993.709061 1.125E-29 1.520E-04.03390.275 2275.37290.560.000000          0 7 0          0 0 0 12  8  5       12  5  8      1333308287659336 0    75.0   75.0
 1110993.919359 3.492E-30 1.429E-05.09770.434 1819.33510.74-.012640          0 6 1          0 1 0  4  0  4        3  2  1      3322338372947131 9    27.0   21.0
 1110993.925097 1.354E-30 1.053E-02.06620.319 3320.92980.620.000000          0 3 2          0 1 0 10  7  3        9  6  4      1333308287659336 0    21.0   19.0
 1110993.932830 4.039E-30 1.048E-02.04790.315 3321.01330.47-.025260          0 3 2          0 1 0 10  7  4        9  6  3      332230837294713152    63.0   57.0
 1110994.015465 3.587E-28 2.547E-06.08400.371  552.91140.71-.006960          1 0 2          0 0 0  5  5  0        6  2  5      432230837294713152    33.0   39.0
 1110994.084827 7.993E-29 3.000E-04.02860.242 2042.31060.450.000000          2 2 0          0 0 0 14  4 11       13  1 12      1333308287659336 0    87.0   81.0
 1110994.165175 5.873E-30 6.352E-03.06090.315 3141.04600.59-.035220          2 1 1          0 1 0 10  7  3        9  5  4      332230837294713152    63.0   57.0
 1110994.277783 4.632E-30 3.973E-02.09840.434 3392.74930.75-.009150          0 2 3          0 2 0  4  2  2        3  2  1      432230837294713152    27.0   21.0
 1110994.317762 1.329E-29 1.239E-07.08320.371  446.69660.70-.000380          2 2 0          0 0 0  7  5  3        6  0  6      432230837294713155    15.0   13.0
 1110994.577022 6.339E-28 9.464E-03.08940.371 2161.28600.72-.011620          0 1 3          0 1 0  6  2  4        6  2  5      534233837294713152    39.0   39.0
 1110994.730592 2.696E-30 2.009E-05.07890.428 1664.96460.740.000000          0 8 0          0 1 0  3  3  1        2  0  2      2333308287659336 0     7.0    5.0
 1110994.843562 6.870E-27 8.811E-03.02600.250 1806.67000.19-.036980          1 0 2          0 0 0 13  1 12       13  0 13      334233837294713152    81.0   81.0
 1110994.884776 1.432E-25 4.472E-03.05080.300  744.06370.42-.024240          1 0 2          0 0 0  9  1  9        8  0  8      4643338372947031 7    19.0   17.0
 1110994.891918 2.416E-25 2.516E-03.08710.303  744.16270.42-.035000          1 0 2          0 0 0  9  0  9        8  1  8      464323837262663159    57.0   51.0
 1110994.901197 1.461E-27 7.244E-03.04950.281 1843.02960.46-.004520          1 2 1          0 0 0 12  6  7       11  4  8      334233837294713152    25.0   23.0
 1110994.917802 2.295E-27 8.830E-03.02600.250 1806.67150.19-.037060          1 0 2          0 0 0 13  2 12       13  1 13      334233837294713152    27.0   27.0
 1110994.998634 2.360E-26 3.453E-03.07350.281 1327.11000.67-.032880          3 0 0          0 0 0 11  3  8       11  0 11      3642338372607130 8    69.0   69.0
 1110995.073288 1.956E-30 7.343E-06.03170.242 2042.31060.450.000000          0 6 0          0 0 0 14  6  9       13  1 12      1333308287659336 0    87.0   81.0
 1110995.078206 1.263E-23 1.848E-02.08760.471  134.90160.71-.013000          1 0 2          0 0 0  3  3  0        2  2  1      465340831567663136    21.0   15.0
 1110995.112113 1.970E-29 7.794E-07.08150.333  744.06370.70-.006960          2 0 1          0 0 0  7  6  1        8  0  8      432230838794713152    15.0   17.0
 1110995.248269 1.148E-25 3.318E-03.07390.344  931.23710.69-.018260          2 0 1          0 0 0  8  6  2        7  4  3      4344438387947031 7    51.0   45.0
 1110995.328995 1.265E-30 9.337E-03.06390.222 3629.09610.400.000000          3 0 0          0 0 0 16  8  9       15  7  8      1333308287659336 0    99.0   93.0
 1110995.370020 1.735E-28 4.519E-05.08060.333 1131.77560.74-.016130          0 0 3          0 0 0  7  6  1        8  4  4      464233837360713049    15.0   17.0
 1110995.434180 1.186E-27 1.270E-02.10080.434 1739.48370.75-.008350          0 1 3          0 1 0  3  1  2        3  1  3      534233837294713152     7.0    7.0
 1110995.495870 1.012E-28 2.196E-04.08290.281 1899.00820.76-.020450          0 0 3          0 0 0 12  2 10       11  4  7      364233837360713049    75.0   69.0
 1110995.576284 5.723E-28 2.942E-04.07880.315 1340.88490.69-.034340          1 0 2          0 0 0 10  3  7        9  4  6      334233837294713152    21.0   19.0
 1110995.597842 2.541E-29 3.321E-04.04810.250 2042.37410.48-.021410          0 0 3          0 0 0 12  4  9       13  2 12      364233837360713049    25.0   27.0
 1110995.621699 5.363E-30 1.010E-06.08100.315 1360.23530.71-.014840          0 5 1          0 0 0 10  0 10        9  4  5      3322338372947131 9    63.0   57.0
 1110995.678413 7.065E-28 9.135E-05.07720.315 1282.91910.68-.010720          2 2 0          0 0 0 10  6  5        9  3  6      434233837294713152    63.0   57.0
 1110995.683248 9.331E-30 2.459E-05.09850.456 1677.06140.74-.002480          0 9 0          0 1 0  3  0  3        2  1  2      532230807294713152    21.0   15.0
 1110995.718099 1.922E-30 6.191E-03.05620.315 3139.47580.55-.031080          2 1 1          0 1 0 10  7  4        9  5  5      332230837294713152    21.0   19.0
 1110995.788872 2.309E-29 7.670E-05.06490.298 1724.70540.67-.018014          0 6 0          0 0 0 10  8  2       10  5  5      3342338072947131 9    21.0   21.0
 1110995.848250 1.436E-29 1.862E-03.03780.267 2740.42090.460.000000          2 2 0          0 0 0 12 10  3       11  9  2      1333308287659336 0    75.0   69.0
 1110995.848333 4.787E-30 1.862E-03.05160.271 2740.42080.510.000000          2 2 0          0 0 0 12 10  2       11  9  3      1333308287659336 0    25.0   23.0
 1110995.880726 1.670E-27 4.569E-03.04390.265 1962.50690.41-.019698          1 2 1          0 0 0 13  5  9       12  3 10      3342338372947131 9    81.0   75.0
 1110995.896845 8.416E-30 1.024E-04.09170.452 1817.45120.690.000000          1 6 0          0 1 0  4  1  3        4  0  4      2333308287659336 0     9.0    9.0
 1110995.899546 2.077E-28 6.840E-04.04640.259 1774.61630.510.000000         -2 3-2          0 0 0 13 11  2       12  1 11      1333308287659336 0    27.0   25.0
 1110996.106986 1.376E-28 4.837E-03.08160.352 2392.59250.68-.007600          1 1 2          0 1 0  8  3  6        7  2  5      434233837294713152    51.0   45.0
 1110996.123633 7.350E-30 5.705E-03.07710.298 3072.72640.69-.021860          0 1 3          0 1 0 10  3  7       10  3  8      332230837294713152    63.0   63.0
 1110996.255647 1.835E-25 5.419E-03.07060.310  709.60820.56-.025860          1 0 2          0 0 0  8  1  7        7  2  6      4333438315676631 7    17.0   15.0
 1110996.424930 3.600E-29 5.025E-06.06330.335 1255.16680.640.000000          0 7 0          0 0 0  8  4  5        8  5  4      2333308287659336 0    51.0   51.0
 1110996.488022 1.685E-28 2.443E-05.07330.315 1080.38540.64-.008950          0 2 2          0 0 0 10  3  7        9  2  8      332230837294713152    21.0   19.0
 1110996.715372 4.386E-30 3.605E-07.07870.315  920.21000.70-.010450          3 0 0          0 0 0  8  6  2        9  1  9      332230837260713049    17.0   19.0
 1110996.743826 1.050E-30 2.416E-05.08640.424 2024.15260.700.000000          0 8 0          0 1 0  6  3  3        5  2  4      1333308287659336 0    13.0   11.0
 1110996.892623 4.177E-30 2.489E-03.07760.333 2771.69010.72-.025700          2 1 1          0 1 0  9  6  3        8  4  4      332230837294713152    19.0   17.0
 1110997.199293 2.716E-27 2.355E-05.08610.425  326.62550.670.000000          1 5 0          0 0 0  4  0  4        5  1  5      2333308287659336 0     9.0   11.0
 1110997.239068 1.116E-30 1.113E-07.06730.360  982.91170.650.000000          0 6 0          0 0 0  9  7  3        8  2  6      2333308287659336 0    19.0   17.0
 1110997.434135 1.678E-27 1.844E-03.03810.265 1774.75110.36-.009230          1 2 1          0 0 0 13  4 10       12  2 11      334233837294713152    81.0   75.0
 1110997.493378 1.477E-30 7.560E-03.02770.265 3512.40490.36-.037500          0 0 3          0 0 0 13 11  3       12 11  2      262230837360713049    81.0   75.0
 1110997.493395 4.668E-31 7.168E-03.03270.264 3512.40490.240.000000          0 0 3          0 0 0 13 11  2       12 11  1      2333308387659336 0    27.0   25.0
 1110997.536967 4.634E-25 6.899E-03.08710.395  542.90580.65-.014000          1 0 2          0 0 0  7  2  6        6  1  5      455341831562663120    15.0   13.0
 1110997.603473 4.054E-30 4.811E-06.03520.259 1774.75110.510.000000          0 6 0          0 0 0 12  7  6       12  2 11      1333308287659336 0    75.0   75.0
 1110997.683056 4.167E-24 3.428E-02.09650.424  315.77950.74-.014630          0 0 3          0 0 0  4  2  3        4  2  2      4643438373676630 7     9.0    9.0
 1110997.762886 2.361E-29 8.583E-03.05950.315 2690.59370.53-.004140          2 1 1          0 1 0 10  4  7        9  2  8      334233837294713152    21.0   19.0
 1110997.829655 1.445E-27 3.492E-03.07180.281 1695.06860.65-.020350          3 0 0          0 0 0 12  4  8       11  3  9      334233837260713049    25.0   23.0
 1110997.830086 5.335E-30 6.386E-04.07300.315 2688.07990.67-.017560          1 3 1          0 1 0 10  5  5        9  1  8      332233837294713155    63.0   57.0
 1110997.875162 8.599E-30 2.120E-04.05100.253 2414.72340.510.000000          1 2 1          0 0 0 13  7  7       13  3 10      1333308287659336 0    81.0   81.0
 1110997.877882 1.046E-29 1.129E-04.03390.303 1985.78490.590.000000          0 7 0          0 0 0 11  8  4       11  5  7      1333308287659336 0    23.0   23.0
 1110997.939183 2.090E-26 1.153E-02.08110.384 1581.33600.71-.015380          0 0 3          0 0 0 10  4  6       10  4  7      364443837360703049    63.0   63.0
 1110998.016045 7.968E-30 5.304E-02.08810.412 3381.70420.69-.011510          0 2 3          0 2 0  5  1  5        4  1  4      432230837294713152    33.0   27.0
 1110998.121020 7.938E-29 3.459E-04.05770.250 2042.31060.56-.025280          0 0 3          0 0 0 12  3  9       13  1 12      364233837360713049    75.0   81.0
 1110998.129275 8.363E-28 2.053E-05.08650.352  842.35660.74-.012980          0 0 3          0 0 0  6  5  1        7  3  4      464233837360713049    39.0   45.0
 1110998.289541 7.337E-24 8.403E-02.08460.424  383.84250.71-.019000          0 0 3          0 0 0  4  3  2        4  3  1      465440837367663036     9.0    9.0
 1110998.307214 1.087E-26 5.477E-03.07140.298 1581.33600.65-.010418          0 2 2          0 0 0 11  5  6       10  4  7      364233837294713156    69.0   63.0
 1110998.339184 4.325E-30 1.155E-02.04450.333 3306.29520.46-.025810          0 1 3          0 1 0  9  7  3        8  7  2      332230837294713152    57.0   51.0
 1110998.348529 1.441E-30 1.155E-02.04450.333 3306.29550.46-.025760          0 1 3          0 1 0  9  7  2        8  7  1      332230837294713152    19.0   17.0
 1110998.375545 1.844E-29 1.603E-05.06570.315 1631.38300.71-.023910          0 0 3          0 0 0  8  8  0        9  6  3      362230837360713049    51.0   57.0
 1110998.503116 6.621E-28 8.683E-03.02200.235 2073.51500.13-.038430          1 0 2          0 0 0 14  1 13       14  0 14      334233837294713152    29.0   29.0
 1110998.513062 6.150E-30 1.603E-05.06540.315 1631.24550.71-.023940          0 0 3          0 0 0  8  8  1        9  6  4      362230837360713049    17.0   19.0
 1110998.514324 9.661E-28 1.275E-05.08180.333  744.16270.70-.005250          1 0 2          0 0 0  7  4  3        8  1  8      434233837294713152    45.0   51.0
 1110998.601704 2.357E-29 4.326E-06.07040.349 1059.64670.640.000000          0 7 0          0 0 0  7  4  4        7  5  3      2333308287659336 0    15.0   15.0
 1110998.715632 3.816E-26 3.255E-03.06620.314  927.74390.61-.021480          2 0 1          0 0 0  8  6  3        7  4  4      4343438387946631 8    17.0   15.0
 1110998.730617 1.252E-30 2.082E-05.08620.421 1922.90110.730.000000          0 6 1          0 1 0  5  0  5        4  2  2      1333308287659336 0    11.0    9.0
 1110998.787762 1.969E-27 8.608E-03.02200.235 2073.51570.13-.038590          1 0 2          0 0 0 14  2 13       14  1 14      334233837294713152    87.0   87.0
 1110998.986377 2.431E-28 5.969E-06.08980.352  842.35660.73-.015510          0 5 1          0 0 0  6  1  5        7  3  4      4322338372947131 9    39.0   45.0
 1110999.010344 6.212E-30 2.142E-02.02770.352 3109.91160.32-.031180          0 3 2          0 1 0  8  8  0        7  7  1      332230837294713152    17.0   15.0
 1110999.010403 1.864E-29 2.143E-02.02770.352 3109.91160.32-.031190          0 3 2          0 1 0  8  8  1        7  7  0      334233837294713152    51.0   45.0
 1110999.224470 1.094E-29 3.459E-06.05120.321 1446.12820.590.000000          0 7 0          0 0 0  9  4  5       10  3  8      1333308287659336 0    57.0   63.0
 1110999.308036 1.052E-27 5.424E-03.08980.412 1908.01630.72-.006180          1 1 2          0 1 0  5  3  2        4  2  3      534233837294713152    33.0   27.0
 1110999.379669 9.188E-30 5.840E-06.07510.315 1340.88490.72-.017310          2 0 1          0 0 0  8  8  1        9  4  6      332230838794713152    17.0   19.0
 1110999.382283 1.110E-29 1.976E-04.05540.273 2105.86790.550.000000          1 2 1          0 0 0 12  7  6       12  3  9      1333308287659336 0    25.0   25.0
 1110999.453221 5.091E-26 5.307E-04.06920.331  744.16270.65-.032000          3 0 0          0 0 0  9  2  7        8  1  8      464333837262663059    57.0   51.0
 1110999.620005 2.105E-28 1.202E-05.07490.298 1114.54990.68-.022864          1 2 1          0 0 0 10  5  5       10  1 10      334233837294713110    63.0   63.0
 1110999.622854 3.541E-29 1.893E-06.06780.362  742.07300.640.000000          0 7 0          0 0 0  5  4  2        5  5  1      2333308287659336 0    11.0   11.0
 1110999.674589 1.067E-29 2.135E-04.08640.428 1693.64990.740.000000          0 6 1          0 1 0  1  1  0        2  1  1      2333308287659336 0     3.0    5.0
 1110999.690106 1.271E-29 1.186E-02.06670.298 2903.14600.60-.029840          2 1 1          0 1 0 11  3  8       10  1  9      334233837294713152    23.0   21.0
 1110999.701075 2.874E-27 8.313E-05.07250.300  931.23710.70-.015520          1 4 0          0 0 0  8  7  2        7  4  3      444333838494703152    51.0   45.0
 1110999.715287 1.055E-28 3.244E-06.05480.371  888.59880.60-.002330          0 7 0          0 0 0  6  4  3        6  5  2      3322338072947131 9    39.0   39.0
 1110999.721056 5.561E-31 2.698E-05.02780.221 2327.88380.460.000000          0 2 2          0 0 0 13  6  8       14  1 13      1333308287659336 0    27.0   29.0
 1110999.778437 2.551E-28 8.491E-05.06260.315 1477.29740.60-.031950          0 2 2          0 0 0 10  6  5        9  5  4      434233837294713152    63.0   57.0
 1110999.816397 1.061E-28 1.891E-06.04650.391  742.07630.52-.002180          0 7 0          0 0 0  5  4  1        5  5  0      3322338372947131 9    33.0   33.0
 1110999.822279 2.142E-30 4.559E-08.08800.352  842.35660.72-.013710          0 5 1          0 0 0  7  1  7        7  3  4      4322338372947131 9    45.0   45.0
 1110999.869753 5.867E-29 1.229E-02.05060.371 2733.96270.52-.020450          0 1 3          0 1 0  7  6  2        6  6  1      334233837294713152    45.0   39.0
 1110999.878664 1.955E-29 1.229E-02.05070.371 2733.96290.52-.020410          0 1 3          0 1 0  7  6  1        6  6  0      334233837294713152    15.0   13.0
 1110999.988071 2.703E-30 1.613E-03.03680.213 2872.58050.430.000000         -2 0-2          0 0 0 15 15  0       15  3 13      1333308287659336 0    31.0   31.0
 1111000.001918 4.361E-30 4.730E-02.08780.412 3482.06450.70-.012860          0 2 3          0 2 0  5  2  4        4  2  3      332230837294713152    33.0   27.0
 1111000.037246 1.017E-28 1.503E-07.09570.434  136.76170.74-.001673          0 7 0          0 0 0  3  3  0        3  0  3      3342238372947131 8    21.0   21.0
 1111000.050248 2.727E-27 2.966E-05.07970.379  704.21410.660.000000          1 5 0          0 0 0  7  0  7        7  1  6      4333308387659336 0    45.0   45.0
 1111000.110306 8.265E-26 6.571E-04.08940.453  610.34120.73-.013000          0 0 3          0 0 0  6  2  4        5  4  1      464443837360663059    39.0   33.0
 1111000.244245 9.205E-29 1.128E-04.06670.323 1538.14950.620.000000          2 2 0          0 0 0 11  6  6       10  3  7      1333308287659336 0    23.0   21.0
 1111000.272317 7.466E-30 1.208E-04.04320.235 2327.91400.45-.025520          0 0 3          0 0 0 13  4 10       14  2 13      362230837360713049    81.0   87.0
 1111000.418867 3.570E-29 3.294E-06.05510.333  888.63270.610.000000          0 7 0          0 0 0  6  4  2        6  5  1      2333308287659336 0    13.0   13.0
 1111000.525258 1.092E-29 2.769E-03.07880.333 2595.81290.68-.006270          3 1 0          0 1 0  9  5  5        8  2  6      334223837294713152    19.0   17.0
 1111000.575164 3.710E-31 8.702E-03.01950.167 3675.11310.010.000000          1 0 2          0 0 0 19  2 18       19  1 19      1333308287659336 0    39.0   39.0
 1111000.595509 7.148E-28 3.159E-06.07890.428  136.16390.740.000000          0 7 0          0 0 0  3  3  1        2  2  0      2333308287659336 0     7.0    5.0
 1111000.607310 1.709E-28 8.373E-03.01900.221 2358.30160.09-.039460          1 0 2          0 0 0 15  2 14       15  1 15      232230807294713152    31.0   31.0
 1111000.712567 5.030E-30 2.193E-05.05760.250 2042.31060.61-.007420          2 0 1          0 0 0 12  7  5       13  1 12      332230838794713152    75.0   81.0
 1111000.827152 5.956E-30 1.556E-06.06080.321 1446.12820.590.000000          1 5 0          0 0 0 11  0 11       10  3  8      1333308287659336 0    69.0   63.0
 1111001.017644 5.344E-28 8.728E-03.01950.221 2358.30140.10-.040000          1 0 2          0 0 0 15  1 14       15  0 15      332230837294713152    93.0   93.0
 1111001.203112 7.122E-30 8.032E-05.02860.242 2042.37410.450.000000          2 2 0          0 0 0 14  3 11       13  2 12      1333308287659336 0    29.0   27.0
 1111001.335536 3.226E-30 1.246E-02.05270.219 3269.53980.440.000000          3 0 0          0 0 0 16  6 10       15  5 11      1333308287659336 0    33.0   31.0
 1111001.586515 7.080E-29 4.338E-06.04870.352 1059.83550.53-.005670          0 7 0          0 0 0  7  4  3        7  5  2      2322338072947131 9    45.0   45.0
 1111001.628578 3.580E-31 7.749E-03.06490.221 3624.18130.420.000000          3 0 0          0 0 0 16  8  8       15  7  9      1333308287659336 0    33.0   31.0
 1111001.646444 2.016E-27 1.211E-05.08740.391  326.62550.71-.008582          0 2 2          0 0 0  6  4  2        5  1  5      4342238372947131 8    13.0   11.0
 1111001.667652 2.166E-23 8.221E-02.07990.412  382.51690.70-.014980          0 0 3          0 0 0  4  3  1        4  3  2      4642438373257130 7    27.0   27.0
 1111001.674759 9.360E-29 1.501E-05.05660.328 1080.38540.600.000000          0 7 0          0 0 0  9  3  7        9  2  8      1333308287659336 0    19.0   19.0
 1111001.690150 4.215E-30 1.290E-07.08420.371  661.54890.74-.011410          0 2 2          0 0 0  6  6  0        6  3  3      434223837294713152    13.0   13.0
 1111001.700540 4.912E-23 1.495E-01.08130.434  285.41860.70-.015000          0 0 3          0 0 0  3  3  1        3  3  0      465223837367713059    21.0   21.0
 1111001.782943 6.459E-29 6.954E-05.05770.298 1718.71880.61-.007220          0 6 0          0 0 0 10  8  3       10  5  6      2342238072947131 9    63.0   63.0
 1111001.798612 1.563E-26 4.888E-04.03160.343  744.06370.59-.024000          3 0 0          0 0 0  9  3  7        8  0  8      464323837262533020    19.0   17.0
 1111001.897265 2.195E-27 3.215E-06.07960.456  134.90160.72-.005163          0 7 0          0 0 0  3  3  0        2  2  1      3342238372947131 7    21.0   15.0
 1111001.897959 6.428E-29 6.419E-06.07770.333  982.91170.67-.006880          3 0 0          0 0 0  9  5  5        8  2  6      434223837260713049    19.0   17.0
 1111001.910672 4.886E-27 2.996E-05.08240.352  586.24350.70-.009320          3 0 0          0 0 0  7  5  2        7  0  7      434223837260713049    45.0   45.0
 1111002.057430 8.910E-31 3.275E-06.05400.305 1724.70540.620.000000         -2 5-2          0 0 0  9  1  8       10  5  5      1333308287659336 0    19.0   21.0
 1111002.099222 3.248E-29 3.300E-04.03790.248 2246.88480.480.000000          2 2 0          0 0 0 14  5 10       13  2 11      1333308287659336 0    87.0   81.0
 1111002.204449 9.700E-29 1.501E-05.08290.333 1050.15770.74-.014080          2 0 1          0 0 0  8  7  2        8  3  5      334223838794713152    17.0   17.0
 1111002.204456 5.980E-30 8.750E-03.01250.183 3319.4483-.03-.040000          1 0 2          0 0 0 18  2 17       18  1 18      332230837294713152   111.0  111.0
 1111002.215229 1.993E-30 8.749E-03.01950.182 3319.44830.060.000000          1 0 2          0 0 0 18  1 17       18  0 18      3333308387659336 0    37.0   37.0
 1111002.218525 1.632E-23 1.489E-01.07880.433  285.21930.69-.016950          0 0 3          0 0 0  3  3  0        3  3  1      4643438373256630 7     7.0    7.0
 1111002.320215 4.327E-29 8.674E-03.01620.208 2660.94600.04-.040000          1 0 2          0 0 0 16  1 15       16  0 16      232230807294713152    33.0   33.0
 1111002.411671 1.306E-28 8.727E-03.01540.208 2660.94600.01-.036350          1 0 2          0 0 0 16  2 15       16  1 16      332230837294713152    99.0   99.0
 1111002.529958 5.253E-29 7.517E-06.08070.315 1282.91910.69-.004300          0 8 0          0 0 0  9  0  9        9  3  6      3322338072947131 9    57.0   57.0
 1111002.561502 6.917E-29 6.833E-05.07110.332 1474.98080.630.000000          0 2 2          0 0 0 10  6  4        9  5  5      1333308287659336 0    21.0   19.0
 1111002.575079 2.638E-30 5.110E-02.09000.412 3375.29800.71-.010000          0 2 3          0 2 0  5  0  5        4  0  4      432230837294713152    11.0    9.0
 1111002.669973 4.357E-28 1.915E-04.06130.281 1327.11760.58-.017730          3 0 0          0 0 0 11  4  8       11  1 11      334223837260713049    23.0   23.0
 1111002.672051 1.578E-30 8.229E-08.04620.278 1114.54990.500.000000          0 6 0          0 0 0 11  6  5       10  1 10      1333308287659336 0    69.0   63.0
 1111002.748915 5.085E-31 1.699E-04.04010.231 2739.42850.490.000000          1 2 1          0 0 0 14  7  8       14  3 11      1333308287659336 0    29.0   29.0
 1111002.776840 7.840E-26 4.093E-04.09370.485  222.05280.73-.011320          1 0 2          0 0 0  4  3  1        4  0  4      4244438315946631 8     9.0    9.0
 1111002.835911 2.920E-29 8.733E-03.01370.195 2981.3594-.02-.039880          1 0 2          0 0 0 17  1 16       17  0 17      332230837294713152   105.0  105.0
 1111002.843833 9.739E-30 8.738E-03.01430.195 2981.35950.60-.040000          1 0 2          0 0 0 17  2 16       17  1 17      33220083729471 052    35.0   35.0
 1111003.047122 7.046E-29 2.594E-05.06570.315 1477.29740.68-.020110          1 4 0          0 0 0  9  8  1        9  5  4      344223808494713152    57.0   57.0
 1111003.194007 9.518E-28 8.126E-05.06720.352  927.74390.65-.014550          1 4 0          0 0 0  8  7  1        7  4  4      444223838494713152    17.0   15.0
 1111003.341789 7.521E-30 3.651E-04.05320.235 2327.88380.56-.033880          0 0 3          0 0 0 13  3 10       14  1 13      262230837360713049    27.0   29.0
 1111003.351530 3.095E-27 5.106E-02.07950.265 2105.86790.72-.002340          2 0 1          0 0 0 13  5  8       12  3  9      232233838794713155    27.0   25.0
 1111003.462729 1.104E-27 5.212E-05.07270.333 1006.11590.64-.014530          0 0 3          0 0 0  7  5  3        8  3  6      464223837360713049    45.0   51.0
 1111003.484265 6.421E-25 6.165E-03.07250.387  704.21410.56-.011300          1 0 2          0 0 0  8  2  7        7  1  6      4643438315256631 7    51.0   45.0
 1111003.560657 1.736E-29 4.529E-06.08490.333 1131.77560.71-.016010          0 5 1          0 0 0  7  2  5        8  4  4      3322338372947131 9    15.0   17.0
 1111003.607134 2.843E-24 4.782E-02.08290.408  503.96810.72-.013190          0 0 3          0 0 0  5  3  2        5  3  3      4644438373256630 7    11.0   11.0
 1111003.754864 1.079E-29 2.074E-03.06360.333 2764.69740.59-.025670          2 1 1          0 1 0  9  6  4        8  4  5      434223837294713152    57.0   51.0
 1111003.785054 2.250E-29 1.147E-03.08130.315 2512.28290.70-.006670          1 3 1          0 1 0 10  4  6        9  0  9      334223837294713155    63.0   57.0
 1111003.821854 2.414E-28 1.726E-03.07800.281 2144.04630.72-.027920          0 0 3          0 0 0 12  4  8       11  6  5      364223837360713049    75.0   69.0
 1111003.841347 1.103E-29 8.233E-05.08640.428 1664.96460.740.000000          1 6 0          0 1 0  3  1  3        2  0  2      2333308287659336 0     7.0    5.0
 1111003.875678 4.747E-26 3.163E-03.04040.240  920.21000.35-.025440          1 0 2          0 0 0 10  0 10        9  1  9      364323837228703159    21.0   19.0
 1111003.925653 1.046E-28 7.625E-03.05950.253 2426.19650.510.000000          3 0 0          0 0 0 14  5  9       13  4 10      1333308287659336 0    29.0   27.0
 1111004.011832 1.410E-25 3.131E-03.03290.233  920.16840.35-.032340          1 0 2          0 0 0 10  1 10        9  0  9      364423837225703152    63.0   57.0
 1111004.423680 5.462E-28 4.545E-05.07320.333 1122.70850.68-.017870          0 0 3          0 0 0  7  6  2        8  4  5      464223837360713049    45.0   51.0
 1111004.434184 9.102E-30 4.697E-05.08550.412 1908.01630.71-.003500          0 3 2          0 1 0  5  5  0        4  2  3      332230837294713152    33.0   27.0
 1111004.673130 2.241E-27 5.859E-04.07440.300 1446.12820.66-.008826          0 2 2          0 0 0 11  4  7       10  3  8      3343238372947031 9    69.0   63.0
 1111004.761424 5.828E-30 2.623E-06.02640.265 1557.84770.15-.022260          0 5 1          0 0 0 11  1 11       12  1 12      3342238372947131 7    69.0   75.0
 1111004.862780 4.148E-28 1.034E-02.08100.412 2005.91700.69-.017610          1 1 2          0 1 0  5  4  2        4  3  1      534223837294713152    11.0    9.0
 1111004.912608 7.207E-30 1.213E-05.05810.288 1810.58790.580.000000         -2 5-2          0 0 0 10  8  3        9  7  2      1333308287659336 0    63.0   57.0
 1111004.917566 2.405E-30 1.215E-05.05810.303 1810.58330.600.000000         -2 5-2          0 0 0 10  8  2        9  7  3      1333308287659336 0    21.0   19.0
 1111004.925190 1.737E-29 2.812E-04.06110.235 2327.91400.63-.013500          3 0 0          0 0 0 13  7  6       14  2 13      332230837260713049    81.0   87.0
 1111004.950908 1.094E-29 4.605E-06.06370.315 1255.91160.630.000000          0 7 0          0 0 0  8  4  4        8  5  3      2333308287659336 0    17.0   17.0
 1111005.171759 5.428E-31 4.743E-02.08910.406 3719.49290.690.000000          0 2 3          0 2 0  6  3  4        5  3  3      3333308387659336 0    13.0   11.0
 1111005.355201 2.303E-29 2.516E-05.06250.315 1474.98080.65-.018470          1 4 0          0 0 0  9  8  2        9  5  5      344223838494713152    19.0   19.0
 1111005.606372 1.867E-28 1.215E-05.07920.352  816.69420.71-.012130          1 0 2          0 0 0  6  6  0        7  3  5      434223837294713152    13.0   15.0
 1111005.834568 2.865E-26 5.903E-03.07940.396 1131.77560.72-.039000          2 0 1          0 0 0  9  6  3        8  4  4      434343838728663159    19.0   17.0
 1111005.910342 7.345E-31 8.969E-07.07090.332 1474.98080.630.000000          2 3 0          0 0 0  8  0  8        9  5  5      3333308387659336 0    17.0   19.0
 1111005.916147 6.303E-30 4.151E-04.02970.221 2631.26890.59-.039880          0 0 3          0 0 0 14  3 11       15  1 14      262230837365713049    87.0   93.0
 1111005.939010 1.392E-25 5.190E-03.07320.315 1006.11590.68-.028000          1 0 2          0 0 0  9  2  7        8  3  6      434343831528663120    57.0   51.0
 1111006.021726 1.099E-27 9.082E-03.07730.412 2004.81570.65-.017490          1 1 2          0 1 0  5  4  1        4  3  2      534223837294713152    33.0   27.0
 1111006.084507 7.606E-30 4.128E-03.07990.315 2998.76630.73-.023880          2 1 1          0 1 0 10  6  4        9  4  5      332230837294713152    63.0   57.0
 1111006.117819 9.447E-28 2.192E-05.07000.355  885.60020.630.000000          1 5 0          0 0 0  8  1  8        8  2  7      2333308287659336 0    51.0   51.0
 1111006.153753 2.981E-25 6.187E-03.04980.284  885.60020.48-.029610          1 0 2          0 0 0  9  1  8        8  2  7      4444438315256631 7    57.0   51.0
 1111006.159898 1.884E-30 3.723E-04.02970.209 2631.28350.420.000000          0 0 3          0 0 0 14  4 11       15  2 14      1333308287659336 0    29.0   31.0
 1111006.210428 2.435E-28 7.006E-07.09580.391  325.34790.73-.007120          0 0 3          0 0 0  4  2  2        5  0  5      464223837360713049    27.0   33.0
 1111006.236363 5.380E-27 4.862E-02.10290.480 1634.96710.75-.007610          0 1 3          0 1 0  2  1  2        1  1  1      534223837294713152     5.0    3.0
 1111006.270264 9.352E-30 5.951E-06.06990.315 1340.88490.67-.019730          1 0 2          0 0 0  8  7  1        9  4  6      332230837294713152    17.0   19.0
 1111006.317027 6.171E-29 1.694E-06.07710.315  920.16840.69-.007540          2 0 1          0 0 0  8  6  2        9  0  9      334223838794713152    51.0   57.0
 1111006.349514 9.787E-30 4.084E-04.08530.371 2146.26370.70-.001180          1 1 2          0 1 0  6  4  2        6  1  5      432230837294713152    13.0   13.0
 1111006.438477 1.135E-27 1.712E-04.06350.298 1293.63410.58-.013810          0 0 3          0 0 0  9  4  6       10  2  9      464223837360713049    57.0   63.0
 1111006.639294 7.396E-30 4.794E-02.10130.434 3334.62660.75-.008810          0 2 3          0 2 0  4  1  3        3  1  2      432230837294713152    27.0   21.0
 1111006.749653 3.087E-29 4.907E-03.05660.255 2586.52970.520.000000          0 4 1          0 0 0 14  7  8       13  5  9      1433308284659336 0    29.0   27.0
 1111006.754185 6.986E-30 3.904E-03.06480.235 3084.83570.60-.040000          1 0 2          0 0 0 15  5 10       14  6  9      232230837294713152    93.0   87.0
 1111007.089944 2.635E-27 9.928E-04.08330.333 1255.91160.72-.016700          0 0 3          0 0 0  9  3  6        8  5  3      464223837360713049    19.0   17.0
 1111007.169898 4.540E-31 3.998E-04.02600.200 2952.38660.310.000000          0 0 3          0 0 0 15  3 12       16  1 15      1333308287659336 0    31.0   33.0
 1111007.233016 9.041E-29 1.408E-04.06730.281 1813.22340.63-.014650          1 2 1          0 0 0 11  7  5       11  3  8      232233807294713155    69.0   69.0
 1111007.356355 8.443E-29 1.210E-04.06330.305 1813.22340.580.000000          2 2 0          0 0 0 12  6  7       11  3  8      1333308287659336 0    75.0   69.0
 1111007.435777 1.881E-29 7.921E-06.06760.333 1255.91160.70-.017470          1 4 0          0 0 0  8  8  0        8  5  3      344223838494713152    17.0   17.0
 1111007.553069 6.411E-27 8.886E-04.08580.328 1050.15770.73-.015820          0 0 3          0 0 0  9  1  8        8  3  5      464443837360703049    19.0   17.0
 1111007.650878 8.109E-27 5.448E-05.09850.439  222.05280.74-.005510          0 0 3          0 0 0  3  2  1        4  0  4      464443837360703049     7.0    9.0
 1111007.815368 1.257E-30 4.831E-06.06240.297 1998.99530.590.000000          1 5 0          0 0 0 11  4  7       11  5  6      1333308287659336 0    69.0   69.0
 1111007.817213 1.511E-28 1.907E-04.05870.281 1525.13600.55-.014640          0 0 3          0 0 0 10  4  7       11  2 10      364223837360713049    21.0   23.0
 1111007.822753 7.986E-27 7.424E-05.08330.300  416.20870.70-.010240          3 0 0          0 0 0  6  5  1        5  2  4      434323837260703049    13.0   11.0
 1111007.847470 9.806E-31 9.645E-03.06640.305 3387.40070.620.000000          2 1 1          0 1 0 11  7  4       10  5  5      3333308387659336 0    23.0   21.0
 1111007.850547 1.064E-29 6.945E-04.08490.250 2629.33450.81-.023680          0 0 3          0 0 0 14  3 11       13  5  8      262230837360713049    87.0   81.0
 1111007.865092 1.889E-29 9.696E-03.03760.216 3080.17870.440.000000          1 2 1          0 0 0 16 15  1       15  3 12      1333308287659336 0    99.0   93.0
 1111007.894642 7.367E-28 1.322E-04.06890.315 1080.38540.61-.011140          0 0 3          0 0 0  8  4  5        9  2  8      364223837360713049    17.0   19.0
 1111008.037478 5.156E-27 7.490E-04.07270.300 1080.38540.66-.007994          2 2 0          0 0 0 10  5  5        9  2  8      3343238372947031 8    21.0   19.0
 1111008.073260 1.108E-28 5.413E-07.09480.412  382.51690.73-.011704          0 8 0          0 0 0  3  0  3        4  3  2      4342638372947131 9    21.0   27.0
 1111008.090692 7.773E-30 1.365E-06.06240.352 1050.15770.650.000000          0 7 0          0 0 0  7  4  4        8  3  5      2333308287659336 0    15.0   17.0
 1111008.158167 3.438E-26 1.654E-03.06190.300 1079.07960.55-.010660          3 0 0          0 0 0 10  4  7        9  1  8      3643238372607030 8    63.0   57.0
 1111008.179897 5.446E-29 7.618E-06.06650.333 1255.16680.69-.017200          1 4 0          0 0 0  8  8  1        8  5  4      444223838494713152    51.0   51.0
 1111008.529130 3.976E-29 5.429E-06.04170.298 1293.63410.41-.040000          0 7 0          0 0 0 10  3  8       10  2  9      3322338372947131 9    63.0   63.0
 1111008.610951 3.493E-23 2.089E-01.10370.480   23.79440.76-.011060          0 0 3          0 0 0  0  0  0        1  0  1      4652438373677130 7     3.0    9.0
 1111008.877014 2.488E-27 1.762E-05.07050.362  586.24350.610.000000          1 5 0          0 0 0  6  1  6        7  0  7      2333308287659336 0    39.0   45.0
 1111009.116915 2.015E-30 1.363E-04.08030.407 2211.19060.680.000000          0 6 1          0 1 0  5  2  3        6  2  4      3333308387659336 0    11.0   13.0
 1111009.361212 4.531E-31 1.778E-02.02470.208 3758.39680.380.000000          0 2 2          0 0 0 17  6 12       16  5 11      1333308287659336 0    35.0   33.0
 1111009.516166 2.974E-24 2.858E-02.08660.429  648.97870.72-.012680          0 0 3          0 0 0  6  3  3        6  3  4      4644438373256630 7    39.0   39.0
 1111009.525246 3.645E-29 1.649E-03.04150.221 2327.88380.460.000000          3 0 0          0 0 0 14  4 10       14  1 13      1333308287659336 0    29.0   29.0
 1111009.546849 3.419E-29 2.107E-04.08640.428 1677.06140.740.000000          0 6 1          0 1 0  1  1  1        2  1  2      2333308287659336 0     9.0   15.0
 1111009.596661 2.544E-29 6.792E-04.08300.352 2309.73020.70-.002130          1 1 2          0 1 0  7  4  3        7  1  6      334223837294713152    45.0   45.0
 1111009.608353 7.390E-30 3.627E-04.02850.204 2358.30170.400.000000          2 2 0          0 0 0 15  4 12       15  1 15      1333308287659336 0    31.0   31.0
 1111009.642026 1.491E-26 5.620E-03.05870.333 1255.91160.58-.021316          2 0 1          0 0 0  9  7  2        8  5  3      434223838794713159    19.0   17.0
 1111009.842648 5.128E-30 1.693E-05.03390.259 1774.61630.510.000000          0 7 0          0 0 0 13  2 12       12  1 11      1333308287659336 0    27.0   25.0
 1111009.926621 6.509E-31 4.689E-03.05700.299 3323.26980.560.000000          0 1 3          0 1 0 11  3  8       11  3  9      3333308387659336 0    23.0   23.0
 1111009.945230 8.613E-26 5.297E-03.06040.313  882.89030.47-.015920          1 0 2          0 0 0  9  2  8        8  1  7      4644238372287031 8    19.0   17.0
 1111009.974383 2.070E-29 1.679E-04.08840.391 2000.86300.71-.000490          1 1 2          0 1 0  5  4  1        5  1  4      534223837294713152    33.0   33.0
 1111010.146602 1.485E-29 5.474E-06.06190.319 1477.29740.620.000000          1 5 0          0 0 0  9  2  7        9  5  4      2333308287659336 0    57.0   57.0
 1111010.154206 4.852E-30 1.097E-03.07140.315 2818.39810.63-.004200          3 1 0          0 1 0 10  5  6        9  2  7      332230837294713152    63.0   57.0
 1111010.198208 1.154E-26 2.621E-05.09170.452  224.83840.690.000000          1 5 0          0 0 0  3  0  3        4  1  4      2333308287659336 0    21.0   27.0
 1111010.271402 3.440E-29 7.146E-07.06920.333  885.60020.64-.013478          0 4 1          0 0 0  9  6  4        8  2  7      4442238384947131 9    57.0   51.0
 1111010.288213 4.003E-31 4.892E-07.06820.332 1474.98080.630.000000          0 5 1          0 0 0  8  3  6        9  5  5      3333308387659336 0    17.0   19.0
 1111010.349027 1.059E-28 1.285E-03.06670.250 2042.37410.64-.024750          2 0 1          0 0 0 13  4  9       13  2 12      232230838794713152    27.0   27.0
 1111010.369722 4.110E-26 5.146E-03.05680.333 1255.16680.56-.030140          2 0 1          0 0 0  9  7  3        8  5  4      434223838794713159    57.0   51.0
 1111010.382326 2.935E-23 6.267E-02.09530.434  212.15640.74-.014930          0 0 3          0 0 0  3  2  2        3  2  1      4652438373677130 7    21.0   21.0
 1111010.390626 4.500E-28 3.617E-04.04530.333 1411.64190.49-.039590          1 2 1          0 0 0  9  8  1        8  6  2      334223837294713152    19.0   17.0
 1111010.408571 1.816E-30 5.019E-02.08080.391 3482.48020.65-.015640          0 2 3          0 2 0  6  1  6        5  1  5      332230837294713152    13.0   11.0
 1111010.421207 1.349E-27 3.613E-04.06780.333 1411.61150.49-.039510          1 2 1          0 0 0  9  8  2        8  6  3      434223837265713152    57.0   51.0
 1111010.426491 4.783E-30 2.383E-03.04540.265 3032.68980.490.000000          2 2 0          0 0 0 13 10  3       12  9  4      1333308287659336 0    81.0   75.0
 1111010.426800 1.595E-30 2.384E-03.04540.263 3032.69040.430.000000          2 2 0          0 0 0 13 10  4       12  9  3      1333308287659336 0    27.0   25.0
 1111010.496913 1.586E-27 8.572E-03.07360.281 1843.02960.65-.013040          0 0 3          0 0 0 11  4  7       11  4  8      364223837360713049    23.0   23.0
 1111010.679409 2.715E-26 7.637E-03.05980.300 1216.23130.54-.019260          2 0 1          0 0 0 10  5  6        9  3  7      3343238387947031 8    21.0   19.0
 1111010.766545 1.234E-30 6.341E-03.07950.298 3253.73800.72-.023640          2 1 1          0 1 0 11  6  5       10  4  6      332230837294713152    23.0   21.0
 1111010.930312 7.481E-24 1.243E-02.09320.456  212.15640.72-.014450          1 0 2          0 0 0  4  3  2        3  2  1      465540831567663136    27.0   21.0
 1111011.022663 6.069E-28 3.024E-05.07160.352  816.69420.65-.010770          2 2 0          0 0 0  8  6  2        7  3  5      434223837294713152    17.0   15.0
 1111011.046417 6.850E-26 2.461E-04.09440.440  446.51070.74-.012990          0 0 3          0 0 0  6  0  6        5  2  3      4644438373607030 7    39.0   33.0
 1111011.062511 1.180E-28 7.873E-06.08150.315  920.21000.70-.017410          2 2 0          0 0 0 10  4  6        9  1  9      3342238372947131 8    21.0   19.0
 1111011.076188 1.007E-29 1.206E-05.02850.232 1806.67000.400.000000          2 2 0          0 0 0 14  3 12       13  0 13      1333308287659336 0    87.0   81.0
 1111011.110842 3.399E-29 3.983E-03.02820.298 2701.88850.38-.030350          0 0 3          0 0 0 11 10  2       10 10  1      262230837360713049    69.0   63.0
 1111011.110853 1.090E-29 3.831E-03.02820.298 2701.88850.38-.030350          0 0 3          0 0 0 11 10  1       10 10  0      232230837260713049    23.0   21.0
 1111011.153517 4.144E-26 2.164E-03.02960.300 1114.54990.27-.028690          1 0 2          0 0 0 11  0 11       10  1 10      3643238372287031 7    69.0   63.0
 1111011.160305 1.378E-26 2.159E-03.03060.300 1114.53230.27-.036140          1 0 2          0 0 0 11  1 11       10  0 10      264323807255703152    23.0   21.0
 1111011.203997 1.505E-30 3.071E-02.03700.207 3623.76500.380.000000          1 2 1          0 0 0 17 14  3       16  4 12      1333308287659336 0    35.0   33.0
 1111011.228376 3.890E-28 7.175E-06.08130.352  586.47920.69-.004910          2 0 1          0 0 0  7  5  2        7  1  7      434223838794713152    15.0   15.0
 1111011.288236 3.417E-28 1.645E-05.06640.328 1079.07960.600.000000          1 4 0          0 0 0 10  6  5        9  1  8      1433308284659336 0    63.0   57.0
 1111011.326778 1.360E-25 3.226E-04.09710.440  285.41860.74-.021780          0 0 3          0 0 0  4  1  3        3  3  0      4644438373607030 8    27.0   21.0
 1111011.406902 6.982E-24 3.547E-02.10010.472   95.17590.76-.015250          0 0 3          0 0 0  2  1  2        2  1  1      465440837367663036     5.0    5.0
 1111011.577851 3.373E-29 9.050E-05.09670.460 1731.89670.770.000000          1 6 0          0 1 0  4  1  4        3  0  3      2333308287659336 0    27.0   21.0
 1111011.624928 1.262E-30 1.255E-05.08660.371 2042.75330.70-.008080          0 1 3          0 1 0  5  3  3        6  1  6      532230837294713152    33.0   39.0
 1111011.702740 7.454E-26 2.335E-03.07540.405  744.06370.62-.026860          2 0 1          0 0 0  9  2  7        8  0  8      4343438387556631 8    19.0   17.0
 1111011.767786 7.629E-29 3.990E-07.08780.452  222.05280.690.000000          0 7 0          0 0 0  4  3  1        4  0  4      2333308287659336 0     9.0    9.0
 1111011.832209 4.812E-28 1.134E-06.09010.391  325.34790.72-.011100          0 2 2          0 0 0  5  5  0        5  0  5      4342238372947131 9    33.0   33.0
 1111011.920096 2.787E-30 8.962E-03.05440.298 3383.26540.53-.035800          2 1 1          0 1 0 11  7  5       10  5  6      332230837294713152    69.0   63.0
 1111011.940826 1.447E-27 1.262E-05.09570.412  275.49700.73-.005070          0 0 3          0 0 0  3  3  0        4  1  3      464223837360713049     7.0    9.0
 1111011.942465 8.331E-29 6.967E-03.08500.352 2318.53990.70-.014630          0 1 3          0 1 0  7  2  5        7  2  6      534223837294713152    15.0   15.0
 1111012.103653 1.331E-29 4.626E-06.05810.339 1216.23130.630.000000         -2 6-2          0 0 0  8  2  6        9  3  7      1333308287659336 0    17.0   19.0
 1111012.164901 4.952E-26 9.352E-03.07590.368 1360.23530.73-.021000          2 0 1          0 0 0 10  6  4        9  4  5      334343838728663159    63.0   57.0
 1111012.253954 1.272E-28 1.645E-04.05240.265 1774.75110.50-.018550          0 0 3          0 0 0 11  4  8       12  2 11      364223837360713049    69.0   75.0
 1111012.309972 6.896E-30 9.066E-05.04090.235 2073.51500.44-.013660          1 2 1          0 0 0 14  4 11       14  0 14      232230837294713152    29.0   29.0
 1111012.453001 5.912E-26 6.848E-03.03660.255 1216.19450.42-.019434          0 2 2          0 0 0  8  7  2        7  6  1      424343831562663159    51.0   45.0
 1111012.458269 1.374E-26 4.775E-03.04180.218 1216.18980.42-.015426          0 2 2          0 0 0  8  7  1        7  6  2      3644238372947031 8    17.0   15.0
 1111012.514913 8.940E-28 1.140E-05.09300.371  446.69660.73-.008540          0 0 3          0 0 0  5  2  3        6  0  6      464223837360713049    11.0   13.0
 1111012.580709 1.407E-27 5.401E-04.03600.300 1557.84770.34-.015810          1 2 1          0 0 0 13  3 11       12  1 12      334323837294703152    81.0   75.0
 1111012.614721 3.470E-31 3.453E-04.03730.259 2915.89430.490.000000          3 1 0          0 1 0 11  4  8       11  1 11      1333308387659336 0    23.0   23.0
 1111012.750601 3.277E-27 8.626E-05.07410.333  885.60020.64-.010060          0 0 3          0 0 0  7  4  4        8  2  7      464223837360713049    45.0   51.0
 1111012.761597 9.984E-30 2.510E-04.08970.371 2041.78050.72-.003160          1 1 2          0 1 0  6  3  3        6  0  6      434223837294713152    13.0   13.0
 1111012.877810 1.889E-27 7.840E-03.09720.412 1821.59680.74-.010140          0 1 3          0 1 0  4  1  3        4  1  4      634223837294713152    27.0   27.0
 1111013.461249 6.904E-29 1.020E-02.06070.391 2406.14090.58-.017320          0 1 3          0 1 0  6  5  2        5  5  1      434223837294713152    13.0   11.0
 1111013.517959 2.067E-28 1.018E-02.06110.391 2406.14310.58-.017160          0 1 3          0 1 0  6  5  1        5  5  0      334223837294713152    39.0   33.0
 1111013.559010 5.819E-30 5.274E-02.08050.391 3478.98650.64-.014470          0 2 3          0 2 0  6  0  6        5  0  5      532230837294713152    39.0   33.0
 1111013.711851 1.732E-30 5.772E-06.06010.305 1724.70540.620.000000          1 5 0          0 0 0 10  2  8       10  5  5      1333308287659336 0    21.0   21.0
 1111013.740838 5.013E-29 1.525E-04.06570.305 1724.70540.620.000000          0 2 2          0 0 0 11  6  6       10  5  5      1333308287659336 0    23.0   21.0
 1111013.908683 2.476E-29 3.101E-03.03980.227 2550.88250.480.000000         -2 2-2          0 0 0 15  6  9       14  2 12      1333308287659336 0    31.0   29.0
 1111013.911250 8.599E-28 1.250E-04.04630.315 1080.38540.40-.034370          1 0 2          0 0 0 10  1  9        9  2  8      334223837294713152    21.0   19.0
 1111013.966507 2.119E-28 3.216E-03.05750.412 2129.59920.54-.028240          1 1 2          0 1 0  5  5  0        4  4  1      434223837294713152    33.0   27.0
 1111014.030199 7.674E-29 3.495E-03.05790.412 2129.61860.55-.028630          1 1 2          0 1 0  5  5  1        4  4  0      334223837294713152    11.0    9.0
 1111014.047723 2.280E-30 2.630E-06.03390.285 1525.13600.530.000000          0 7 0          0 0 0 11  3  9       11  2 10      1333308287659336 0    23.0   23.0
 1111014.260104 1.252E-28 1.204E-06.07930.371  648.97870.71-.009330          0 2 2          0 0 0  6  6  1        6  3  4      434223837294713152    39.0   39.0
 1111014.308871 2.255E-26 6.281E-02.10210.300 1618.55710.76-.008320          0 1 3          0 1 0  2  0  2        1  0  1      5643238372257031 7    15.0    9.0
 1111014.345020 2.469E-28 6.501E-06.07000.355  885.60020.630.000000          1 5 0          0 0 0  7  1  6        8  2  7      2333308287659336 0    45.0   51.0
 1111014.363324 4.037E-30 1.550E-06.06120.281 1524.84790.60-.001660          2 2 0          0 0 0 11  6  5       11  1 10      332233807294713155    69.0   69.0
 1111014.460212 3.825E-27 3.348E-04.06990.400 1201.92150.62-.004490          3 0 0          0 0 0 10  5  6        9  2  7      334323837260703049    63.0   57.0
 1111014.507168 2.199E-26 2.744E-03.03650.300 1293.63410.32-.023230          1 0 2          0 0 0 11  1 10       10  2  9      4643238372287031 7    69.0   63.0
 1111014.509077 7.220E-27 1.298E-02.07950.300 1616.45310.72-.023640          2 0 1          0 0 0 11  6  5       10  4  6      334323838794703152    23.0   21.0
 1111014.687241 2.613E-29 4.694E-06.06650.328 1080.38540.600.000000          1 5 0          0 0 0  8  1  7        9  2  8      1333308287659336 0    17.0   19.0
 1111014.747106 3.068E-29 1.734E-06.07510.352  816.69420.68-.009090          0 2 2          0 0 0  7  6  2        7  3  5      334223837294713152    15.0   15.0
 1111014.774954 8.436E-26 5.553E-03.07530.345 1122.70850.59-.022000          2 0 1          0 0 0  9  6  4        8  4  5      434443838765663120    57.0   51.0
 1111014.931608 4.868E-30 6.039E-05.08640.428 1594.74630.740.000000          0 6 1          0 1 0  1  0  1        0  0  0      2333308287659336 0     3.0    1.0
 1111015.067945 5.046E-31 2.498E-05.07250.362 2181.08990.610.000000          0 1 3          0 1 0  6  3  4        7  1  7      5333308387659336 0    13.0   15.0
 1111015.232320 7.755E-30 3.260E-05.09950.434 1772.41340.74-.005960          0 6 1          0 1 0  3  1  3        3  1  2      3322338372947131 9    21.0   21.0
 1111015.258231 1.483E-30 4.396E-02.09080.391 3722.73100.74-.010750          0 2 3          0 2 0  6  3  3        5  3  2      332230837294713152    39.0   33.0
 1111015.333641 3.023E-29 1.223E-04.04820.250 2042.31060.49-.008210          2 0 1          0 0 0 13  5  9       13  1 12      334223838794713152    81.0   81.0
 1111015.419465 1.035E-26 2.254E-02.07510.300 1899.00820.67-.022750          2 0 1          0 0 0 12  6  6       11  4  7      334323838794703152    75.0   69.0
 1111015.447025 7.142E-26 2.239E-03.06320.495  744.06370.57-.014896          0 2 2          0 0 0  9  3  7        8  0  8      4243438315286631 8    19.0   17.0
 1111015.477054 1.108E-29 2.226E-02.03680.220 3360.60020.430.000000         -2 2-2          0 0 0 16  7  9       15  5 10      1333308287659336 0    99.0   93.0
 1111015.492356 8.369E-31 4.395E-05.02680.204 2358.30170.400.000000          2 0 1          0 0 0 14  5 10       15  1 15      2333308387659336 0    29.0   31.0
 1111015.578707 8.831E-31 1.874E-02.06030.303 3526.62490.600.000000          0 1 3          0 1 0 10  7  4        9  7  3      3333308387659336 0    21.0   19.0
 1111015.610679 1.709E-29 2.582E-06.05410.308 1293.63410.550.000000          1 5 0          0 0 0  9  3  6       10  2  9      2333308287659336 0    57.0   63.0
 1111015.621829 2.689E-30 1.902E-02.04720.315 3526.62750.48-.023700          0 1 3          0 1 0 10  7  3        9  7  2      332230837294713152    63.0   57.0
 1111015.684139 1.921E-28 9.709E-05.07500.298 1581.33600.68-.040000          1 0 2          0 0 0 11  3  8       10  4  7      334223837294713152    69.0   63.0
 1111015.733764 2.464E-28 9.549E-06.07970.379  709.60820.660.000000          1 5 0          0 0 0  6  1  5        7  2  6      2333308287659336 0    13.0   15.0
 1111015.747512 3.390E-30 8.526E-05.08530.371 2041.78050.71-.000070          0 3 2          0 1 0  6  5  1        6  0  6      332233837294713155    13.0   13.0
 1111015.853255 8.475E-30 6.187E-05.08620.371 2042.75330.71-.007740          3 1 0          0 1 0  7  4  3        6  1  6      332230837294713152    45.0   39.0
 1111016.327563 5.765E-31 1.903E-05.04310.248 2248.06450.480.000000          0 4 1          0 0 0 13  5  8       13  3 11      1433308284659336 0    27.0   27.0
 1111016.437778 1.904E-28 6.904E-06.07400.383  661.54890.660.000000          1 5 0          0 0 0  5  2  4        6  3  3      2333308287659336 0    11.0   13.0
 1111016.594112 1.161E-27 3.119E-02.06000.275 2205.65270.560.000000          2 0 1          0 0 0 13  6  7       12  4  8      1333308287659336 0    27.0   25.0
 1111016.712667 2.044E-28 1.686E-05.08130.315  920.21000.70-.005730          1 0 2          0 0 0  8  4  4        9  1  9      334223837294713152    17.0   19.0
 1111016.717456 1.424E-30 3.412E-02.02960.333 3530.95750.40-.039730          3 1 0          0 1 0  9  9  1        8  8  0      332230837294713152    19.0   17.0
 1111016.717468 4.271E-30 3.411E-02.02960.333 3530.95750.40-.039730          3 1 0          0 1 0  9  9  0        8  8  1      332230837294713152    57.0   51.0
 1111016.718099 2.163E-30 3.887E-07.07500.315 1080.38540.69-.004890          2 2 0          0 0 0  8  7  1        9  2  8      332230837294713152    17.0   19.0
 1111016.726412 1.850E-27 3.189E-05.08270.413  542.90580.680.000000          1 5 0          0 0 0  6  0  6        6  1  5      2333308287659336 0    13.0   13.0
 1111016.784329 4.005E-29 6.049E-04.06070.235 2327.91400.61-.031800          2 0 1          0 0 0 14  4 10       14  2 13      334223838794713152    87.0   87.0
 1111016.876187 2.431E-28 5.019E-05.07500.333 1131.77560.72-.015960          1 4 0          0 0 0  9  7  3        8  4  4      344223838494713152    19.0   17.0
 1111017.106724 2.166E-23 1.344E-01.09520.456  136.16390.74-.015000          0 0 3          0 0 0  2  2  1        2  2  0      465243837367713059     5.0    5.0
 1111017.112275 1.514E-29 1.077E-02.05480.298 3072.72640.50-.005900          2 1 1          0 1 0 11  5  7       10  3  8      334223837294713152    69.0   63.0
 1111017.152989 4.123E-29 9.763E-05.07630.281 1899.00820.71-.023190          2 0 1          0 0 0 11  8  4       11  4  7      334223838794713152    69.0   69.0
 1111017.203644 4.440E-25 4.643E-03.05950.480  744.16270.57-.015630          2 0 1          0 0 0  9  3  7        8  1  8      4353438387586631 7    57.0   51.0
 1111017.217081 3.287E-26 2.601E-02.06960.300 1690.66440.62-.022010          2 0 1          0 0 0 12  4  8       11  2  9      3343238387947031 8    75.0   69.0
 1111017.257057 3.240E-27 1.314E-03.02910.281 1327.11760.20-.039180          1 0 2          0 0 0 12  0 12       11  1 11      334223837294713152    25.0   23.0
 1111017.266102 9.725E-27 1.315E-03.02910.300 1327.11000.20-.039140          1 0 2          0 0 0 12  1 12       11  0 11      334323837294703152    75.0   69.0
 1111017.730229 1.538E-26 4.769E-02.10350.300 1640.50580.76-.016060          0 1 3          0 1 0  2  1  1        1  1  0      5643238372257031 7    15.0    9.0
 1111017.771276 5.142E-28 7.556E-05.07550.281 1327.11000.69-.002290          2 2 0          0 0 0 11  5  6       11  0 11      334223837294713155    69.0   69.0
 1111017.822992 5.087E-27 1.900E-03.03740.300 1293.01810.31-.032530          1 0 2          0 0 0 11  2 10       10  1  9      434323837294703152    23.0   21.0
 1111017.848719 2.347E-30 3.801E-05.09260.412 1875.46970.73-.000340          1 1 2          0 1 0  4  4  0        4  1  3      532233837294713155     9.0    9.0
 1111017.863886 1.429E-28 1.954E-05.06180.298 1293.63410.58-.009606          0 2 2          0 0 0 10  5  6       10  2  9      4342238372947131 8    63.0   63.0
 1111017.930709 1.162E-30 1.320E-02.06990.281 3659.90400.68-.040000          2 1 1          0 1 0 12  7  5       11  5  6      232230837294713152    75.0   69.0
 1111018.106258 7.098E-26 1.473E-04.10180.550  136.76170.75-.008330          0 0 3          0 0 0  2  2  0        3  0  3      464443837360663059    15.0   21.0
 1111018.258416 1.923E-28 1.068E-06.09130.412  275.49700.73-.011210          2 0 1          0 0 0  5  5  0        4  1  3      434223838794713110    11.0    9.0
 1111018.528175 2.390E-24 1.159E-02.09090.401  206.30140.71-.012120          1 0 2          0 0 0  4  3  1        3  2  2      4644438315256631 7     9.0    7.0
 1111018.570766 1.494E-29 1.913E-02.05330.352 2905.43060.52-.023120          0 1 3          0 1 0  8  6  3        7  6  2      334223837294713152    17.0   15.0
 1111018.629442 4.472E-29 1.909E-02.05360.352 2905.43350.52-.022950          0 1 3          0 1 0  8  6  2        7  6  1      334223837294713152    51.0   45.0
 1111018.818819 1.014E-29 1.678E-04.05520.273 2105.86790.550.000000          2 2 0          0 0 0 13  6  8       12  3  9      1333308287659336 0    27.0   25.0
 1111018.863409 1.739E-27 1.052E-02.04570.265 2124.95140.42-.002090          1 2 1          0 0 0 13  6  8       12  4  9      332233837294713155    81.0   75.0
 1111018.976491 4.381E-30 3.823E-06.05410.303 1631.38300.600.000000          0 7 0          0 0 0  8  5  4        9  6  3      1333308287659336 0    51.0   57.0
 1111019.248627 2.528E-26 7.122E-03.06410.335 1216.23130.58-.038160          1 0 2          0 0 0 10  2  8        9  3  7      3644238372947031 8    21.0   19.0
 1111019.272707 1.448E-30 3.788E-06.06000.319 1631.24550.620.000000          0 7 0          0 0 0  8  5  3        9  6  4      1333308287659336 0    17.0   19.0
 1111019.277602 1.478E-30 2.268E-04.06620.315 2512.37570.60-.023390          3 1 0          0 1 0 10  2  8        9  1  9      332230837294713152    21.0   19.0
 1111019.335442 1.074E-30 1.282E-06.06590.298 1718.71880.67-.027410          1 0 2          0 0 0  9  8  1       10  5  6      332230837294713152    57.0   63.0
 1111019.535147 3.173E-25 1.795E-02.08720.438  816.69420.72-.011000          0 0 3          0 0 0  7  3  4        7  3  5      464443837325663020    15.0   15.0
 1111019.747954 1.251E-28 2.672E-06.08470.352  842.35660.75-.014650          2 0 1          0 0 0  7  7  1        7  3  4      434223838794713152    45.0   45.0
 1111019.877151 1.670E-27 1.191E-05.08270.413  552.91140.680.000000          1 5 0          0 0 0  5  1  4        6  2  5      2333308287659336 0    33.0   39.0
 1111019.966277 6.429E-23 1.323E-01.09350.456  134.90160.74-.011000          0 0 3          0 0 0  2  2  0        2  2  1      465243837367713059    15.0   15.0
 1111020.374879 1.910E-25 4.508E-04.09140.453  325.34790.72-.012700          1 0 2          0 0 0  5  3  2        5  0  5      4344438315946631 8    33.0   33.0
 1111020.410287 4.212E-30 1.110E-07.08060.333  885.60020.72-.005680          2 2 0          0 0 0  7  7  0        8  2  7      432230837294713152    45.0   51.0
 1111020.471341 1.430E-27 6.307E-04.07080.281 1327.11760.65-.023730          2 0 1          0 0 0 11  3  8       11  1 11      334223838794713152    23.0   23.0
 1111020.581854 2.859E-29 1.368E-05.07190.333 1255.91160.72-.020130          0 0 3          0 0 0  7  7  0        8  5  3      464223837360713049    15.0   17.0
 1111020.620473 1.296E-30 4.528E-02.09810.412 3495.93920.75-.009740          0 2 3          0 2 0  5  2  3        4  2  2      332230837294713152    11.0    9.0
 1111020.627887 5.930E-29 7.990E-05.07270.298 1538.14950.66-.012292          1 2 1          0 0 0 10  7  4       10  3  7      334223837294713110    21.0   21.0
 1111020.657820 5.856E-27 1.650E-03.06110.300 1216.23130.56-.018750          1 5 0          0 0 0 10  0 10        9  3  7      334323837294703152    21.0   19.0
 1111020.689136 4.907E-28 5.659E-04.03610.265 1557.84440.34-.020810          1 2 1          0 0 0 13  2 11       12  0 12      232230837294713152    27.0   25.0
 1111020.718004 3.480E-29 1.089E-07.08280.371  447.25240.69-.014628          1 2 1          0 0 0  7  5  3        6  1  6      534223837294713110    45.0   39.0
 1111020.727619 2.208E-28 2.178E-04.05580.298 1718.71880.52-.023460          0 2 2          0 0 0 11  6  5       10  5  6      334223837294713152    69.0   63.0
 1111021.081171 2.879E-28 1.086E-03.03750.250 2042.31060.37-.035600          1 2 1          0 0 0 14  3 11       13  1 12      332230837294713152    87.0   81.0
 1111021.104798 1.276E-28 6.634E-07.09160.391  446.51070.74-.009070          0 0 3          0 0 0  4  4  0        5  2  3      464223837360713049    27.0   33.0
 1111021.166149 2.092E-30 3.169E-03.06030.315 2983.32310.56-.026240          2 1 1          0 1 0 10  6  5        9  4  6      332230837294713152    21.0   19.0
 1111021.291334 5.544E-30 9.447E-04.08150.333 2490.35410.70-.003230          1 1 2          0 1 0  8  4  4        8  1  7      332230837294713152    17.0   17.0
 1111021.326464 8.614E-29 1.369E-05.07090.333 1255.16680.71-.020270          0 0 3          0 0 0  7  7  1        8  5  4      464223837360713049    45.0   51.0
 1111021.327557 7.251E-26 4.901E-04.08610.364  315.77950.74-.016000          0 2 2          0 0 0  5  5  1        4  2  2      424343831528663159    11.0    9.0
 1111021.361168 1.026E-29 2.685E-06.07950.333 1131.77560.74-.018150          1 0 2          0 0 0  7  7  1        8  4  4      432230837294713152    15.0   17.0
 1111021.450659 1.847E-29 1.896E-02.03980.236 2983.39640.480.000000         -2 0-2          0 0 0 15 15  0       14  5  9      1333308287659336 0    31.0   29.0
 1111021.480486 4.395E-29 8.445E-07.08090.371  756.72480.69-.014580          0 5 1          0 0 0  5  2  4        6  4  3      3342238372947131 9    33.0   39.0
 1111021.490984 9.689E-28 3.985E-02.07450.250 2533.79320.67-.008760          2 0 1          0 0 0 14  6  8       13  4  9      334220838794713155    87.0   81.0
 1111021.543665 1.097E-27 4.256E-05.07860.352  709.60820.67-.009680          0 0 3          0 0 0  6  4  3        7  2  6      464223837360713049    13.0   15.0
 1111021.550213 7.480E-28 3.889E-06.09650.391  446.51070.74-.015035          0 5 1          0 0 0  4  0  4        5  2  3      4342238372947131 9    27.0   33.0
 1111021.560042 6.211E-28 8.023E-03.08370.391 2130.49430.71-.015770          1 1 2          0 1 0  6  4  3        5  3  2      534223837294713152    39.0   33.0
 1111021.668709 1.322E-27 2.200E-06.08880.434  212.15640.72-.007065          0 7 0          0 0 0  4  3  2        3  2  1      3342238072947131 7    27.0   21.0
 1111022.045845 1.135E-28 6.995E-06.06790.333  882.89030.59-.007040          0 2 2          0 0 0  9  4  6        8  1  7      434223837294713155    19.0   17.0
 1111022.050241 2.863E-29 2.376E-03.06420.271 2437.50190.550.000000          0 0 3          0 0 0 13  4  9       12  6  6      1333308287659336 0    27.0   25.0
 1111022.128756 2.541E-29 2.227E-06.07110.339 1201.92150.630.000000          1 5 0          0 0 0 10  1 10        9  2  7      1333308287659336 0    63.0   57.0
 1111022.172376 1.616E-28 5.497E-04.09570.412 1821.59680.74-.003610          1 1 2          0 1 0  5  2  3        4  1  4      434223837294713152    33.0   27.0
 1111022.242199 4.026E-28 2.431E-06.08310.371  552.91140.71-.007540          2 0 1          0 0 0  6  6  0        6  2  5      434223838794713152    39.0   39.0
 1111022.344555 6.746E-29 2.562E-06.08480.352  931.23710.70-.012520          0 5 1          0 0 0  6  2  4        7  4  3      3342238372947131 7    39.0   45.0
 1111022.353529 1.066E-26 3.876E-02.09490.300 1742.30560.73-.014570          0 1 3          0 1 0  3  2  2        2  2  1      6643238372947031 7    21.0   15.0
 1111022.357548 1.539E-27 5.918E-04.02450.265 1557.84770.14-.040000          1 0 2          0 0 0 13  0 13       12  1 12      334223837294713152    81.0   75.0
 1111022.361696 3.497E-30 1.089E-06.06440.315 1216.23130.60-.005980          0 2 2          0 0 0  9  6  4        9  3  7      332230837294713152    19.0   19.0
 1111022.447659 3.761E-30 5.377E-02.07270.371 3601.85890.60-.019680          0 2 3          0 2 0  7  1  7        6  1  6      432230837294713152    45.0   39.0
 1111022.449553 3.449E-28 3.979E-04.02420.265 1557.84440.13-.040000          1 0 2          0 0 0 13  1 13       12  0 12      334223837294713152    27.0   25.0
 1111022.452823 1.920E-30 4.190E-05.08570.371 2041.78050.71-.002140          2 1 1          0 1 0  7  4  3        6  0  6      432230837294713152    15.0   13.0
 1111022.464498 6.816E-28 2.292E-05.07970.379  709.60820.660.000000          1 5 0          0 0 0  7  1  7        7  2  6      2333308287659336 0    15.0   15.0
 1111022.504297 1.618E-27 1.720E-03.03050.281 1525.13600.23-.037620          1 0 2          0 0 0 12  1 11       11  2 10      334223837294713152    25.0   23.0
 1111022.508294 4.873E-30 2.153E-04.04300.255 2533.79320.520.000000         -2 0-2          0 0 0 13  8  6       13  4  9      1333308287659336 0    81.0   81.0
 1111022.581629 6.237E-26 3.009E-03.04200.294 1079.07960.38-.025820          1 0 2          0 0 0 10  2  9        9  1  8      364343837225663152    63.0   57.0
 1111022.715647 8.742E-30 2.345E-02.03470.333 3306.29520.37-.030480          0 3 2          0 1 0  9  8  1        8  7  2      334223837294713152    57.0   51.0
 1111022.716029 2.914E-30 2.345E-02.03470.333 3306.29550.37-.030510          0 3 2          0 1 0  9  8  2        8  7  1      332230837294713152    19.0   17.0
 1111022.804307 7.820E-28 1.349E-05.08580.371  542.90580.72-.007630          3 0 0          0 0 0  6  6  0        6  1  5      434223837260713049    13.0   13.0
 1111022.869970 1.219E-30 2.540E-05.09040.443 1875.46970.720.000000          1 6 0          0 1 0  3  2  2        4  1  3      2333308287659336 0     7.0    9.0
 1111022.916723 1.030E-27 6.736E-03.07040.265 2124.95140.64-.025860          0 0 3          0 0 0 12  4  8       12  4  9      364223837360713049    75.0   75.0
 1111022.935860 6.404E-25 4.330E-03.09160.465  315.77950.73-.016000          1 0 2          0 0 0  5  3  3        4  2  2      454441831525663120    11.0    9.0
 1111023.059049 4.480E-27 1.585E-03.03050.300 1524.84790.23-.037550          1 0 2          0 0 0 12  2 11       11  1 10      334323837294703152    75.0   69.0
 1111023.077907 1.471E-29 2.796E-06.07300.298 1114.53220.67-.007500          2 0 1          0 0 0  9  6  3       10  0 10      334223838794713152    19.0   21.0
 1111023.188502 4.418E-28 1.567E-03.07100.281 1998.99530.68-.034620          0 2 2          0 0 0 12  6  7       11  5  6      334223837294713152    75.0   69.0
 1111023.265203 1.965E-27 3.539E-03.08380.298 1616.45310.75-.018470          0 0 3          0 0 0 11  2  9       10  4  6      364223837360713049    23.0   21.0
 1111023.402213 9.454E-24 5.900E-02.09630.434  206.30140.73-.008490          0 0 3          0 0 0  3  2  1        3  2  2      4642438373607130 7     7.0    7.0
 1111023.402628 4.797E-23 1.050E-01.10290.480   42.37170.76-.022000          0 0 3          0 0 0  1  1  1        1  1  0      465243837358713059     9.0    9.0
 1111023.409446 4.242E-31 2.737E-03.06100.253 3347.78050.460.000000          2 2 0          0 0 0 14 10  4       13  9  5      1333308287659336 0    29.0   27.0
 1111023.645315 4.408E-30 5.790E-05.03900.250 2042.37410.71-.003980          1 0 2          0 0 0 12  5  7       13  2 12      332230837265713152    25.0   27.0
 1111023.687303 3.646E-31 9.546E-05.06570.333 2552.87970.610.000000          2 1 1          0 1 0  7  7  0        6  5  1      4333308387659336 0    15.0   13.0
 1111023.706113 4.806E-30 1.985E-06.07560.315 1477.29740.67-.014350          0 5 1          0 0 0  8  3  5        9  5  4      3322338372947131 9    51.0   57.0
 1111023.709843 1.138E-30 9.930E-05.05720.371 2552.85720.61-.038090          2 1 1          0 1 0  7  7  1        6  5  2      332230837294713152    45.0   39.0
 1111023.728439 3.273E-28 2.138E-05.07770.352  816.69420.68-.013930          0 0 3          0 0 0  6  5  2        7  3  5      464223837360713049    13.0   15.0
 1111023.743421 1.150E-29 6.337E-05.08610.425 1920.76650.670.000000          1 6 0          0 1 0  5  1  4        5  0  5      2333308287659336 0    33.0   33.0
 1111023.807934 1.316E-30 5.167E-03.06240.281 3441.03950.56-.002300          1 1 2          0 1 0 12  4  9       11  3  8      232230837294713152    75.0   69.0
 1111023.872017 1.245E-28 5.899E-06.07260.360 1006.11590.650.000000          1 5 0          0 0 0  7  2  5        8  3  6      2333308287659336 0    45.0   51.0
 1111023.877451 9.054E-30 9.058E-05.09170.452 1817.45120.690.000000          1 6 0          0 1 0  5  1  5        4  0  4      2333308287659336 0    11.0    9.0
 1111024.002944 3.958E-29 6.150E-06.06790.352 1050.15770.650.000000          0 8 0          0 0 0  8  0  8        8  3  5      2333308287659336 0    17.0   17.0
 1111024.050293 1.276E-30 5.426E-02.07200.371 3600.05240.59-.019170          0 2 3          0 2 0  7  0  7        6  0  6      432230837294713152    15.0   13.0
 1111024.171398 2.331E-26 6.174E-02.09830.300 1677.06140.74-.012400          0 1 3          0 1 0  3  1  3        2  1  2      7643238372947031 7    21.0   15.0
 1111024.207934 4.597E-27 3.265E-05.08940.352  586.24350.72-.010660          0 0 3          0 0 0  6  2  4        7  0  7      464223837360713049    39.0   45.0
 1111024.247659 2.323E-26 7.767E-03.06790.300 1477.29740.59-.032290          2 0 1          0 0 0 10  7  3        9  5  4      4343238387287031 8    63.0   57.0
 1111024.313064 5.126E-30 6.201E-03.04580.267 2972.82740.460.000000          0 0 3          0 0 0 12 10  3       11 10  2      1333308287659336 0    25.0   23.0
 1111024.313151 1.538E-29 6.202E-03.03520.270 2972.82740.410.000000          0 0 3          0 0 0 12 10  2       11 10  1      1333308287659336 0    75.0   69.0
 1111024.319860 1.846E-30 4.883E-02.09670.412 3438.57500.74-.009180          0 2 3          0 2 0  5  1  4        4  1  3      332230837294713152    11.0    9.0
 1111024.441594 1.070E-30 1.041E-03.03400.203 3211.21260.340.000000         -2 0-2          0 0 0 16 15  1       16  3 14      1333308287659336 0    99.0   99.0
 1111024.569084 8.516E-26 1.241E-02.04950.295 1080.38540.53-.014000          2 0 1          0 0 0 10  4  7        9  2  8      334441838762663120    21.0   19.0
 1111024.692480 3.720E-26 1.582E-03.08660.363  757.78020.73-.034000          0 0 3          0 0 0  7  2  5        6  4  2      464343837328663059    15.0   13.0
 1111024.767411 2.469E-30 2.853E-06.06070.281 1525.13600.60-.011290          1 2 1          0 0 0 11  6  5       11  2 10      332230837294713155    23.0   23.0
 1111024.969728 4.768E-27 3.053E-05.09670.460  142.27850.770.000000          1 5 0          0 0 0  2  0  2        3  1  3      2333308287659336 0     5.0    7.0
 1111024.987356 4.554E-29 1.402E-03.04310.248 2248.06450.480.000000          1 4 0          0 0 0 14  6  8       13  3 11      1433308284659336 0    29.0   27.0
 1111025.218934 7.755E-25 2.759E-03.09760.476  142.27850.74-.012140          1 0 2          0 0 0  4  2  2        3  1  3      4654438315676631 7     9.0    7.0
 1111025.294036 1.705E-27 1.863E-05.08080.352  704.21410.70-.008990          3 0 0          0 0 0  7  6  1        7  1  6      434223837260713049    45.0   45.0
 1111025.357686 1.108E-29 4.892E-06.04000.259 1327.11760.490.000000          1 4 0          0 0 0 11  6  6       11  1 11      1433308284659336 0    23.0   23.0
 1111025.363422 2.732E-29 6.816E-03.04000.235 2918.24490.39-.012820          0 4 1          0 0 0 15  7  9       14  5 10      344223838494713152    93.0   87.0
 1111025.420992 8.156E-28 4.067E-03.06400.281 1843.02960.60-.040000          1 0 2          0 0 0 12  3  9       11  4  8      332230837294713152    25.0   23.0
 1111025.849564 7.548E-30 1.981E-06.05220.298 1446.12820.48-.040000          1 0 2          0 0 0 11  2  9       10  3  8      334223837294713152    69.0   63.0
 1111025.944463 7.250E-28 4.782E-05.06410.333 1122.70850.62-.014670          1 4 0          0 0 0  9  7  2        8  4  5      444223838494713152    57.0   51.0
 1111025.961714 2.010E-30 1.683E-05.06230.460 1739.48370.770.000000          0 9 0          0 1 0  4  0  4        3  1  3      2333308287659336 0     9.0    7.0
 1111026.011948 1.871E-28 1.225E-02.04300.256 2629.33450.530.000000         -2 3-2          0 0 0 14  7  7       13  5  8      1333308287659336 0    87.0   81.0
 1111026.013640 2.067E-28 1.661E-05.05500.300  888.63270.59-.040000          1 2 1          0 0 0  7  7  0        6  5  1      434323837294703152    15.0   13.0
 1111026.047527 6.169E-28 1.652E-05.05470.285  888.59870.58-.040000          1 2 1          0 0 0  7  7  1        6  5  2      434423837294703152    45.0   39.0
 1111026.185435 1.176E-30 2.145E-03.05870.236 3101.44100.460.000000          0 0 3          0 0 0 15  4 11       14  6  8      1333308287659336 0    31.0   29.0
 1111026.205520 1.374E-28 5.224E-03.07810.391 2126.40770.66-.012030          1 1 2          0 1 0  6  4  2        5  3  3      434223837294713152    13.0   11.0
 1111026.250379 9.595E-30 6.065E-05.09470.434 1907.61570.73-.014510          0 6 1          0 1 0  4  1  3        3  3  0      3322338372947131 9    27.0   21.0
 1111026.356770 2.189E-28 2.629E-04.01940.250 1806.67000.05-.040000          1 0 2          0 0 0 14  1 14       13  0 13      332230837294713152    87.0   81.0
 1111026.465635 6.263E-29 4.694E-04.10050.456 1664.96460.75-.009840          1 1 2          0 1 0  3  3  1        2  0  2      434223837294713110     7.0    5.0
 1111026.508219 5.393E-30 1.815E-07.08110.352  709.60820.72-.002390          1 4 0          0 0 0  7  7  1        7  2  6      442230838494713152    15.0   15.0
 1111026.514624 7.703E-30 4.594E-07.07480.315 1079.07960.69-.000440          1 2 1          0 0 0  8  7  1        9  1  8      332230837294713152    51.0   57.0
 1111026.617899 8.471E-27 8.405E-03.05620.300 1474.98080.55-.031080          2 0 1          0 0 0 10  7  4        9  5  5      334323838794703152    21.0   19.0
 1111026.744669 1.981E-27 1.401E-03.04880.315 1631.38300.52-.040000          2 0 1          0 0 0 10  8  2        9  6  3      334223838794713152    63.0   57.0
 1111026.752463 8.326E-29 3.000E-04.02010.250 1806.67150.07-.040000          1 0 2          0 0 0 14  0 14       13  1 13      232230837294713152    29.0   27.0
 1111026.762501 9.017E-28 9.960E-04.02500.265 1774.75110.15-.040000          1 0 2          0 0 0 13  1 12       12  2 11      332230837294713152    81.0   75.0
 1111026.803396 2.360E-26 7.396E-05.08650.544  447.25240.71-.019130          3 0 0          0 0 0  7  4  3        6  1  6      4443438327606630 7    45.0   39.0
 1111026.827637 1.103E-28 4.007E-06.09250.371  661.54890.73-.013980          0 5 1          0 0 0  5  1  4        6  3  3      4342238372947131 7    11.0   13.0
 1111026.882697 6.593E-28 1.398E-03.05940.315 1631.24550.51-.040000          2 0 1          0 0 0 10  8  3        9  6  4      334223838778713152    21.0   19.0
 1111026.916223 2.876E-27 2.177E-03.05200.300 1437.96860.46-.010160          1 0 2          0 0 0 11  3  9       10  2  8      334323837294703152    23.0   21.0
 1111026.919781 9.883E-29 4.222E-03.05790.274 2300.68500.560.000000          0 2 2          0 0 0 13  6  8       12  5  7      1333308287659336 0    27.0   25.0
 1111026.973063 2.964E-28 9.816E-04.02500.265 1774.61630.15-.040000          1 0 2          0 0 0 13  2 12       12  1 11      332230837294713152    27.0   25.0
 1111027.035731 3.392E-30 1.737E-04.06120.315 2512.28290.55-.019860          3 1 0          0 1 0 10  3  8        9  0  9      332230837294713152    63.0   57.0
 1111027.200470 3.748E-31 1.223E-02.06990.303 3650.50900.590.000000          2 1 1          0 1 0 12  7  6       11  5  7      1333308287659336 0    25.0   23.0
 1111027.312040 3.103E-25 1.378E-03.10430.512  136.16390.76-.018000          0 0 3          0 0 0  3  0  3        2  2  0      464541837328663020     7.0    5.0
 1111027.372614 2.149E-30 9.733E-07.06950.298 1293.01810.67-.000430          1 2 1          0 0 0  9  7  2       10  1  9      432233837294713155    19.0   21.0
 1111027.449512 1.098E-27 1.480E-05.09040.424  416.20870.700.000000          1 5 0          0 0 0  4  1  3        5  2  4      2333308287659336 0     9.0   11.0
 1111027.468409 2.756E-27 4.194E-02.07280.300 2129.59920.64-.013640          0 1 3          0 1 0  5  4  2        4  4  1      534323837294703152    33.0   27.0
 1111027.519121 5.070E-28 2.463E-06.09480.451  206.30140.710.000000          0 7 0          0 0 0  4  3  1        3  2  2      2333308287659336 0     9.0    7.0
 1111027.576532 9.252E-28 2.546E-03.03440.265 1962.50690.30-.040000          1 0 2          0 0 0 13  2 11       12  3 10      332230837294713152    81.0   75.0
 1111027.623638 9.916E-31 6.894E-06.05430.292 1875.46180.610.000000          1 4 0          0 0 0 10  9  1       10  6  4      1433308284659336 0    21.0   21.0
 1111027.631023 5.172E-30 1.627E-03.07330.298 2904.42840.68-.007730          2 3 0          0 1 0 11  5  6       10  2  9      332233837294713155    69.0   63.0
 1111027.722527 9.115E-28 4.161E-02.07430.412 2129.61860.65-.013420          0 1 3          0 1 0  5  4  1        4  4  0      534223837294713152    11.0    9.0
 1111027.751267 1.373E-30 3.676E-05.04300.253 2414.72340.510.000000         -2 2-2          0 0 0 12  8  5       13  3 10      1333308287659336 0    75.0   81.0
 1111027.844997 9.085E-25 6.148E-03.09710.484  315.77950.74-.017770          0 0 3          0 0 0  5  0  5        4  2  2      4645438373286630 8    11.0    9.0
 1111027.922034 1.789E-27 3.391E-02.08450.434 1907.45140.69-.011900          0 1 3          0 1 0  4  3  2        3  3  1      534223837294713152     9.0    7.0
 1111027.991437 7.776E-29 4.462E-06.06510.298 1114.54990.60-.002360          0 2 2          0 0 0 10  4  7       10  1 10      334223837294713152    63.0   63.0
 1111028.112403 2.945E-30 6.810E-06.05960.305 1874.97300.620.000000          1 4 0          0 0 0 10  9  2       10  6  5      1433308284659336 0    63.0   63.0
 1111028.222310 3.459E-27 3.799E-02.09820.300 1743.48630.75-.008870          0 1 3          0 1 0  3  2  1        2  2  0      534323837294703152     7.0    5.0
 1111028.310941 5.051E-27 1.515E-05.10000.434  212.15640.75-.015020          1 5 0          0 0 0  2  1  2        3  2  1      432230837294713152    15.0   21.0
 1111028.474576 9.318E-29 1.166E-05.07130.298 1293.63410.65-.024800          3 0 0          0 0 0 11  3  8       10  2  9      434223837260713049    69.0   63.0
 1111028.478841 1.722E-30 6.893E-05.04750.275 2254.28450.530.000000          2 2 0          0 0 0 11  9  3       10  8  2      1333308287659336 0    23.0   21.0
 1111028.479636 5.162E-30 6.888E-05.05550.281 2254.28380.580.000000          2 2 0          0 0 0 11  9  2       10  8  3      1333308287659336 0    69.0   63.0
 1111028.571859 1.201E-30 1.162E-04.07970.379 2318.53990.660.000000          0 6 1          0 1 0  6  2  5        7  2  6      1333308287659336 0    13.0   15.0
 1111028.637452 9.585E-29 5.580E-03.08110.333 2495.16580.70-.019390          0 1 3          0 1 0  8  2  6        8  2  7      534223837294713152    51.0   51.0
 1111028.747047 2.587E-29 4.172E-06.03260.281 1327.11000.23-.022220          0 5 1          0 0 0 10  0 10       11  0 11      3342238372947131 7    63.0   69.0
 1111028.939756 4.024E-28 7.623E-05.05810.332 1360.23530.630.000000         -2 2-2          0 0 0 10  7  4        9  4  5      1333308287659336 0    63.0   57.0
 1111028.958678 2.056E-30 7.802E-05.06710.362 2181.08990.610.000000         -2 6-2          0 1 0  8  0  8        7  1  7      1333308287659336 0    17.0   15.0
 1111028.979995 1.008E-26 3.373E-03.07030.300 1477.29740.70-.025830          0 0 3          0 0 0 10  3  7        9  5  4      464323837330703049    63.0   57.0
 1111029.064923 3.943E-30 1.621E-05.01760.235 2073.51570.03-.040000          1 0 2          0 0 0 15  0 15       14  1 14      332230837294713152    93.0   87.0
 1111029.067203 4.669E-30 1.171E-03.07720.315 2818.39810.69-.006720          1 1 2          0 1 0  9  5  4        9  2  7      332233837294713155    57.0   57.0
 1111029.137438 1.338E-30 1.651E-05.01700.235 2073.51500.01-.040000          1 0 2          0 0 0 15  1 15       14  0 14      332230837294713152    31.0   29.0
 1111029.166074 9.700E-30 4.693E-06.03260.281 1327.11760.23-.020535          0 5 1          0 0 0 10  1 10       11  1 11      3342238372947131 7    21.0   23.0
 1111029.264834 6.959E-26 1.314E-03.08810.449  842.35660.73-.021540          0 0 3          0 0 0  8  1  7        7  3  4      4643438373606630 7    51.0   45.0
 1111029.320230 2.553E-28 6.035E-07.07810.391  325.34790.66-.009130          0 7 0          0 0 0  5  3  2        5  0  5      234223827294713155    33.0   33.0
 1111029.567560 2.924E-28 9.845E-06.07810.352  709.60820.69-.007600          2 0 1          0 0 0  7  6  1        7  2  6      434223838794713152    15.0   15.0
 1111029.571404 5.279E-27 3.339E-02.08680.434 1907.61570.71-.011660          0 1 3          0 1 0  4  3  1        3  3  0      534223837294713152    27.0   21.0
 1111029.575612 8.752E-24 2.083E-02.07290.404  285.41860.65-.017550          1 0 2          0 0 0  4  4  1        3  3  0      465440831567663136    27.0   21.0
 1111029.644027 6.270E-29 7.108E-04.02070.250 2042.37410.09-.040000          1 0 2          0 0 0 14  1 13       13  2 12      332230837294713152    29.0   27.0
 1111029.749213 2.281E-29 2.772E-03.06470.250 2756.41530.78-.030310          0 0 3          0 0 0 14  4 10       13  6  7      262230837365713049    87.0   81.0
 1111029.770795 2.873E-24 2.049E-02.07270.380  285.21930.64-.020570          1 0 2          0 0 0  4  4  0        3  3  1      4644438315676631 7     9.0    7.0
 1111029.992843 9.358E-29 3.535E-04.02060.250 2042.31060.09-.040000          1 0 2          0 0 0 14  2 13       13  1 12      332230837294713152    87.0   81.0
 1111030.136205 1.352E-28 1.420E-03.10260.456 1664.96460.75-.001490          0 1 3          0 1 0  2  2  1        2  0  2      434223837294713152     5.0    5.0
 1111030.174061 3.744E-29 4.047E-03.03400.235 2746.02350.32-.040000          1 0 2          0 0 0 15  3 12       14  4 11      232230837294713152    93.0   87.0
 1111030.389481 8.137E-29 1.884E-03.08920.391 2024.15260.72-.005380          1 1 2          0 1 0  6  3  3        5  2  4      434223837294713152    13.0   11.0
 1111030.426602 3.273E-29 2.737E-06.07520.333 1122.70850.71-.017630          1 0 2          0 0 0  7  7  0        8  4  5      434223837294713152    45.0   51.0
 1111030.540514 7.112E-29 3.040E-03.06550.265 2300.68500.80-.023680          0 0 3          0 0 0 13  3 10       12  5  7      262230837365713049    27.0   25.0
 1111030.758594 1.279E-30 1.785E-03.01040.183 3319.4483-.10-.040000          1 0 2          0 0 0 19  0 19       18  1 18      232230837294713152   117.0  111.0
 1111030.947567 1.622E-29 4.666E-06.05940.298 1446.12820.56-.005250          0 2 2          0 0 0 10  6  5       10  3  8      334223837294713152    63.0   63.0
 1111030.951984 9.535E-26 8.988E-04.09390.408  383.84250.73-.021290          0 0 3          0 0 0  5  1  4        4  3  1      4643438373606630 8    11.0    9.0
 1111031.025158 2.828E-30 1.202E-04.01750.235 2327.88370.03-.040000          1 0 2          0 0 0 15  2 14       14  1 13      232230807294713152    31.0   29.0
 1111031.064027 1.571E-26 8.130E-03.07160.300 1340.88490.56-.026860          2 0 1          0 0 0 10  6  5        9  4  6      334323838730703110    21.0   19.0
 1111031.091350 1.628E-27 2.083E-05.08010.390  446.69660.630.000000          1 5 0          0 0 0  5  1  5        6  0  6      2333308287659336 0    11.0   13.0
 1111031.121349 1.099E-30 5.086E-05.01450.221 2358.3017-.04-.040000          1 0 2          0 0 0 16  0 16       15  1 15      332230837294713152    33.0   31.0
 1111031.196048 1.194E-23 3.056E-02.09460.479  300.36230.73-.013650          0 0 3          0 0 0  4  2  2        4  2  3      465440837367663036    27.0   27.0
 1111031.405026 1.255E-29 1.778E-04.01810.235 2327.91400.05-.040000          1 0 2          0 0 0 15  1 14       14  2 13      332230837294713152    93.0   87.0
 1111031.476632 3.370E-28 5.635E-03.09210.391 1922.82900.72-.012080          0 1 3          0 1 0  5  1  4        5  1  5      534223837294713152    11.0   11.0
 1111031.755957 1.346E-30 1.053E-07.08080.333  882.89030.72-.001970          1 2 1          0 0 0  7  7  0        8  1  7      432230837294713152    15.0   17.0
 1111031.765290 6.657E-29 4.159E-02.04920.234 2880.83420.490.000000          2 0 1          0 0 0 15  6  9       14  4 10      1333308287659336 0    31.0   29.0
 1111031.770972 8.687E-27 6.517E-02.10220.300 1664.96460.75-.005610          0 1 3          0 1 0  3  0  3        2  0  2      534323837294703152     7.0    5.0
 1111031.774498 5.951E-30 4.164E-04.06400.391 2251.69530.57-.028220          1 1 2          0 1 0  6  5  1        5  4  2      332230837294713152    13.0   11.0
 1111031.815973 2.290E-26 3.958E-04.08530.454  542.90580.70-.013170          1 0 2          0 0 0  6  4  2        6  1  5      4243438315946631 8    13.0   13.0
 1111031.848105 3.239E-29 3.809E-03.03770.278 2701.88850.480.000000          2 2 0          0 0 0 11 11  0       10 10  1      1333308287659336 0    69.0   63.0
 1111031.848106 1.080E-29 3.811E-03.02620.294 2701.88850.410.000000          2 2 0          0 0 0 11 11  1       10 10  0      1333308287659336 0    23.0   21.0
 1111032.018417 3.819E-29 8.916E-04.06550.391 2251.86250.59-.029200          1 1 2          0 1 0  6  5  2        5  4  1      434223837294713152    39.0   33.0
 1111032.040841 3.078E-30 8.754E-04.01950.189 2981.35940.190.000000          1 0 2          0 0 0 18  1 18       17  0 17      1333308287659336 0   111.0  105.0
 1111032.041284 1.026E-30 8.754E-04.01950.189 2981.35950.190.000000          1 0 2          0 0 0 18  0 18       17  1 17      1333308287659336 0    37.0   35.0
 1111032.078989 2.337E-28 3.443E-05.07060.281 1327.11000.65-.014700          0 2 2          0 0 0 11  3  8       11  0 11      334223837294713152    69.0   69.0
 1111032.101419 1.639E-28 5.960E-06.08640.371  661.54890.74-.012460          0 0 3          0 0 0  5  5  0        6  3  3      464223837360713049    11.0   13.0
 1111032.112577 4.429E-29 2.173E-07.09350.412  382.51690.72-.012460          0 5 1          0 0 0  3  1  3        4  3  2      4342238372947131 7    21.0   27.0
 1111032.137903 8.767E-28 3.081E-05.07940.333  744.06370.69-.010200          3 0 0          0 0 0  8  5  3        8  0  8      434223837260713049    17.0   17.0
 1111032.160121 5.083E-30 3.220E-04.01950.197 2660.94600.260.000000          1 0 2          0 0 0 17  0 17       16  1 16      1333308287659336 0   105.0   99.0
 1111032.160912 1.695E-30 3.221E-04.01950.197 2660.94580.260.000000          1 0 2          0 0 0 17  1 17       16  0 16      1333308287659336 0    35.0   33.0
 1111032.183312 1.657E-24 5.976E-03.09060.403  446.51070.73-.015260          1 0 2          0 0 0  6  3  4        5  2  3      4644438315256631 7    39.0   33.0
 1111032.315263 1.373E-24 2.289E-03.10160.481  212.15640.75-.015970          0 0 3          0 0 0  4  0  4        3  2  1      4644438373256630 7    27.0   21.0
 1111032.364128 1.722E-28 1.505E-02.06260.371 2552.85720.57-.020250          0 1 3          0 1 0  7  5  3        6  5  2      334223837294713152    45.0   39.0
 1111032.429329 2.559E-30 2.003E-06.05340.303 1631.38300.600.000000          1 4 0          0 0 0  9  9  0        9  6  3      1433308284659336 0    57.0   57.0
 1111032.461671 9.142E-29 4.793E-06.06490.298 1114.54990.62-.002110          0 4 1          0 0 0 11  5  7       10  1 10      242230838494713152    69.0   63.0
 1111032.557867 2.906E-25 1.217E-02.08770.425 1006.11590.71-.011460          0 0 3          0 0 0  8  3  5        8  3  6      4643438373676630 7    51.0   51.0
 1111032.566869 8.507E-31 1.996E-06.06160.319 1631.24550.620.000000          1 4 0          0 0 0  9  9  1        9  6  4      1433308284659336 0    19.0   19.0
 1111032.620872 2.755E-28 1.048E-05.07910.352  931.23710.73-.015340          0 0 3          0 0 0  6  6  0        7  4  3      464223837360713049    39.0   45.0
 1111032.648543 5.676E-29 1.488E-02.06360.371 2552.87970.58-.019370          0 1 3          0 1 0  7  5  2        6  5  1      434223837294713152    15.0   13.0
 1111032.703653 1.633E-27 3.772E-02.06810.250 2414.72340.62-.006340          2 0 1          0 0 0 14  5  9       13  3 10      334223838794713155    87.0   81.0
 1111032.762484 8.500E-28 2.944E-03.09780.434 1731.89670.74-.004370          0 1 3          0 1 0  3  2  2        3  0  3      634223837294713152    21.0   21.0
 1111032.826246 6.826E-27 5.417E-03.04210.300 1690.66440.37-.019370          1 0 2          0 0 0 12  3 10       11  2  9      334323837294703152    75.0   69.0
 1111032.888823 1.459E-30 4.826E-03.06930.298 3162.25890.60-.007110          1 1 2          0 1 0 11  4  8       10  3  7      332230837294713152    23.0   21.0
 1111032.917685 7.643E-26 2.592E-04.09060.417  399.45750.71-.028000          1 0 2          0 0 0  5  4  1        5  1  4      424440831528703120    33.0   33.0
 1111032.982724 6.038E-27 2.048E-05.09040.424  399.45750.700.000000          1 5 0          0 0 0  5  0  5        5  1  4      2333308287659336 0    33.0   33.0
 1111032.988923 1.133E-28 2.756E-04.04310.281 1695.06860.40-.040000          1 0 2          0 0 0 12  2 10       11  3  9      332230837294713152    25.0   23.0
 1111033.060622 1.749E-30 3.621E-07.08110.333 1131.77560.70-.015350          0 5 1          0 0 0  9  0  9        8  4  4      3322338372947131 9    19.0   17.0
 1111033.063991 9.994E-29 1.082E-06.08530.371  446.69660.71-.012036          0 2 2          0 0 0  6  5  1        6  0  6      4342238372947131 8    13.0   13.0
 1111033.204589 7.328E-31 5.425E-02.07250.362 3739.51880.610.000000          0 2 3          0 2 0  8  1  8        7  1  7      3333308387659336 0    17.0   15.0
 1111033.355615 6.685E-29 5.262E-03.05860.253 2426.19650.510.000000          0 0 3          0 0 0 13  4  9       13  4 10      1333308287659336 0    27.0   27.0
 1111033.375396 1.490E-29 3.451E-04.08190.391 2024.15260.69-.002440          0 3 2          0 1 0  6  5  1        5  2  4      334223837294713152    13.0   11.0
 1111033.424871 9.343E-29 2.880E-03.02790.250 2248.06450.23-.040000          1 0 2          0 0 0 14  2 12       13  3 11      232230807294713152    29.0   27.0
 1111033.486359 5.797E-30 7.002E-05.08640.428 1693.64990.740.000000          0 6 1          0 1 0  2  1  2        2  1  1      2333308287659336 0     5.0    5.0
 1111033.518469 3.859E-29 1.978E-03.06290.315 2512.28290.56-.026750          2 1 1          0 1 0 10  2  8        9  0  9      434223837294713152    63.0   57.0
 1111033.592107 1.329E-30 2.821E-02.05880.292 3770.71130.610.000000          0 1 3          0 1 0 11  7  5       10  7  4      3333308387659336 0    69.0   63.0
 1111033.697115 4.408E-31 2.807E-02.04680.281 3770.72440.580.000000          0 1 3          0 1 0 11  7  4       10  7  3      3333308387659336 0    23.0   21.0
 1111033.733761 6.179E-25 2.229E-03.08580.401  446.51070.74-.011220          0 2 2          0 0 0  6  5  2        5  2  3      4643438315286631 8    39.0   33.0
 1111033.837957 1.500E-28 5.722E-03.03200.315 2225.46920.40-.031260          0 0 3          0 0 0 10  9  2        9  9  1      332230837260713049    21.0   19.0
 1111033.838023 4.677E-28 5.948E-03.03200.315 2225.46920.40-.031260          0 0 3          0 0 0 10  9  1        9  9  0      362230837360713049    63.0   57.0
 1111033.925035 3.218E-30 1.358E-06.06510.281 1524.84790.65-.002250          1 2 1          0 0 0 10  7  3       11  1 10      332233837294713155    63.0   69.0
 1111033.974560 1.599E-23 1.025E-01.10290.476   37.13710.76-.007350          0 0 3          0 0 0  1  1  0        1  1  1      465340837367663036     3.0    3.0
 1111034.014738 8.138E-30 1.522E-05.05810.288 1810.58790.580.000000         -2 4-2          0 0 0  9  9  1        9  7  2      1333308287659336 0    57.0   57.0
 1111034.019373 2.713E-30 1.523E-05.05810.303 1810.58330.600.000000         -2 4-2          0 0 0  9  9  0        9  7  3      1333308287659336 0    19.0   19.0
 1111034.035046 4.680E-29 3.231E-06.07580.333  882.89030.68-.009620          3 0 0          0 0 0  8  6  2        8  1  7      434223837260713049    17.0   17.0
 1111034.038721 5.521E-27 4.456E-03.04530.333 1411.64190.45-.025780          0 2 2          0 0 0  9  7  3        8  6  2      334223837294713152    19.0   17.0
 1111034.072782 1.654E-26 4.449E-03.04910.333 1411.61150.45-.021438          0 2 2          0 0 0  9  7  2        8  6  3      3642238372787131 8    57.0   51.0
 1111034.120184 2.668E-28 1.332E-03.05010.305 1843.02960.580.000000         -2 2-2          0 0 0 12  5  7       11  4  8      1333308287659336 0    25.0   23.0
 1111034.156912 3.736E-31 1.598E-05.05550.274 2300.68500.560.000000          1 5 0          0 0 0 13  2 12       12  5  7      1333308287659336 0    27.0   25.0
 1111034.216649 9.588E-29 6.760E-03.08530.371 2282.58960.72-.016040          1 1 2          0 1 0  7  4  4        6  3  3      434223837294713152    15.0   13.0
 1111034.384961 3.915E-27 1.124E-05.08680.300  399.45750.71-.000480          2 0 1          0 0 0  6  5  1        5  1  4      434323838794703152    39.0   33.0
 1111034.438723 7.209E-29 5.892E-04.03430.265 1960.20740.30-.027490          1 0 2          0 0 0 13  3 11       12  2 10      332230837294713152    27.0   25.0
 1111034.490362 1.920E-27 1.373E-05.08290.371  552.91140.69-.009480          0 0 3          0 0 0  5  4  2        6  2  5      464223837360713049    33.0   39.0
 1111035.090339 3.760E-27 1.818E-04.07300.300 1079.07960.67-.016796          1 2 1          0 0 0 10  5  5        9  1  8      334323837294703110    63.0   57.0
 1111035.242826 2.266E-26 1.189E-04.07950.300  552.91140.68-.013720          3 0 0          0 0 0  7  5  2        6  2  5      4643238372607030 8    45.0   39.0
 1111035.306342 1.530E-29 6.431E-04.02440.235 2551.48350.18-.040000          1 0 2          0 0 0 15  2 13       14  3 12      332230837294713152    93.0   87.0
 1111035.355619 1.749E-29 2.692E-03.05800.315 2512.37570.52-.015530          2 1 1          0 1 0 10  3  8        9  1  9      434223837294713152    21.0   19.0
 1111035.416936 1.591E-30 6.273E-02.04390.208 3758.39680.380.000000          2 0 1          0 0 0 17  7 10       16  5 11      1333308287659336 0    35.0   33.0
 1111035.428163 8.732E-29 2.018E-03.05180.253 2414.72340.510.000000          2 2 0          0 0 0 14  6  9       13  3 10      1333308287659336 0    87.0   81.0
 1111035.541291 1.965E-29 6.190E-03.05230.298 2904.42840.48-.009770          2 1 1          0 1 0 11  4  8       10  2  9      334223837294713152    69.0   63.0
 1111035.541801 6.904E-30 8.680E-04.02320.235 2550.88250.15-.040000          1 0 2          0 0 0 15  3 13       14  2 12      332230837294713152    31.0   29.0
 1111035.591212 7.094E-29 1.280E-04.06720.317 1616.45310.630.000000          2 2 0          0 0 0 11  7  5       10  4  6      1333308287659336 0    23.0   21.0
 1111035.608641 1.158E-27 4.341E-05.06660.333 1006.11590.61-.008730          2 2 0          0 0 0  9  6  3        8  3  6      434223837294713152    57.0   51.0
 1111035.720424 4.923E-31 2.777E-04.02970.213 2872.58050.430.000000          1 0 2          0 0 0 16  2 14       15  3 13      1333308287659336 0    33.0   31.0
 1111035.769533 3.584E-27 1.095E-02.06510.300 1724.70540.63-.040000          2 0 1          0 0 0 11  7  4       10  5  5      334323838794703152    23.0   21.0
 1111035.856900 6.418E-29 1.980E-03.04300.248 2248.06450.480.000000         -2 4-2          0 0 0 14  5 10       13  3 11      1333308287659336 0    29.0   27.0
 1111035.880567 7.066E-29 7.223E-04.02850.250 2246.88480.23-.035610          1 0 2          0 0 0 14  3 12       13  2 11      332230837294713152    87.0   81.0
 1111035.970832 1.145E-28 7.495E-06.08150.379  816.69420.670.000000          1 5 0          0 0 0  6  2  4        7  3  5      2333308287659336 0    13.0   15.0
 1111036.112855 9.431E-29 1.059E-05.07640.352  927.74390.71-.015820          0 0 3          0 0 0  6  6  1        7  4  4      364223837360713049    13.0   15.0
 1111036.453225 2.312E-30 2.172E-08.08450.371  446.69660.71-.002710          0 4 1          0 0 0  7  6  1        6  0  6      342233838494713155    15.0   13.0
 1111036.615282 2.391E-29 2.372E-02.04450.333 3101.12380.44-.032710          1 1 2          0 1 0  9  7  2        8  6  3      334223837294713152    57.0   51.0
 1111036.640960 3.784E-25 7.590E-03.09240.471  602.77350.71-.019810          1 0 2          0 0 0  7  3  5        6  2  4      4444438315676631 7    15.0   13.0
 1111036.679889 1.692E-29 7.907E-05.08610.425 1920.76650.670.000000          1 6 0          0 1 0  6  1  6        5  0  5      2333308287659336 0    39.0   33.0
 1111036.753108 3.503E-29 1.313E-06.07260.360 1006.11590.650.000000          1 5 0          0 0 0  9  0  9        8  3  6      2333308287659336 0    57.0   51.0
 1111036.769437 3.035E-26 1.137E-02.05430.300 1293.01810.50-.021040          3 0 0          0 0 0 11  4  8       10  1  9      4643238372607030 8    23.0   21.0
 1111036.817829 1.431E-26 3.000E-05.08550.300  300.36230.71-.010654          0 2 2          0 0 0  5  5  0        4  2  3      4643238372947031 8    33.0   27.0
 1111036.844919 4.561E-30 7.124E-03.04480.263 3266.76440.430.000000          0 0 3          0 0 0 13 10  4       12 10  3      1333308287659336 0    81.0   75.0
 1111036.845401 1.520E-30 7.122E-03.03270.262 3266.76450.350.000000          0 0 3          0 0 0 13 10  3       12 10  2      1333308287659336 0    27.0   25.0
 1111036.858644 7.922E-30 2.358E-02.04470.333 3101.14220.44-.032790          1 1 2          0 1 0  9  7  3        8  6  2      332230837294713152    19.0   17.0
 1111037.119361 1.570E-29 6.475E-04.06560.255 2533.79320.520.000000          2 2 0          0 0 0 14  7  8       13  4  9      1333308287659336 0    87.0   81.0
 1111037.284111 3.506E-30 4.858E-02.09000.391 3565.45460.71-.010870          0 2 3          0 2 0  6  1  5        5  1  4      432230837294713152    39.0   33.0
 1111037.445167 2.920E-29 8.167E-05.10580.480 1618.55710.76-.001810          0 6 1          0 1 0  2  0  2        1  0  1      332233837294713155    15.0    9.0
 1111037.471701 2.547E-28 3.668E-05.07820.315 1282.91910.70-.009050          1 2 1          0 0 0  9  7  3        9  3  6      434223837294713152    57.0   57.0
 1111037.660563 1.112E-29 2.999E-04.06370.275 2205.65270.560.000000          2 2 0          0 0 0 13  7  7       12  4  8      1333308287659336 0    27.0   25.0
 1111037.707064 2.304E-27 2.681E-04.04460.300 1216.19450.52-.040000          1 2 1          0 0 0  8  8  0        7  6  1      434323837294703152    51.0   45.0
 1111037.711787 7.677E-28 2.680E-04.04460.352 1216.18980.52-.040000          1 2 1          0 0 0  8  8  1        7  6  2      434223837294713152    17.0   15.0
 1111037.766146 1.226E-29 1.576E-07.09960.434  285.21930.75-.013180          0 8 0          0 0 0  2  0  2        3  3  1      7322338072947131 9     5.0    7.0
 1111037.773551 4.122E-28 5.150E-04.06640.265 1557.84440.64-.024270          3 0 0          0 0 0 12  3  9       12  0 12      232230837260713049    25.0   25.0
 1111037.880465 8.286E-29 1.812E-04.06670.303 1899.00820.590.000000          2 2 0          0 0 0 12  7  6       11  4  7      1333308287659336 0    75.0   69.0
 1111037.902796 5.505E-30 8.775E-07.07080.333 1255.16680.65-.029510          0 5 1          0 0 0  7  3  5        8  5  4      4322338372947131 9    45.0   51.0
 1111038.006867 4.460E-25 6.302E-03.08400.438  782.40980.68-.014970          1 0 2          0 0 0  8  3  6        7  2  5      4544438315676631 7    51.0   45.0
 1111038.087924 2.175E-29 4.387E-02.06140.221 3360.60020.55-.004340          2 0 1          0 0 0 16  7  9       15  5 10      232230838794713152    99.0   93.0
 1111038.135981 5.436E-26 5.464E-03.07440.362  982.91170.64-.004000          1 0 2          0 0 0  9  3  7        8  2  6      464423837294703159    19.0   17.0
 1111038.206552 2.583E-28 1.751E-06.07720.421  315.77950.730.000000          0 7 0          0 0 0  5  3  3        4  2  2      2333308287659336 0    11.0    9.0
 1111038.239756 1.935E-28 1.175E-03.05320.400 2124.95140.51-.040000          1 0 2          0 0 0 13  3 10       12  4  9      332230837294703152    81.0   75.0
 1111038.319991 2.160E-30 3.591E-05.04770.281 2054.36870.580.000000          0 4 1          0 0 0 10  9  2       10  7  3      1433308284659336 0    21.0   21.0
 1111038.343610 6.483E-30 3.591E-05.05430.292 2054.34520.610.000000          0 4 1          0 0 0 10  9  1       10  7  4      1433308284659336 0    63.0   63.0
 1111038.409004 1.296E-27 5.168E-05.08560.333  744.06370.71-.013540          0 0 3          0 0 0  7  2  5        8  0  8      464223837360713049    15.0   17.0
 1111038.462929 8.449E-26 9.252E-04.07220.394  704.21410.70-.017000          1 0 2          0 0 0  7  4  3        7  1  6      424340831562663120    45.0   45.0
 1111038.553214 3.146E-28 3.857E-03.09300.412 1817.45120.72-.006770          0 1 3          0 1 0  4  2  3        4  0  4      534223837294713152     9.0    9.0
 1111038.570728 2.378E-28 2.379E-03.06670.303 1985.78490.590.000000          0 2 2          0 0 0 12  6  6       11  5  7      1333308287659336 0    25.0   23.0
 1111038.592542 5.984E-30 3.743E-03.02850.234 2880.83420.490.000000          2 2 0          0 0 0 15  7  9       14  4 10      1333308287659336 0    31.0   29.0
 1111038.605416 3.997E-31 2.855E-09.09330.444  285.21930.710.000000          1 5 0          0 0 0  4  0  4        3  3  1      2333308287659336 0     9.0    7.0
 1111038.649303 8.800E-27 8.269E-05.08570.300  446.69660.71-.002140          2 0 1          0 0 0  7  4  3        6  0  6      434323838794703152    15.0   13.0
 1111038.720219 5.696E-27 1.877E-05.09040.443  300.36230.720.000000          1 5 0          0 0 0  3  1  2        4  2  3      2333308287659336 0    21.0   27.0
 1111038.978952 6.514E-26 1.714E-02.05410.316 1446.12820.50-.007000          2 0 1          0 0 0 11  5  7       10  3  8      334343838728663120    69.0   63.0
 1111039.080227 4.022E-31 4.428E-04.03980.236 2983.39640.480.000000         -2 1-2          0 0 0 14  9  6       14  5  9      1333308287659336 0    29.0   29.0
 1111039.385055 6.296E-26 5.535E-03.06810.440 1201.92150.56-.019000          1 0 2          0 0 0 10  3  8        9  2  7      324340831528663120    63.0   57.0
 1111039.493096 7.575E-27 5.162E-05.09260.300  275.49700.73-.010310          1 0 2          0 0 0  4  4  0        4  1  3      4343238372947031 8     9.0    9.0
 1111039.541525 5.041E-30 1.208E-04.08050.395 2129.59920.710.000000          1 6 0          0 1 0  3  3  0        4  4  1      4333308387659336 0    21.0   27.0
 1111039.726990 2.393E-30 6.831E-04.08010.333 2595.81290.69-.001220          1 1 2          0 1 0  8  5  3        8  2  6      332233837294713155    17.0   17.0
 1111039.759318 4.211E-31 1.300E-05.04250.248 2248.06450.480.000000          0 5 1          0 0 0 14  1 14       13  3 11      1333308287659336 0    29.0   27.0
 1111039.815873 1.408E-29 4.867E-03.07710.315 2904.67040.67-.015710          1 1 2          0 1 0 10  4  7        9  3  6      334223837294713152    63.0   57.0
 1111040.026317 8.611E-30 3.665E-04.02850.221 2327.88380.460.000000          2 2 0          0 0 0 15  4 12       14  1 13      1333308287659336 0    31.0   29.0
 1111040.141026 4.031E-29 4.667E-03.06690.235 2746.02350.64-.029830          0 0 3          0 0 0 14  4 10       14  4 11      262230837360713049    87.0   87.0
 1111040.300347 1.282E-29 1.709E-03.08040.315 2688.07990.70-.004590          1 1 2          0 1 0  9  4  5        9  1  8      334223837294713152    57.0   57.0
 1111040.398032 1.606E-30 1.155E-04.07500.373 2129.61860.680.000000          1 6 0          0 1 0  3  3  1        4  4  0      3333308387659336 0     7.0    9.0
 1111040.449149 8.060E-27 6.767E-02.09400.300 1739.48370.72-.009360          0 1 3          0 1 0  4  1  4        3  1  3      534323837294703152     9.0    7.0
 1111040.696461 5.497E-28 3.498E-03.04940.298 1875.46180.51-.040000          2 0 1          0 0 0 11  8  3       10  6  4      334223838794713152    23.0   21.0
 1111040.716316 2.114E-29 1.229E-06.08220.371  757.78020.68-.004830          0 5 1          0 0 0  5  2  3        6  4  2      4322338372947131 9    11.0   13.0
 1111040.736338 1.511E-26 2.868E-03.08540.300 1360.23530.75-.027020          0 0 3          0 0 0 10  2  8        9  4  5      3643238373607030 8    63.0   57.0
 1111040.885162 9.475E-28 2.212E-05.07320.333  885.60020.66-.006880          2 0 1          0 0 0  8  6  2        8  2  7      434223838794713152    51.0   51.0
 1111041.010283 6.257E-26 1.671E-03.08870.387  661.54890.74-.029000          0 0 3          0 0 0  7  1  6        6  3  3      464340837328663020    15.0   13.0
 1111041.081234 3.757E-29 5.700E-04.04590.235 2327.91400.49-.025220          3 0 0          0 0 0 14  5 10       14  2 13      332230837260713049    87.0   87.0
 1111041.188178 1.638E-27 3.466E-03.06540.298 1874.97300.50-.039360          2 0 1          0 0 0 11  8  4       10  6  5      334223838765713152    69.0   63.0
 1111041.219800 9.041E-26 2.635E-03.08410.432  931.23710.74-.032000          0 0 3          0 0 0  8  2  6        7  4  3      464343837362663059    51.0   45.0
 1111041.258982 1.677E-27 5.128E-03.07010.298 1724.70540.80-.022120          0 0 3          0 0 0 11  3  8       10  5  5      364223837378713049    23.0   21.0
 1111041.265411 1.321E-30 5.444E-06.02850.213 2073.51570.440.000000          2 2 0          0 0 0 15  2 13       14  1 14      1333308287659336 0    93.0   87.0
 1111041.267941 6.920E-27 5.979E-02.10450.300 1693.64990.76-.008390          0 1 3          0 1 0  3  1  2        2  1  1      534323837294703152     7.0    5.0
 1111041.492860 1.174E-28 5.856E-03.08510.352 2462.87530.72-.016190          1 1 2          0 1 0  8  4  5        7  3  4      334223837294713152    51.0   45.0
 1111041.497786 3.093E-25 1.513E-03.09090.471  508.81210.73-.015640          0 0 3          0 0 0  6  1  5        5  3  2      4654438373676630 7    39.0   33.0
 1111041.547958 1.015E-27 1.192E-05.07810.333  744.16270.68-.004970          2 0 1          0 0 0  8  5  3        8  1  8      434223838794713152    51.0   51.0
 1111041.549435 1.076E-29 1.389E-04.09410.391 2053.96870.73-.002480          0 6 1          0 1 0  4  2  2        5  2  3      3322338372947131 9    27.0   33.0
 1111041.561289 2.889E-30 5.367E-05.05420.279 2321.90570.550.000000          0 4 1          0 0 0 11  9  3       11  7  4      1433308284659336 0    69.0   69.0
 1111041.648166 9.679E-31 5.393E-05.05910.288 2321.81310.570.000000          0 4 1          0 0 0 11  9  2       11  7  5      1433308284659336 0    23.0   23.0
 1111041.675128 1.746E-29 3.455E-05.07920.298 1616.45310.74-.021100          2 0 1          0 0 0 10  8  3       10  4  6      334223838794713152    21.0   21.0
 1111041.890740 9.002E-31 8.464E-04.05870.308 2903.14600.550.000000          0 3 2          0 1 0 11  4  8       10  1  9      3333308387659336 0    23.0   21.0
 1111041.900660 2.173E-30 9.184E-07.05370.285 1524.84790.530.000000          1 5 0          0 0 0 10  2  9       11  1 10      1333308287659336 0    63.0   69.0
 1111041.952698 1.523E-26 4.005E-05.08640.428   79.49640.740.000000          1 5 0          0 0 0  1  0  1        2  1  2      2333308287659336 0     9.0   15.0
 1111041.960511 1.203E-26 1.191E-02.05440.556 1718.71880.53-.033910          2 0 1          0 0 0 11  7  5       10  5  6      3344238387947031 8    69.0   63.0
 1111042.209168 3.700E-27 2.242E-05.08270.413  552.91140.680.000000          1 5 0          0 0 0  6  1  6        6  2  5      2333308287659336 0    39.0   39.0
 1111042.216812 4.498E-27 5.421E-02.09190.300 1813.78760.71-.010970          0 1 3          0 1 0  4  2  3        3  2  2      534323837294703152     9.0    7.0
 1111042.664586 4.241E-28 2.697E-05.08120.298 1114.54990.71-.006390          1 0 2          0 0 0  9  4  5       10  1 10      334223837294713152    57.0   63.0
 1111042.744390 6.437E-27 4.320E-04.06640.300  920.21000.60-.023840          3 0 0          0 0 0 10  2  8        9  1  9      334323837260703049    21.0   19.0
 1111042.788137 3.045E-29 3.138E-02.03980.236 2983.39640.480.000000         -2 0-2          0 0 0 15 15  0       14  5  9      1333308287659336 0    31.0   29.0
 1111042.804568 1.199E-30 5.654E-02.05610.333 3895.25290.48-.027190          0 2 3          0 2 0  9  1  9        8  1  8      332230837294713152    57.0   51.0
 1111042.848635 7.120E-31 3.515E-05.01990.204 2358.30170.400.000000          1 2 1          0 0 0 15  3 12       15  1 15      2333308387659336 0    31.0   31.0
 1111042.953790 3.033E-30 3.819E-04.02950.227 2550.88250.480.000000          1 2 1          0 0 0 15  4 11       14  2 12      1333308287659336 0    31.0   29.0
 1111042.992377 1.280E-28 9.397E-03.05100.253 2426.19650.510.000000          1 2 1          0 0 0 14  6  9       13  4 10      1333308287659336 0    29.0   27.0
 1111043.002761 1.624E-24 1.796E-02.09300.482  416.20870.73-.011730          0 0 3          0 0 0  5  2  3        5  2  4      4644438373606630 7    11.0   11.0
 1111043.009714 1.164E-29 4.715E-03.07280.315 2690.59370.65-.025290          0 1 3          0 1 0  9  2  7        9  2  8      334223837294713152    19.0   19.0
 1111043.070415 2.098E-23 3.311E-02.09950.456   79.49640.76-.010500          0 0 3          0 0 0  2  1  1        2  1  2      4642438373257130 7    15.0   15.0
 1111043.113076 1.417E-29 5.214E-03.08350.333 2670.78970.71-.016380          1 1 2          0 1 0  9  4  6        8  3  5      334223837294713152    19.0   17.0
 1111043.185546 8.044E-26 1.799E-03.06620.400  920.16840.56-.021450          3 0 0          0 0 0 10  3  8        9  0  9      4643238372257030 7    63.0   57.0
 1111043.377614 4.641E-30 1.229E-05.06050.299 1695.06860.560.000000          0 2 2          0 0 0 11  6  6       11  3  9      1333308287659336 0    23.0   23.0
 1111043.450883 1.425E-28 1.619E-03.03140.250 2042.37410.28-.016560          1 2 1          0 0 0 14  4 11       13  2 12      232230837294713152    29.0   27.0
 1111043.696417 7.142E-30 1.379E-05.03610.333 1590.69070.46-.029480          0 4 1          0 0 0  9  9  0        8  7  1      342230838494713152    19.0   17.0
 1111043.697063 2.143E-29 1.379E-05.03610.333 1590.69010.46-.029470          0 4 1          0 0 0  9  9  1        8  7  2      344223838494713152    57.0   51.0
 1111043.761168 2.280E-30 3.830E-03.04660.216 3083.86520.440.000000          0 0 3          0 0 0 15  4 11       15  4 12      1333308287659336 0    31.0   31.0
 1111043.794876 3.203E-30 4.594E-05.08120.352 2180.64290.69-.000710          0 3 2          0 1 0  7  5  2        7  0  7      332230837294713152    45.0   45.0
 1111043.843068 4.064E-30 1.253E-07.07400.383  661.54890.660.000000          0 5 1          0 0 0  6  1  6        6  3  3      1333308387659336 0    13.0   13.0
 1111043.860406 3.081E-27 6.188E-05.08530.371  602.77350.72-.004220          0 2 2          0 0 0  7  5  3        6  2  4      434223837294713152    15.0   13.0
 1111043.871463 2.847E-29 1.496E-06.05400.278 1114.54990.500.000000         -2 6-2          0 0 0 11  0 11       10  1 10      1333308287659336 0    69.0   63.0
 1111044.027834 5.638E-27 2.007E-02.06990.300 1998.99530.68-.040000          2 0 1          0 0 0 12  7  5       11  5  6      334323838794703152    75.0   69.0
 1111044.203719 7.353E-29 1.828E-03.06360.250 2414.72340.61-.017380          1 0 2          0 0 0 13  6  7       13  3 10      332233837294713155    81.0   81.0
 1111044.278595 2.105E-28 3.128E-02.04410.391 2406.14090.45-.034060          1 1 2          0 1 0  6  6  0        5  5  1      434223837294713152    13.0   11.0
 1111044.278847 6.316E-28 3.128E-02.04420.391 2406.14310.45-.034190          1 1 2          0 1 0  6  6  1        5  5  0      434223837294713152    39.0   33.0
 1111044.580492 4.536E-30 1.323E-04.04640.275 2205.65270.560.000000         -2 0-2          0 0 0 12  8  5       12  4  8      1333308287659336 0    25.0   25.0
 1111044.663694 5.649E-28 6.457E-06.08160.371  648.97870.71-.012370          0 0 3          0 0 0  5  5  1        6  3  4      464223837360713049    33.0   39.0
 1111044.827417 1.617E-29 5.521E-06.02430.333 1411.61150.62-.002110          0 7 0          0 0 0  7  5  2        8  6  3      2322338072947122 9    45.0   51.0
 1111044.838447 1.601E-30 1.068E-02.05020.281 3323.26980.47-.006570          2 1 1          0 1 0 12  5  8       11  3  9      332230837294713152    25.0   23.0
 1111045.025368 5.392E-30 5.524E-06.06340.297 1411.64190.610.000000          0 7 0          0 0 0  7  5  3        8  6  2      1333308287659336 0    15.0   17.0
 1111045.089988 7.179E-30 2.417E-03.04680.231 2739.42850.490.000000          0 0 3          0 0 0 14  5 10       14  3 11      1333308287659336 0    29.0   29.0
 1111045.097519 3.068E-29 1.673E-07.07900.352  586.24350.68-.000340          2 2 0          0 0 0  8  5  4        7  0  7      434223837294713152    51.0   45.0
 1111045.131238 1.150E-30 2.454E-02.02390.315 3526.62490.24-.005920          0 7 0          0 1 0 10  8  2        9  7  3      3322338372947131 9    21.0   19.0
 1111045.132382 3.453E-30 2.456E-02.02400.315 3526.62750.24-.005930          0 7 0          0 1 0 10  8  3        9  7  2      3322338372947131 9    63.0   57.0
 1111045.158433 6.835E-28 2.850E-04.05730.265 1557.84770.57-.023100          3 0 0          0 0 0 12  4  9       12  1 12      334223837260713049    75.0   75.0
 1111045.254586 2.506E-30 9.754E-03.05420.219 3269.53980.440.000000          0 4 1          0 0 0 16  7 10       15  5 11      1433308284659336 0    33.0   31.0
 1111045.290249 2.458E-29 3.975E-06.06970.281 1327.11000.66-.007670          2 0 1          0 0 0 10  6  4       11  0 11      334223838794713152    63.0   69.0
 1111045.337968 1.855E-29 4.334E-07.07550.333  885.60020.69-.000620          1 4 0          0 0 0  8  7  2        8  2  7      444223838494713152    51.0   51.0
 1111045.356566 1.523E-30 1.020E-03.03980.234 2880.83420.490.000000         -2 0-2          0 0 0 14  6  9       14  4 10      1333308287659336 0    29.0   29.0
 1111045.360499 3.217E-24 6.755E-03.08920.473  300.36230.72-.011000          1 0 2          0 0 0  5  3  2        4  2  3      465443831567663159    33.0   27.0
 1111045.410323 4.966E-29 2.822E-06.07870.352  816.69420.71-.012810          2 0 1          0 0 0  7  7  0        7  3  5      434223838794713152    15.0   15.0
 1111045.603195 2.370E-26 6.398E-02.09660.300 1731.89670.74-.011150          0 1 3          0 1 0  4  0  4        3  0  3      7643238372947031 7    27.0   21.0
 1111045.734991 3.582E-31 1.397E-06.04290.259 1774.61630.510.000000          1 2 1          0 0 0 11  7  4       12  1 11      3333308387659336 0    23.0   25.0
 1111045.758755 1.676E-27 9.134E-05.05480.270 1059.83550.55-.033210          1 2 1          0 0 0  8  7  1        7  5  2      434323837294703152    51.0   45.0
 1111045.777348 1.013E-29 9.054E-03.05720.281 3135.76480.54-.035360          2 1 1          0 1 0 12  3  9       11  1 10      334223837294713152    75.0   69.0
 1111045.852255 7.395E-30 1.317E-04.08270.413 2161.28600.680.000000          0 6 1          0 1 0  5  2  4        6  2  5      2333308287659336 0    33.0   39.0
 1111045.910320 3.265E-30 1.487E-04.04260.235 2327.88380.45-.016540          2 0 1          0 0 0 14  5 10       14  1 13      232230838794713152    29.0   29.0
 1111045.947445 5.505E-28 8.993E-05.05710.300 1059.64670.54-.032950          1 2 1          0 0 0  8  7  2        7  5  3      434323837278703152    17.0   15.0
 1111045.949523 2.206E-30 1.060E-06.05630.315 1255.91160.630.000000          0 5 1          0 0 0  7  3  4        8  5  3      2333308287659336 0    15.0   17.0
 1111045.957437 3.267E-29 8.090E-07.08260.352  842.35660.75-.000940          0 7 0          0 0 0  6  4  3        7  3  4      3322338072947131 9    39.0   45.0
 1111046.040604 6.300E-31 4.659E-02.08550.413 3713.08250.680.000000          0 2 3          0 2 0  7  1  6        6  1  5      3333308387659336 0    15.0   13.0
 1111046.102445 4.198E-29 2.181E-04.08640.428 1640.50580.740.000000          0 6 1          0 1 0  1  1  1        1  1  0      2333308287659336 0     9.0    9.0
 1111046.185308 3.430E-27 3.724E-05.08780.300  446.69660.72-.013736          1 2 1          0 0 0  6  6  1        6  0  6      434323837294703110    13.0   13.0
 1111046.246534 4.152E-28 1.743E-05.07370.333 1006.11590.68-.013000          2 0 1          0 0 0  8  7  1        8  3  6      434223838794713152    51.0   51.0
 1111046.431917 3.792E-28 2.492E-02.07180.250 2629.33450.68-.036420          2 0 1          0 0 0 14  7  7       13  5  8      332230838794713152    87.0   81.0
 1111046.507377 2.262E-28 8.179E-07.08800.391  446.51070.74-.005220          1 2 1          0 0 0  6  6  0        5  2  3      434223837294713152    39.0   33.0
 1111046.624683 2.887E-27 2.193E-03.06150.298 1437.96860.55-.006570          3 0 0          0 0 0 11  5  7       10  2  8      334223837260713049    23.0   21.0
 1111046.710943 4.313E-29 4.342E-06.07260.360  982.91170.650.000000          1 5 0          0 0 0  9  1  9        8  2  6      2333308287659336 0    19.0   17.0
 1111046.770229 2.818E-26 8.818E-03.08100.363 1216.23130.69-.020160          0 0 3          0 0 0  9  3  6        9  3  7      3643438373606630 8    19.0   19.0
 1111046.838274 5.527E-30 3.041E-03.03680.216 3080.17870.440.000000         -2 0-2          0 0 0 15  5 11       15  3 12      1333308287659336 0    93.0   93.0
 1111046.933979 1.500E-26 3.114E-03.08670.300 1131.77560.75-.028020          0 0 3          0 0 0  9  2  7        8  4  4      4643238373607030 8    19.0   17.0
 1111047.049794 3.741E-31 3.291E-03.03500.205 3437.27720.370.000000          0 0 3          0 0 0 16  5 12       16  3 13      1333308287659336 0    33.0   33.0
 1111047.153767 2.571E-26 2.792E-04.09310.300  446.69660.72-.015960          1 0 2          0 0 0  6  3  3        6  0  6      4643238372287031 8    13.0   13.0
 1111047.235351 4.990E-28 2.139E-02.04640.274 2300.68500.560.000000         -2 1-2          0 0 0 13  5  8       12  5  7      1333308287659336 0    27.0   25.0
 1111047.287302 6.825E-29 5.014E-03.04310.250 2426.19650.42-.040000          1 0 2          0 0 0 14  3 11       13  4 10      232230837294713152    29.0   27.0
 1111047.346103 7.254E-28 4.014E-03.08680.391 1920.76650.69-.008940          0 1 3          0 1 0  5  2  4        5  0  5      534223837294713152    33.0   33.0
 1111047.614635 1.013E-28 2.264E-03.07950.371 2271.71220.68-.007590          1 1 2          0 1 0  7  4  3        6  3  4      334223837294713152    45.0   39.0
 1111047.747901 4.877E-27 1.092E-04.08130.300  920.16840.70-.020602          1 2 1          0 0 0 10  4  6        9  0  9      334323837294703110    63.0   57.0
 1111047.758290 2.743E-30 1.153E-04.08570.371 2146.26370.72-.007570          3 1 0          0 1 0  6  6  0        6  1  5      332230837294713152    13.0   13.0
 1111047.797483 3.282E-31 5.376E-09.07270.362  586.47920.610.000000          1 4 0          0 0 0  8  6  2        7  1  7      3433308384659336 0    17.0   15.0
 1111047.808851 5.411E-28 4.502E-04.07560.298 1437.96860.69-.016020          1 0 2          0 0 0 10  5  5       10  2  8      3342238372947131 8    21.0   21.0
 1111047.877187 2.115E-28 4.541E-06.08700.352  842.35660.72-.006070          0 8 0          0 0 0  7  0  7        7  3  4      2342438372947131 9    45.0   45.0
 1111047.983925 5.329E-27 5.186E-04.07720.300 1201.92150.69-.012570          1 0 2          0 0 0  9  5  4        9  2  7      3343238372947031 8    57.0   57.0
 1111048.058061 2.684E-28 1.032E-02.03830.298 2471.25500.46-.032210          0 0 3          0 0 0 11  9  3       10  9  2      262230837360713049    69.0   63.0
 1111048.058598 8.609E-29 9.929E-03.03830.298 2471.25500.46-.032240          0 0 3          0 0 0 11  9  2       10  9  1      232230837260713049    23.0   21.0
 1111048.070206 5.147E-30 5.646E-08.08230.352  704.21410.72-.000030          0 4 1          0 0 0  7  7  1        7  1  6      442230838494713152    45.0   45.0
 1111048.298652 1.386E-28 7.195E-05.05810.340 1340.88490.640.000000         -2 2-2          0 0 0 10  7  3        9  4  6      1333308287659336 0    21.0   19.0
 1111048.327717 5.564E-27 3.798E-05.09040.443  275.49700.720.000000          1 5 0          0 0 0  4  0  4        4  1  3      2333308287659336 0     9.0    9.0
 1111048.377039 2.066E-26 1.050E-02.05510.300 1581.33600.51-.027830          2 0 1          0 0 0 11  6  6       10  4  7      3343238387947031 8    69.0   63.0
 1111048.378132 5.149E-30 6.257E-03.03780.267 2972.82740.460.000000          2 2 0          0 0 0 12 11  1       11 10  2      1333308287659336 0    25.0   23.0
 1111048.378154 1.545E-29 6.258E-03.03780.270 2972.82740.410.000000          2 2 0          0 0 0 12 11  2       11 10  1      1333308287659336 0    75.0   69.0
 1111048.420347 1.425E-29 8.848E-04.03220.221 2631.26890.59-.030880          3 0 0          0 0 0 15  4 11       15  1 14      232230837265713049    93.0   93.0
 1111048.479798 1.591E-24 1.505E-02.08330.399  383.84250.69-.017000          1 0 2          0 0 0  5  4  2        4  3  1      456343831567663159    11.0    9.0
 1111048.707508 7.728E-29 5.872E-05.05820.321 1437.96860.590.000000          0 6 0          0 0 0 11  7  5       10  2  8      1333308287659336 0    23.0   21.0
 1111048.749510 5.890E-30 2.955E-07.08150.379  816.69420.670.000000          1 5 0          0 0 0  8  0  8        7  3  5      2333308287659336 0    17.0   15.0
 1111048.879428 3.945E-29 2.114E-06.07160.315 1079.07960.66-.009560          3 0 0          0 0 0  9  6  3        9  1  8      334223837260713049    57.0   57.0
 1111048.904227 7.319E-29 1.315E-03.05880.273 2105.86790.550.000000          1 0 2          0 0 0 12  6  6       12  3  9      1333308287659336 0    25.0   25.0
 1111049.101274 1.919E-29 2.228E-05.05730.281 1525.13600.56-.003520          0 2 2          0 0 0 11  5  7       11  2 10      332233837294713155    23.0   23.0
 1111049.112724 5.265E-28 4.462E-03.08560.371 2042.75330.70-.015520          0 1 3          0 1 0  6  1  5        6  1  6      534223837294713152    39.0   39.0
 1111049.131843 1.247E-30 4.478E-06.03860.259 1774.61630.510.000000          2 2 0          0 0 0 12  6  6       12  1 11      1333308287659336 0    25.0   25.0
 1111049.196520 8.813E-29 2.370E-03.07750.352 2309.73020.65-.006900          0 1 3          0 1 0  7  3  5        7  1  6      534223837294713152    45.0   45.0
 1111049.322311 6.125E-28 1.918E-04.06740.315 1216.23130.64-.012230          2 0 1          0 0 0  9  7  2        9  3  7      334223838794713152    19.0   19.0
 1111049.495486 3.120E-29 3.588E-02.03680.219 3244.60060.440.000000         -2 2-2          0 0 0 16  6 10       15  4 11      1333308287659336 0    99.0   93.0
 1111049.514561 1.628E-27 1.094E-04.06300.315  920.21000.56-.018610          0 2 2          0 0 0 10  2  8        9  1  9      334223837294713152    21.0   19.0
 1111049.517697 4.722E-28 3.340E-06.09410.391  508.81210.74-.014505          0 5 1          0 0 0  4  1  3        5  3  2      4342238372947131 7    27.0   33.0
 1111049.546333 5.317E-30 6.625E-04.06940.371 2399.16550.62-.027820          1 1 2          0 1 0  7  5  3        6  4  2      332230837294713152    15.0   13.0
 1111049.549488 2.732E-30 1.490E-07.06160.352 1059.83550.67-.011380          0 6 0          0 0 0  8  8  1        7  5  2      7322338072947131 9    51.0   45.0
 1111049.562588 6.047E-27 5.037E-02.08430.300 2004.81570.69-.013600          0 1 3          0 1 0  5  3  3        4  3  2      534323837294703152    33.0   27.0
 1111049.651781 8.819E-31 1.442E-07.06800.349 1059.64670.640.000000          0 6 0          0 0 0  8  8  0        7  5  3      2333308287659336 0    17.0   15.0
 1111049.809848 3.535E-29 5.076E-04.08800.352 2180.64290.72-.004390          1 1 2          0 1 0  7  3  4        7  0  7      434223837294713152    45.0   45.0
 1111049.858315 4.295E-24 1.346E-02.07630.372  382.51690.65-.016950          1 0 2          0 0 0  5  4  1        4  3  2      464340831567663136    33.0   27.0
 1111049.894096 5.803E-29 2.440E-03.08510.371 2146.26370.70-.006730          0 1 3          0 1 0  6  3  4        6  1  5      534223837294713152    13.0   13.0
 1111049.923354 3.323E-26 1.041E-04.08620.421  382.51690.730.000000          1 5 0          0 0 0  5  0  5        4  3  2      2333308287659336 0    33.0   27.0
 1111050.158599 2.831E-30 6.210E-05.08010.390 2041.78050.630.000000          1 6 0          0 1 0  7  1  7        6  0  6      1333308287659336 0    15.0   13.0
 1111050.303961 3.816E-29 7.289E-06.04010.298 1114.53220.32-.014220          0 5 1          0 0 0  9  0  9       10  0 10      3322338372947131 9    19.0   21.0
 1111050.397775 3.518E-28 1.273E-06.08770.391  446.51070.72-.005860          0 7 0          0 0 0  6  3  4        5  2  3      3322338072947131 9    39.0   33.0
 1111050.546203 3.227E-29 1.721E-02.06340.352 2724.04140.58-.020260          0 1 3          0 1 0  8  5  4        7  5  3      334223837294713152    17.0   15.0
 1111050.576390 9.818E-31 1.824E-08.07300.362  586.47920.610.000000          2 2 0          0 0 0  7  6  2        7  1  7      4333308387659336 0    15.0   15.0
 1111050.579868 7.813E-28 5.486E-02.07290.391 2251.69530.63-.016340          0 1 3          0 1 0  6  4  3        5  4  2      534223837294713152    13.0   11.0
 1111050.717363 8.682E-28 9.934E-06.08030.407  648.97870.680.000000          1 5 0          0 0 0  5  2  3        6  3  4      2333308287659336 0    33.0   39.0
 1111050.981230 2.288E-28 6.323E-04.06910.265 1962.50690.65-.026020          3 0 0          0 0 0 13  4  9       12  3 10      332230837260713049    81.0   75.0
 1111051.136905 3.174E-29 8.538E-04.08040.352 2309.73020.70-.009080          3 1 0          0 1 0  7  6  1        7  1  6      534223837294713152    45.0   45.0
 1111051.247218 4.007E-27 5.034E-04.07330.298 1293.63410.68-.007730          2 2 0          0 0 0 11  5  6       10  2  9      434223837294713155    69.0   63.0
 1111051.353455 1.346E-28 1.822E-06.08720.391  416.20870.71-.008780          0 0 3          0 0 0  4  4  1        5  2  4      464223837360713049     9.0   11.0
 1111051.363969 1.115E-29 3.873E-07.08370.391  610.11440.68-.016710          0 5 1          0 0 0  4  2  3        5  4  2      3322338372947131 9     9.0   11.0
 1111051.543877 9.214E-29 1.640E-02.06570.352 2724.16710.59-.017570          0 1 3          0 1 0  8  5  3        7  5  2      334223837294713152    51.0   45.0
 1111051.612646 2.312E-27 5.417E-02.07710.391 2251.86250.67-.014060          0 1 3          0 1 0  6  4  2        5  4  1      534223837294713152    39.0   33.0
 1111051.732808 9.857E-27 8.220E-03.02770.149 1394.81420.32-.031180          0 2 2          0 0 0  8  8  0        7  7  1      434423837294703152    17.0   15.0
 1111051.732857 2.957E-26 8.220E-03.03260.149 1394.81420.32-.030000          0 2 2          0 0 0  8  8  1        7  7  0      363341837262703120    51.0   45.0
 1111051.967973 9.614E-28 6.936E-03.04940.281 2144.04630.50-.040000          2 0 1          0 0 0 12  8  4       11  6  5      332230838794713152    75.0   69.0
 1111052.171237 4.188E-27 1.318E-05.08520.371  447.25240.70-.014218          0 2 2          0 0 0  7  4  3        6  1  6      4342238372947131 7    45.0   39.0
 1111052.288558 2.488E-27 6.885E-05.08130.315  920.16840.70-.017020          0 0 3          0 0 0  8  2  6        9  0  9      364223837360713049    51.0   57.0
 1111052.414172 6.388E-29 6.943E-07.07450.390  446.69660.630.000000          0 7 0          0 0 0  6  3  3        6  0  6      2333308287659336 0    13.0   13.0
 1111052.930279 1.117E-28 7.116E-06.04010.298 1114.54990.32-.022775          0 5 1          0 0 0  9  1  9       10  1 10      3342238372947131 9    57.0   63.0
 1111052.958222 3.825E-28 8.868E-03.04120.250 2414.72340.38-.012040          1 0 2          0 0 0 14  4 11       13  3 10      332230837294713152    87.0   81.0
 1111053.099957 1.919E-29 3.289E-03.06720.333 2490.35410.57-.011550          0 1 3          0 1 0  8  3  6        8  1  7      334223837294713152    17.0   17.0
 1111053.174555 3.012E-30 5.616E-04.04120.221 2631.28350.45-.019200          3 0 0          0 0 0 15  5 11       15  2 14      232230837260713049    31.0   31.0
 1111053.194988 3.001E-27 1.289E-05.08650.300  447.25240.70-.008140          0 0 3          0 0 0  5  3  3        6  1  6      464323837360703049    33.0   39.0
 1111053.228072 3.232E-28 3.900E-04.03880.232 1806.67000.400.000000          0 3 1          0 0 0 14 10  4       13  0 13      3343308387789336 0    87.0   81.0
 1111053.282846 2.835E-27 4.793E-03.04490.285 1789.04280.600.000000          1 0 2          0 0 0  9  9  0        8  8  1      3343308387789336 0    57.0   51.0
 1111053.283231 9.451E-28 4.794E-03.02040.285 1789.04280.600.000000          1 0 2          0 0 0  9  9  1        8  8  0      3343308387789336 0    19.0   17.0
 1111053.408288 3.163E-28 6.799E-03.04700.281 2142.59770.47-.040000          2 0 1          0 0 0 12  8  5       11  6  6      332230838794713152    25.0   23.0
 1111053.515245 1.996E-28 1.632E-03.08970.391 2000.86300.71-.006390          0 1 3          0 1 0  5  3  3        5  1  4      534223837294713152    33.0   33.0
 1111053.559451 1.431E-27 3.869E-03.09550.434 1731.89670.73-.004810          1 1 2          0 1 0  4  3  2        3  0  3      5342238372947131 7    27.0   21.0
 1111053.630698 2.896E-27 2.544E-05.09620.451  206.30140.710.000000          1 5 0          0 0 0  2  1  1        3  2  2      2333308287659336 0     5.0    7.0
 1111053.897006 3.366E-30 2.647E-02.05630.315 3320.92980.54-.026360          0 1 3          0 1 0 10  6  5        9  6  4      332230837294713152    21.0   19.0
 1111053.944951 1.497E-27 1.060E-05.07870.382  508.81210.660.000000          1 5 0          0 0 0  4  2  3        5  3  2      2333308287659336 0    27.0   33.0
 1111054.032341 1.240E-26 8.591E-04.08150.300  882.89030.70-.011220          1 0 2          0 0 0  8  4  4        8  1  7      4643238372947031 8    17.0   17.0
 1111054.129082 7.959E-27 2.310E-05.08610.425  325.34790.670.000000          1 5 0          0 0 0  4  1  4        5  0  5      2333308287659336 0    27.0   33.0
 1111054.217956 2.773E-28 2.401E-04.06290.281 1690.66440.60-.010250          3 0 0          0 0 0 11  7  4       11  2  9      332230837260713049    69.0   69.0
 1111054.305850 9.572E-28 2.013E-06.06990.412  300.36230.60-.006150          0 7 0          0 0 0  5  3  2        4  2  3      234223827294713155    33.0   27.0
 1111054.341284 6.245E-27 4.440E-03.04790.300 1631.38300.47-.025260          0 2 2          0 0 0 10  7  4        9  6  3      334323837294703152    63.0   57.0
 1111054.541058 2.086E-27 4.446E-03.06690.319 1631.24550.620.000000          0 2 2          0 0 0 10  7  3        9  6  4      1333308287659336 0    21.0   19.0
 1111054.549347 1.268E-30 1.053E-02.02420.205 3437.27720.370.000000          1 2 1          0 0 0 17  5 12       16  3 13      1333308287659336 0    35.0   33.0
 1111054.570805 4.128E-27 1.552E-03.06670.298 1293.01810.60-.029840          2 0 1          0 0 0 11  3  8       10  1  9      434223838794713152    23.0   21.0
 1111054.605877 4.275E-27 4.165E-04.07350.315 1201.92150.67-.010220          3 0 0          0 0 0  9  7  2        9  2  7      334223837260713049    57.0   57.0
 1111054.617879 1.189E-29 4.116E-03.06090.298 2904.42840.56-.028980          0 1 3          0 1 0 10  2  8       10  2  9      334223837294713152    63.0   63.0
 1111054.703060 9.891E-30 2.594E-02.05780.315 3321.01330.55-.023810          0 1 3          0 1 0 10  6  4        9  6  3      332230837294713152    63.0   57.0
 1111054.732646 1.358E-27 2.913E-05.08170.352  586.47920.68-.009340          0 0 3          0 0 0  6  3  4        7  1  7      464223837360713049    13.0   15.0
 1111054.764318 8.109E-31 1.585E-05.05640.273 2105.86790.550.000000          0 2 2          0 0 0 11  8  4       12  3  9      1333308287659336 0    23.0   25.0
 1111054.770163 1.276E-26 5.278E-02.09060.300 1819.33510.75-.015780          0 1 3          0 1 0  4  2  2        3  2  1      5643238372257031 7    27.0   21.0
 1111054.785579 9.123E-29 1.293E-06.08150.352  782.40980.70-.000780          0 2 2          0 0 0  8  5  4        7  2  5      432230837294713152    51.0   45.0
 1111054.801782 3.161E-27 4.755E-05.08250.371  542.90580.69-.000340          2 0 1          0 0 0  7  5  2        6  1  5      434223838794713152    15.0   13.0
 1111054.824931 1.928E-27 4.848E-02.08900.412 2005.91700.72-.011250          0 1 3          0 1 0  5  3  2        4  3  1      534223837294713152    11.0    9.0
 1111054.930439 8.720E-30 3.511E-04.08270.352 2392.59250.70-.004680          1 1 2          0 1 0  7  5  2        7  2  5      432230837294713152    45.0   45.0
 1111055.148402 3.051E-27 3.438E-04.08010.333  982.91170.69-.013500          1 0 2          0 0 0  8  5  3        8  2  6      4342238372947131 8    17.0   17.0
 1111055.170341 2.078E-26 7.111E-02.08420.300 1821.59680.69-.015400          0 1 3          0 1 0  5  1  5        4  1  4      6643238372257031 7    33.0   27.0
 1111055.285604 1.849E-29 1.553E-07.08030.407  648.97870.680.000000          1 5 0          0 0 0  7  0  7        6  3  4      4333308387659336 0    45.0   39.0
 1111055.306024 1.861E-30 8.868E-08.05680.333 1006.11590.57-.000640          0 7 0          0 0 0  7  4  3        8  3  6      232233807294713155    45.0   51.0
 1111055.416789 5.055E-30 1.461E-06.06250.298 1446.12820.61-.008660          2 0 1          0 0 0 10  7  3       10  3  8      332230838794713152    63.0   63.0
 1111055.436433 8.350E-29 1.305E-05.08230.333 1050.15770.73-.011350          1 2 1          0 0 0  8  7  2        8  3  5      434223837294713152    17.0   17.0
 1111055.471245 1.291E-23 6.937E-02.10420.504    0.00000.75-.013600          0 0 3          0 0 0  1  0  1        0  0  0      465240837367713036     3.0    1.0
 1111055.506589 2.604E-28 2.282E-06.09070.391  326.62550.71-.007070          0 0 3          0 0 0  4  3  2        5  1  5      464223837360713049     9.0   11.0
 1111055.664087 7.378E-30 1.060E-07.08660.406  503.96810.690.000000          1 5 0          0 0 0  6  0  6        5  3  3      2333308287659336 0    13.0   11.0
 1111055.937265 2.292E-30 1.359E-05.09890.434 1772.41340.74-.003990          1 6 0          0 1 0  2  2  1        3  1  2      332233837294713155    15.0   21.0
 1111056.006389 6.785E-28 8.587E-03.04790.265 2275.37290.45-.030360          2 0 1          0 0 0 13  7  7       12  5  8      334223838794713152    81.0   75.0
 1111056.023177 5.436E-30 2.475E-06.05410.308 1293.01810.550.000000          1 5 0          0 0 0  9  2  8       10  1  9      2333308287659336 0    19.0   21.0
 1111056.148446 3.549E-24 1.632E-02.10110.464  142.27850.75-.012690          0 0 3          0 0 0  3  1  2        3  1  3      4653438373676630 7     7.0    7.0
 1111056.400458 9.869E-28 7.998E-04.04810.333 1411.64190.52-.040000          2 0 1          0 0 0  9  8  1        8  6  2      334223838794713152    19.0   17.0
 1111056.400983 3.046E-30 3.625E-05.05210.250 2246.88480.54-.004300          1 0 2          0 0 0 12  7  6       13  2 11      332230837294713152    75.0   81.0
 1111056.401764 1.032E-27 8.600E-04.06860.298 1437.96860.64-.009730          3 0 0          0 0 0 10  7  3       10  2  8      334223837260713049    21.0   21.0
 1111056.430758 2.955E-27 7.982E-04.04790.260 1411.61150.52-.040000          2 0 1          0 0 0  9  8  2        8  6  3      434423838794703152    57.0   51.0
 1111056.606212 1.203E-30 3.797E-04.02850.231 2739.42850.490.000000          2 2 0          0 0 0 15  6 10       14  3 11      1333308287659336 0    31.0   29.0
 1111056.793834 3.319E-30 3.427E-03.05320.298 2903.14600.48-.023640          0 1 3          0 1 0 10  3  8       10  1  9      332230837294713152    21.0   21.0
 1111056.822053 2.889E-28 4.910E-04.04020.315 1810.58790.46-.040000          2 0 1          0 0 0 10  9  1        9  7  2      334223838794713152    63.0   57.0
 1111056.826713 9.631E-29 4.911E-04.04020.315 1810.58330.46-.040000          2 0 1          0 0 0 10  9  2        9  7  3      334223838794713152    21.0   19.0
 1111056.844187 2.695E-28 4.490E-03.05210.265 2105.86790.48-.005620          1 0 2          0 0 0 13  4 10       12  3  9      332230837294713152    27.0   25.0
 1111056.855454 9.006E-26 4.416E-04.07420.356  508.81210.73-.017000          3 0 0          0 0 0  6  6  1        5  3  2      424441831562663020    39.0   33.0
 1111056.922067 3.112E-30 3.859E-05.02850.213 2073.51500.440.000000          2 2 0          0 0 0 15  3 13       14  0 14      1333308287659336 0    31.0   29.0
 1111057.077411 3.955E-31 4.875E-07.07090.332 1474.98080.630.000000          1 3 1          0 0 0  8  1  8        9  5  5      3333308387659336 0    17.0   19.0
 1111057.224698 2.129E-28 3.449E-05.06830.315 1080.38540.64-.005470          2 0 1          0 0 0  9  6  3        9  2  8      334223838794713152    19.0   19.0
 1111057.514237 1.414E-27 1.419E-02.06410.303 1985.78490.590.000000          2 0 1          0 0 0 12  7  6       11  5  7      1333308287659336 0    25.0   23.0
 1111057.540088 1.961E-24 1.192E-02.08970.447  552.91140.72-.013550          0 0 3          0 0 0  6  2  4        6  2  5      4654438373676630 7    39.0   39.0
 1111057.653396 2.240E-30 9.565E-05.03170.221 2327.88380.460.000000          0 6 0          0 0 0 15  6 10       14  1 13      1333308287659336 0    31.0   29.0
 1111057.671497 5.297E-30 1.335E-03.07150.315 2818.39810.62-.004800          0 1 3          0 1 0  9  4  6        9  2  7      332230837294713152    57.0   57.0
 1111058.074895 6.812E-27 6.857E-02.09000.300 1817.45120.71-.010000          0 1 3          0 1 0  5  0  5        4  0  4      534323837294703152    11.0    9.0
 1111058.098678 4.384E-29 8.828E-07.08420.371  602.77350.71-.008050          0 7 0          0 0 0  7  3  5        6  2  4      4322338372947131 9    15.0   13.0
 1111058.208564 1.440E-28 3.650E-03.07950.371 2041.78050.65-.011920          0 1 3          0 1 0  6  2  5        6  0  6      532230837294713152    13.0   13.0
 1111058.357442 1.444E-29 2.195E-04.08640.428 1634.96710.740.000000          0 6 1          0 1 0  1  1  0        1  1  1      2333308287659336 0     3.0    3.0
 1111058.486499 3.016E-27 2.476E-02.04620.265 1960.20740.43-.019400          3 0 0          0 0 0 13  5  9       12  2 10      334223837260713049    27.0   25.0
 1111058.546793 1.065E-28 3.647E-04.08610.412 1821.59680.68-.002810          0 9 0          0 1 0  5  0  5        4  1  4      334233837294713155    33.0   27.0
 1111058.775350 4.090E-30 1.037E-04.08260.371 2041.78050.66-.000440          1 6 0          0 1 0  6  1  5        6  0  6      334223837294713152    13.0   13.0
 1111058.803079 1.217E-24 1.914E-02.05740.338  488.13420.55-.023000          1 0 2          0 0 0  5  5  1        4  4  0      467341837262663120    11.0    9.0
 1111058.819153 3.629E-24 1.903E-02.06460.296  488.10770.54-.028240          1 0 2          0 0 0  5  5  0        4  4  1      465543837258703152    33.0   27.0
 1111058.849444 5.491E-28 1.342E-03.06050.299 1695.06860.560.000000          0 2 2          0 0 0 12  4  8       11  3  9      1333308287659336 0    25.0   23.0
 1111059.010762 3.318E-28 1.387E-04.06310.265 1557.84770.61-.028030          2 0 1          0 0 0 12  3  9       12  1 12      334223838794713152    75.0   75.0
 1111059.140769 4.159E-31 6.503E-08.06880.352 1050.15770.650.000000          0 6 0          0 0 0  8  8  0        8  3  5      2333308287659336 0    17.0   17.0
 1111059.198729 1.550E-29 2.198E-07.07380.379  782.40980.670.000000          0 7 0          0 0 0  8  3  6        7  2  5      2333308287659336 0    51.0   45.0
 1111059.201518 3.434E-27 4.584E-05.07600.333  744.16270.65-.011070          0 0 3          0 0 0  7  3  5        8  1  8      464223837360713049    45.0   51.0
 1111059.302837 2.535E-30 6.380E-05.09140.412 2005.91690.72-.014380          0 6 1          0 1 0  5  1  4        4  3  1      2322338072947131 9    11.0    9.0
 1111059.328152 1.499E-29 1.130E-04.08640.428 1664.96460.740.000000          0 6 1          0 1 0  3  0  3        2  0  2      2333308287659336 0     7.0    5.0
 1111059.457150 3.440E-29 1.295E-05.05700.308 1293.01810.550.000000          1 4 0          0 0 0 11  6  6       10  1  9      2433308284659336 0    23.0   21.0
 1111059.537016 1.478E-29 2.787E-03.02850.213 2872.27430.430.000000          2 2 0          0 0 0 16  5 12       15  2 13      1333308287659336 0    99.0   93.0
 1111059.579351 1.813E-27 2.045E-04.08010.333  982.91170.71-.009780          3 0 0          0 0 0  8  7  1        8  2  6      434223837260713049    17.0   17.0
 1111059.627410 1.400E-26 4.536E-05.10050.390   70.09080.75-.009840          1 0 2          0 0 0  3  3  1        2  0  2      444443832794703110     7.0    5.0
 1111059.641660 4.768E-26 3.209E-03.05670.551  920.21000.52-.020000          2 0 1          0 0 0 10  3  8        9  1  9      334343838725663120    21.0   19.0
 1111059.671971 7.447E-30 1.500E-07.08460.371  602.77350.72-.002330          1 2 1          0 0 0  7  6  1        6  2  4      434223837294713152    15.0   13.0
 1111059.676909 6.497E-30 1.942E-05.05140.265 1962.50690.51-.001250          0 2 2          0 0 0 12  6  7       12  3 10      332233837294713155    75.0   75.0
 1111059.787962 4.140E-30 3.991E-05.06440.265 1960.20740.63-.006880          0 0 3          0 0 0 11  6  5       12  2 10      362230837360713049    23.0   25.0
 1111059.829790 7.683E-26 9.667E-03.05440.384 1293.63410.48-.010000          2 0 1          0 0 0 11  4  8       10  2  9      434443838728663120    69.0   63.0
 1111059.903732 4.936E-29 8.054E-04.09400.412 1875.46970.73-.005450          0 1 3          0 1 0  4  3  2        4  1  3      534223837294713152     9.0    9.0
 1111060.096310 1.191E-26 6.209E-02.08780.300 1908.01630.70-.018050          0 1 3          0 1 0  5  2  4        4  2  3      5643238372947031 7    33.0   27.0
 1111060.149125 2.495E-26 7.216E-03.07270.321 1446.12820.60-.025110          0 0 3          0 0 0 10  3  7       10  3  8      3643438373286630 8    63.0   63.0
 1111060.189309 3.406E-30 2.797E-05.04640.268 1960.20740.530.000000         -2 4-2          0 0 0 13  0 13       12  2 10      1333308287659336 0    27.0   25.0
 1111060.220549 1.429E-28 1.194E-02.05630.271 2437.50190.550.000000          1 2 1          0 0 0 13  8  5       12  6  6      1333308287659336 0    27.0   25.0
 1111060.240182 4.280E-31 7.344E-05.07270.355 2490.35410.630.000000          3 1 0          0 1 0  8  6  2        8  1  7      3333308387659336 0    17.0   17.0
 1111060.290779 5.630E-28 8.855E-04.06960.281 1813.22340.64-.012120          1 0 2          0 0 0 11  6  5       11  3  8      3342238372947131 8    69.0   69.0
 1111060.306339 1.268E-28 7.857E-07.08120.352  586.24350.69-.000710          0 2 2          0 0 0  7  5  2        7  0  7      434223837294713152    45.0   45.0
 1111060.329490 1.091E-29 3.813E-02.03680.221 3472.88130.420.000000         -2 0-2          0 0 0 16  8  8       15  6  9      1333308287659336 0    99.0   93.0
 1111060.390812 9.232E-26 2.071E-03.05740.400  920.16840.56-.017000          2 0 1          0 0 0 10  2  8        9  0  9      334341838762663120    63.0   57.0
 1111060.484860 3.721E-29 4.045E-03.06060.235 2746.02350.57-.024910          3 0 0          0 0 0 15  5 10       14  4 11      232230837260713049    93.0   87.0
 1111060.489241 4.104E-29 4.765E-07.08490.391  610.34120.70-.010700          0 5 1          0 0 0  4  2  2        5  4  1      4342238372947131 7    27.0   33.0
 1111060.505284 2.880E-29 4.102E-04.02850.221 2327.91400.460.000000          2 2 0          0 0 0 15  3 12       14  2 13      1333308287659336 0    93.0   87.0
 1111060.710210 1.164E-28 4.220E-04.03100.250 1806.67150.29-.019870          1 2 1          0 0 0 14  3 12       13  1 13      332230837294713152    29.0   27.0
 1111060.832093 2.391E-30 8.536E-06.06240.297 1998.99530.590.000000          1 5 0          0 0 0 12  2 11       11  5  6      1333308287659336 0    75.0   69.0
 1111061.053735 1.901E-29 2.544E-03.05910.315 2688.07990.52-.017290          0 1 3          0 1 0  9  3  7        9  1  8      334223837294713152    57.0   57.0
 1111061.222279 4.395E-27 8.495E-05.08640.428   37.13710.740.000000          1 5 0          0 0 0  0  0  0        1  1  1      2333308287659336 0     1.0    3.0
 1111061.334073 3.286E-29 1.293E-02.03490.281 2740.42080.40-.032050          0 0 3          0 0 0 12  9  4       11  9  3      232230837260713049    25.0   23.0
 1111061.337086 1.024E-28 1.343E-02.03490.281 2740.42090.40-.032090          0 0 3          0 0 0 12  9  3       11  9  2      262230837360713049    75.0   69.0
 1111061.511867 1.821E-28 7.862E-07.09280.412  222.05280.73-.004510          3 0 0          0 0 0  5  5  1        4  0  4      434223837260713049    11.0    9.0
 1111061.577027 1.126E-28 4.278E-04.06410.250 2042.31060.64-.021082          0 4 1          0 0 0 14  5  9       13  1 12      344223838494713110    87.0   81.0
 1111061.579198 1.898E-27 2.106E-05.09040.424  416.20870.700.000000          1 5 0          0 0 0  5  1  5        5  2  4      2333308287659336 0    11.0   11.0
 1111061.670783 2.283E-26 4.075E-05.09620.451  173.36580.710.000000          1 5 0          0 0 0  3  0  3        3  1  2      2333308287659336 0    21.0   21.0
 1111061.741982 1.641E-26 2.360E-04.08050.300  503.96810.71-.017480          3 0 0          0 0 0  6  6  0        5  3  3      4643238372607030 8    13.0   11.0
 1111061.797311 4.383E-29 9.231E-06.07860.315 1360.23530.74-.019620          1 2 1          0 0 0  9  8  2        9  4  5      334223837294713152    57.0   57.0
 1111062.061161 1.941E-26 6.400E-02.09520.300 1772.41340.75-.017000          0 1 3          0 1 0  4  1  3        3  1  2      764323837225703159    27.0   21.0
 1111062.141782 8.260E-30 2.178E-06.06490.335 1131.77560.640.000000          1 5 0          0 0 0  7  3  5        8  4  4      2333308287659336 0    15.0   17.0
 1111062.189818 2.495E-27 3.611E-03.06240.300 1813.22340.56-.002300          1 0 2          0 0 0 12  4  9       11  3  8      334323837294703152    75.0   69.0
 1111062.229976 1.987E-30 4.843E-05.04850.333 2337.66680.40-.008320          1 6 0          0 1 0  9  0  9        8  1  8      332230837294713152    57.0   51.0
 1111062.280731 2.561E-29 5.871E-08.09520.412  224.83840.73-.005550          0 0 3          0 0 0  3  3  1        4  1  4      464223837360713049    21.0   27.0
 1111062.404984 4.618E-30 1.664E-03.05400.298 2705.09690.51-.023790          3 1 0          0 1 0 11  3  9       10  0 10      332230837294713152    23.0   21.0
 1111062.590806 2.964E-30 1.906E-06.07150.340 1340.88490.640.000000          1 5 0          0 0 0  8  3  5        9  4  6      1333308287659336 0    17.0   19.0
 1111062.630091 1.918E-28 5.446E-05.06200.315 1216.23130.57-.006720          2 2 0          0 0 0 10  6  4        9  3  7      234223807294713152    21.0   19.0
 1111062.678106 1.795E-29 2.253E-05.05380.265 1557.84440.54-.015570          2 0 1          0 0 0 12  4  9       12  0 12      334223838794713152    25.0   25.0
 1111063.151752 6.535E-30 8.562E-05.07810.371 2161.28600.67-.001050          0 3 2          0 1 0  7  5  2        6  2  5      332230837294713152    45.0   39.0
 1111063.346840 1.733E-30 8.160E-03.04540.262 3266.76450.350.000000          2 2 0          0 0 0 13 11  3       12 10  2      1333308287659336 0    27.0   25.0
 1111063.347042 5.197E-30 8.156E-03.04540.263 3266.76440.430.000000          2 2 0          0 0 0 13 11  2       12 10  3      1333308287659336 0    81.0   75.0
 1111063.461771 1.840E-27 8.942E-05.05980.300 1079.07960.54-.004410          0 2 2          0 0 0 10  4  7        9  1  8      334323837294703155    63.0   57.0
 1111063.551839 3.180E-27 2.986E-05.08190.300  416.20870.69-.002440          0 2 2          0 0 0  6  5  1        5  2  4      434323837294703152    13.0   11.0
 1111063.596423 2.128E-30 2.770E-05.08280.391 2130.49430.73-.013230          3 1 0          0 1 0  6  6  1        5  3  2      432230837294713152    39.0   33.0
 1111063.656281 4.179E-28 1.144E-02.04540.265 2433.80040.45-.040000          2 0 1          0 0 0 13  8  6       12  6  7      332230838794713152    81.0   75.0
 1111063.891131 1.246E-30 3.655E-03.05080.281 3136.41250.48-.031400          0 1 3          0 1 0 11  2  9       11  2 10      332230837294713152    23.0   23.0
 1111063.983446 4.892E-30 4.930E-05.08780.452 1817.45120.690.000000          0 8 0          0 1 0  5  3  3        4  0  4      2333308287659336 0    11.0    9.0
 1111064.102230 3.349E-30 4.254E-05.07050.362 2180.64290.610.000000          1 6 0          0 1 0  8  1  8        7  0  7      2333308287659336 0    51.0   45.0
 1111064.154662 3.355E-27 3.500E-05.08640.428  136.16390.740.000000          1 5 0          0 0 0  1  1  1        2  2  0      2333308287659336 0     3.0    5.0
 1111064.177318 4.342E-28 8.314E-05.07340.298 1114.53220.66-.021770          0 0 3          0 0 0  9  2  7       10  0 10      364223837360713049    19.0   21.0
 1111064.354013 1.528E-28 1.869E-02.05410.250 2756.41530.54-.040000          2 0 1          0 0 0 14  8  6       13  6  7      232230838794713152    87.0   81.0
 1111064.367957 2.910E-30 2.020E-07.07620.333  882.89030.69-.001130          0 4 1          0 0 0  8  7  2        8  1  7      442233838494713155    17.0   17.0
 1111064.479207 5.426E-28 2.066E-04.05640.333 1255.91160.56-.035020          1 2 1          0 0 0  9  7  2        8  5  3      434233837294713152    19.0   17.0
 1111064.742315 3.234E-28 3.462E-06.10010.412  315.77950.75-.012655          0 5 1          0 0 0  3  0  3        4  2  2      3342238372947131 7     7.0    9.0
 1111064.770863 8.607E-29 3.726E-03.07720.352 2181.08990.65-.019800          0 1 3          0 1 0  7  1  6        7  1  7      534223837294713152    15.0   15.0
 1111064.787787 1.487E-29 2.731E-02.03980.236 3101.44100.460.000000         -2 0-2          0 0 0 15  8  7       14  6  8      1333308287659336 0    31.0   29.0
 1111065.146434 2.334E-24 1.146E-02.08470.397  508.81210.71-.017820          1 0 2          0 0 0  6  4  3        5  3  2      4654438315676631 7    39.0   33.0
 1111065.224063 1.570E-27 1.985E-04.07230.300 1255.16680.54-.032840          1 2 1          0 0 0  9  7  3        8  5  4      434333837265703152    57.0   51.0
 1111065.363864 4.068E-28 3.577E-02.05160.371 2552.85720.49-.032720          1 1 2          0 1 0  7  6  1        6  5  2      334223837294713152    45.0   39.0
 1111065.367876 1.361E-28 3.590E-02.05190.371 2552.87970.49-.032990          1 1 2          0 1 0  7  6  2        6  5  1      334223837294713152    15.0   13.0
 1111065.406309 6.650E-31 1.768E-06.06220.299 1695.06860.560.000000          2 0 1          0 0 0 11  7  4       11  3  9      3333308387659336 0    23.0   23.0
 1111065.411841 4.202E-30 1.414E-04.09040.424 2024.15260.700.000000          0 6 1          0 1 0  4  2  3        5  2  4      1333308287659336 0     9.0   11.0
 1111065.552440 1.891E-27 1.641E-03.07460.281 1690.66440.69-.005510          1 0 2          0 0 0 11  5  6       11  2  9      3342238372947131 8    69.0   69.0
 1111065.554931 1.515E-29 1.908E-06.06710.298 1293.63410.61-.018340          0 2 2          0 0 0 11  3  8       10  2  9      332230837294713152    69.0   63.0
 1111065.651782 1.751E-30 4.852E-06.04010.265 1962.50690.41-.019870          0 5 1          0 0 0 13  1 13       12  3 10      3322338372947131 9    81.0   75.0
 1111065.658589 2.013E-30 4.315E-07.06890.349 1059.64670.640.000000          0 5 1          0 0 0  6  3  4        7  5  3      2333308287659336 0    13.0   15.0
 1111065.684522 7.135E-28 5.939E-05.06960.315  920.21000.61-.013770          0 0 3          0 0 0  8  3  6        9  1  9      364223837360713049    17.0   19.0
 1111065.734667 3.658E-30 3.567E-03.04590.281 3135.76480.43-.027950          0 1 3          0 1 0 11  3  9       11  1 10      332230837294713152    69.0   69.0
 1111065.737374 1.487E-29 1.267E-03.07410.352 2572.13920.67-.027270          1 1 2          0 1 0  8  5  4        7  4  3      334223837294713152    51.0   45.0
 1111066.012966 1.844E-29 1.637E-04.04640.268 1960.20740.530.000000         -2 3-2          0 0 0 12  7  5       12  2 10      1333308287659336 0    25.0   25.0
 1111066.072035 7.483E-28 5.974E-04.05500.281 1690.66440.51-.010280          3 0 0          0 0 0 12  5  8       11  2  9      334223837260713049    75.0   69.0
 1111066.147149 4.575E-30 4.612E-05.09270.412 1817.45120.73-.004480          3 1 0          0 1 0  5  5  1        4  0  4      432230837294713152    11.0    9.0
 1111066.175089 6.266E-27 1.533E-02.05020.300 1695.06860.47-.006570          2 0 1          0 0 0 12  5  8       11  3  9      334323838794703152    25.0   23.0
 1111066.267825 1.160E-30 2.477E-02.05400.292 3770.71130.610.000000         -2 7-2          0 1 0 11  8  3       10  7  4      1333308287659336 0    69.0   63.0
 1111066.269719 3.875E-31 2.482E-02.05400.281 3770.72440.580.000000         -2 7-2          0 1 0 11  8  4       10  7  3      1333308287659336 0    23.0   21.0
 1111066.358188 3.331E-30 9.554E-04.08050.333 2595.81290.69-.005870          0 1 3          0 1 0  8  4  5        8  2  6      332230837294713152    17.0   17.0
 1111066.377293 2.573E-30 1.062E-03.05450.333 2919.63290.54-.032840          1 3 1          0 1 0  9  7  3        8  5  4      332230807294713152    57.0   51.0
 1111066.379345 1.694E-28 3.805E-06.05800.315  920.16840.52-.008990          0 2 2          0 0 0 10  3  8        9  0  9      334223837294713152    63.0   57.0
 1111066.593350 4.301E-27 1.286E-04.07620.300  709.60820.66-.010370          3 0 0          0 0 0  8  5  3        7  2  6      434323837260703049    17.0   15.0
 1111066.668614 2.958E-29 9.597E-08.07890.428   70.09080.740.000000          0 7 0          0 0 0  3  3  1        2  0  2      2333308287659336 0     7.0    5.0
 1111066.799023 3.609E-27 5.139E-02.08080.391 1922.82900.65-.015640          0 1 3          0 1 0  6  1  6        5  1  5      534223837294713152    13.0   11.0
 1111067.209092 3.844E-29 2.446E-02.03430.371 2733.96290.37-.038230          1 1 2          0 1 0  7  7  1        6  6  0      334223837294713152    15.0   13.0
 1111067.209272 1.153E-28 2.446E-02.03420.371 2733.96270.37-.038200          1 1 2          0 1 0  7  7  0        6  6  1      334223837294713152    45.0   39.0
 1111067.306164 1.450E-29 6.458E-04.04300.255 2533.79320.520.000000         -2 1-2          0 0 0 13  6  8       13  4  9      1333308287659336 0    81.0   81.0
 1111067.317066 1.242E-28 1.671E-03.03390.315 2009.80500.47-.040000          2 0 1          0 0 0 10 10  1        9  8  2      334223838794713152    21.0   19.0
 1111067.317832 3.715E-28 1.666E-03.03390.315 2009.80510.47-.040000          2 0 1          0 0 0 10 10  0        9  8  1      334223838794713152    63.0   57.0
 1111067.359203 2.346E-27 1.179E-02.05130.281 1843.02960.47-.016010          2 0 1          0 0 0 12  6  7       11  4  8      334223838794713152    25.0   23.0
 1111067.434688 6.226E-29 2.642E-04.09700.434 1772.41340.74-.005150          0 1 3          0 1 0  3  3  1        3  1  2      434223837294713152    21.0   21.0
 1111067.507822 3.310E-29 7.910E-05.07470.281 1899.00820.70-.014230          0 4 1          0 0 0 11  8  4       11  4  7      344223838494713152    69.0   69.0
 1111067.537269 2.975E-26 7.985E-04.08150.300  661.54890.74-.013740          3 0 0          0 0 0  7  6  2        6  3  3      4643238372287030 8    15.0   13.0
 1111067.543469 2.221E-27 2.756E-03.06930.298 1538.14950.60-.007110          1 0 2          0 0 0 11  4  8       10  3  7      334223837294713152    23.0   21.0
 1111067.564025 5.560E-27 8.951E-05.08510.352  782.40980.73-.009380          3 0 0          0 0 0  7  7  0        7  2  5      434223837260713049    45.0   45.0
 1111067.614296 3.401E-29 1.303E-03.07990.391 2126.40770.71-.013640          3 1 0          0 1 0  6  6  0        5  3  3      334223837294713152    13.0   11.0
 1111067.668458 1.151E-28 4.866E-03.03330.235 2551.48350.31-.003280          1 2 1          0 0 0 15  5 11       14  3 12      532230807294713152    93.0   87.0
 1111068.031021 4.100E-29 1.693E-02.06400.333 2919.63300.58-.021160          0 1 3          0 1 0  9  5  5        8  5  4      334223837294713152    57.0   51.0
 1111068.124805 9.202E-30 1.190E-07.09710.434  285.21930.74-.017030          0 5 1          0 0 0  2  1  2        3  3  1      4322338372947131 9     5.0    7.0
 1111068.266317 1.130E-30 1.834E-07.07020.315 1080.38540.67-.000810          1 4 0          0 0 0  9  7  3        9  2  8      342233838494713155    19.0   19.0
 1111068.307778 8.666E-28 5.291E-03.07060.265 2124.95140.65-.011560          0 2 2          0 0 0 13  5  8       12  4  9      232233807294713155    81.0   75.0
 1111068.457573 5.320E-25 7.770E-04.09890.493  224.83840.74-.010000          1 0 2          0 0 0  5  2  3        4  1  4      456541831562663120    33.0   27.0
 1111068.503462 9.208E-28 2.287E-05.07770.315  920.16840.69-.010400          3 0 0          0 0 0  9  5  4        9  0  9      334223837260713049    57.0   57.0
 1111068.530583 2.770E-30 3.332E-04.05740.298 2705.13960.54-.026200          3 1 0          0 1 0 11  2  9       10  1 10      332230807294713152    69.0   63.0
 1111068.532426 1.855E-29 1.875E-06.07780.333  982.91170.68-.005510          0 2 2          0 0 0  9  5  5        8  2  6      434223837294713155    19.0   17.0
 1111068.646053 1.254E-28 1.913E-03.04110.298 2054.36870.46-.039550          2 0 1          0 0 0 11  9  2       10  7  3      334223838794713152    23.0   21.0
 1111068.649565 5.267E-28 7.088E-03.03910.315 2009.80500.44-.032590          0 0 3          0 0 0 10  8  3        9  8  2      364223837360713049    21.0   19.0
 1111068.651547 1.581E-27 7.092E-03.03910.315 2009.80510.44-.032590          0 0 3          0 0 0 10  8  2        9  8  1      364223837360713049    63.0   57.0
 1111068.669534 3.763E-28 1.914E-03.05180.298 2054.34520.45-.039520          2 0 1          0 0 0 11  9  3       10  7  4      334223838778713152    69.0   63.0
 1111068.900237 7.651E-29 1.141E-06.09370.412  383.84250.72-.012340          0 5 1          0 0 0  3  1  2        4  3  1      4342238372947131 7     7.0    9.0
 1111069.031658 1.425E-25 2.082E-04.09180.432  224.83840.73-.012000          2 0 1          0 0 0  5  5  1        4  1  4      434443838794663110    33.0   27.0
 1111069.068320 6.624E-28 1.378E-05.08660.406  503.96810.690.000000          1 5 0          0 0 0  4  2  2        5  3  3      2333308287659336 0     9.0   11.0
 1111069.166724 1.403E-29 1.840E-04.08770.371 2161.28600.72-.005370          1 1 2          0 1 0  7  3  4        6  2  5      434223837294713152    45.0   39.0
 1111069.218483 6.661E-30 4.767E-07.07200.352 1059.83550.64-.002300          0 5 1          0 0 0  6  3  3        7  5  2      332233837294713155    39.0   45.0
 1111069.377627 1.655E-28 8.066E-05.05760.281 1327.11760.54-.022560          0 0 3          0 0 0 10  3  8       11  1 11      364223837360713049    21.0   23.0
 1111069.445717 1.631E-23 6.315E-02.09870.523   37.13710.75-.011850          0 0 3          0 0 0  2  1  2        1  1  1      465340837367663036     5.0    3.0
 1111069.477595 2.730E-29 1.127E-05.06640.298 1293.01810.62-.013740          3 0 0          0 0 0 10  6  4       10  1  9      434223837260713049    21.0   21.0
 1111069.635610 1.277E-28 4.040E-02.06090.235 2739.42860.56-.018090          2 0 1          0 0 0 15  5 10       14  3 11      232230808794713152    31.0   29.0
 1111069.739742 1.520E-26 7.146E-02.07680.452 1920.76650.64-.011820          0 1 3          0 1 0  6  0  6        5  0  5      764423837225703159    39.0   33.0
 1111069.750102 1.522E-27 5.833E-02.08210.391 2126.40770.68-.015040          0 1 3          0 1 0  6  3  4        5  3  3      534223837294713152    13.0   11.0
 1111069.753520 9.687E-27 1.560E-04.08270.300  782.40980.70-.004680          1 0 2          0 0 0  7  5  2        7  2  5      434343837294703152    45.0   45.0
 1111069.910364 4.904E-29 7.506E-06.02330.352 1216.19450.65-.002980          0 7 0          0 0 0  6  5  2        7  6  1      3342538372947122 9    39.0   45.0
 1111069.917954 1.635E-29 7.508E-06.02420.352 1216.18980.65-.003590          0 7 0          0 0 0  6  5  1        7  6  2      3322338372947122 9    13.0   15.0
 1111070.144506 3.238E-29 3.080E-05.06210.281 1690.66440.59-.007920          0 0 3          0 0 0 10  6  4       11  2  9      364223837360713049    63.0   69.0
 1111070.169175 1.911E-29 7.145E-05.08640.428 1677.06140.740.000000          0 6 1          0 1 0  2  1  1        2  1  2      2333308287659336 0    15.0   15.0
 1111070.253212 3.563E-30 2.797E-02.05650.298 3564.70500.55-.028900          0 1 3          0 1 0 11  6  6       10  6  5      332230837294713152    69.0   63.0
 1111070.419727 1.618E-29 4.674E-08.08790.391  399.45750.73-.009786          2 2 0          0 0 0  6  6  1        5  1  4      4342238372947131 9    39.0   33.0
 1111070.481956 8.799E-28 9.433E-04.06230.281 1525.13600.59-.029410          3 0 0          0 0 0 12  3  9       11  2 10      232230837260713049    25.0   23.0
 1111070.523956 2.094E-29 7.969E-05.03390.242 2042.31060.450.000000          0 7 0          0 0 0 14  2 13       13  1 12      1333308287659336 0    87.0   81.0
 1111070.597697 1.228E-29 1.526E-02.06810.333 2920.13200.61-.017260          0 1 3          0 1 0  9  5  4        8  5  3      234223807294713152    19.0   17.0
 1111070.740604 1.696E-28 8.658E-05.05400.323 1581.33600.620.000000         -2 2-2          0 0 0 11  7  4       10  4  7      1333308287659336 0    69.0   63.0
 1111070.753648 6.259E-25 9.016E-03.07870.377  503.96810.66-.016310          1 0 2          0 0 0  6  4  2        5  3  3      4654438315676631 7    13.0   11.0
 1111070.758899 2.111E-28 3.043E-03.07260.352 2180.64290.61-.015860          0 1 3          0 1 0  7  2  6        7  0  7      534223837294713152    45.0   45.0
 1111070.895758 2.289E-27 6.093E-03.07290.300 1695.06860.68-.028050          0 0 3          0 0 0 11  3  8       11  3  9      364323837360703049    23.0   23.0
 1111070.942751 9.374E-29 2.905E-06.04680.383  661.54890.660.000000          0 8 0          0 0 0  6  0  6        6  3  3      2333308287659336 0    13.0   13.0
 1111071.062842 2.332E-29 1.539E-04.05290.265 2124.95140.54-.017280          2 0 1          0 0 0 12  8  4       12  4  9      332230838794713152    75.0   75.0
 1111071.321056 3.394E-30 2.407E-04.07270.250 2629.33450.72-.033180          2 0 1          0 0 0 13  9  5       13  5  8      232230838794713152    81.0   81.0
 1111071.349049 1.375E-28 1.498E-02.04010.231 2746.02350.490.000000          1 2 1          0 0 0 15  6 10       14  4 11      1333308287659336 0    93.0   87.0
 1111071.515039 2.377E-30 9.090E-05.08510.352 2181.08990.71-.008480          3 1 0          0 1 0  8  4  4        7  1  7      332230837294713152    17.0   15.0
 1111071.525923 3.374E-30 2.674E-04.05100.253 2426.19650.510.000000          1 2 1          0 0 0 13  8  5       13  4 10      1333308287659336 0    27.0   27.0
 1111071.526417 1.769E-26 1.481E-02.04160.175 1394.81420.47-.021310          0 0 3          0 0 0  8  7  2        7  7  1      364423837360703059    17.0   15.0
 1111071.528728 5.308E-26 1.481E-02.05370.246 1394.81420.47-.028000          0 0 3          0 0 0  8  7  1        7  7  0      364343837325663020    51.0   45.0
 1111071.536126 2.273E-30 6.143E-03.04600.281 3136.41250.43-.016870          2 1 1          0 1 0 12  4  9       11  2 10      332230837294713152    25.0   23.0
 1111071.581673 3.442E-28 9.558E-06.04880.315  920.16840.40-.020245          0 5 1          0 0 0  8  0  8        9  0  9      3342238372947131 9    51.0   57.0
 1111071.690968 1.057E-30 1.423E-04.08230.379 2439.95450.670.000000          1 1 2          0 1 0  8  4  4        7  3  5      3333308387659336 0    17.0   15.0
 1111071.781090 6.960E-29 4.185E-06.06650.328 1079.07960.600.000000          1 5 0          0 0 0  8  2  7        9  1  8      1333308287659336 0    51.0   57.0
 1111071.803874 3.401E-30 1.297E-06.06150.315 1255.91160.630.000000          0 6 0          0 0 0  9  8  2        8  5  3      2333308287659336 0    19.0   17.0
 1111071.839989 1.078E-28 1.734E-02.05810.255 2586.52970.520.000000          2 0 1          0 0 0 14  7  8       13  5  9      1333308287659336 0    29.0   27.0
 1111071.906969 5.655E-24 1.010E-02.09740.530  224.83840.74-.015650          0 0 3          0 0 0  4  1  3        4  1  4      465440837367663036    27.0   27.0
 1111071.916902 1.444E-26 1.893E-03.07960.315 1282.91910.70-.017080          3 0 0          0 0 0 10  6  5        9  3  6      4642238372607130 8    63.0   57.0
 1111071.958994 1.185E-26 4.101E-05.10060.456  134.90160.75-.006300          1 5 0          0 0 0  1  1  0        2  2  1      462230837294713152     9.0   15.0
 1111072.072274 8.365E-27 4.296E-05.08640.428   95.17590.740.000000          1 5 0          0 0 0  2  0  2        2  1  1      2333308287659336 0     5.0    5.0
 1111072.215246 4.906E-31 2.282E-05.04640.274 2300.68500.560.000000         -2 4-2          0 0 0 12  8  4       12  5  7      1333308287659336 0    25.0   25.0
 1111072.223603 5.393E-27 3.489E-03.03470.300 1590.69010.37-.030480          0 2 2          0 0 0  9  8  1        8  7  2      334323837294703152    57.0   51.0
 1111072.225170 1.801E-27 3.495E-03.03470.300 1590.69070.37-.030510          0 2 2          0 0 0  9  8  2        8  7  1      334323837294703152    19.0   17.0
 1111072.279171 2.703E-30 1.565E-04.08610.371 2211.19060.72-.007770          1 1 2          0 1 0  6  5  1        6  2  4      332230837294713152    13.0   13.0
 1111072.289676 1.338E-28 2.885E-06.08420.352  842.35660.75-.013110          1 2 1          0 0 0  7  7  1        7  3  4      434223837294713152    45.0   45.0
 1111072.357281 3.438E-30 2.265E-07.07380.379  816.69420.670.000000          0 7 0          0 0 0  6  4  2        7  3  5      2333308287659336 0    13.0   15.0
 1111072.362428 1.474E-27 6.124E-02.07260.371 2398.38150.63-.016980          0 1 3          0 1 0  7  4  4        6  4  3      534223837294713152    45.0   39.0
 1111072.457708 1.113E-30 2.626E-02.05840.298 3565.00350.55-.022690          0 1 3          0 1 0 11  6  5       10  6  4      332230837294713152    23.0   21.0
 1111072.493269 3.615E-31 3.288E-03.03480.259 3386.05230.510.000000          0 1 3          0 1 0 12  3 10       12  1 11      3333308387659336 0    25.0   25.0
 1111072.549103 1.063E-29 1.346E-06.06740.335 1255.16680.640.000000          0 6 0          0 0 0  9  8  1        8  5  4      2333308287659336 0    57.0   51.0
 1111072.574264 1.062E-29 1.226E-02.04490.221 3244.60060.43-.002520          1 0 2          0 0 0 16  5 12       15  4 11      332230837294713152    99.0   93.0
 1111072.778287 4.907E-29 1.732E-02.06110.256 2748.09960.530.000000          1 2 1          0 0 0 14  8  7       13  6  8      1333308287659336 0    29.0   27.0
 1111072.864451 2.601E-25 8.827E-03.08420.418  709.60820.70-.029000          0 0 3          0 0 0  7  2  5        7  2  6      464441837325663020    15.0   15.0
 1111072.951709 7.741E-28 1.101E-05.08090.352  782.40980.70-.002490          1 2 1          0 0 0  8  6  2        7  2  5      434223837294713155    51.0   45.0
 1111073.040498 4.840E-26 9.210E-04.08530.346  842.35660.74-.006000          3 0 0          0 0 0  8  6  3        7  3  4      424343831560663059    51.0   45.0
 1111073.117735 7.473E-30 1.021E-05.06750.265 1557.84440.66-.005780          2 0 1          0 0 0 11  6  5       12  0 12      332230838794713152    23.0   25.0
 1111073.118643 7.319E-28 4.684E-03.06100.292 1875.46180.610.000000          0 2 2          0 0 0 11  7  5       10  6  4      1333308287659336 0    23.0   21.0
 1111073.128655 1.380E-29 7.544E-05.05870.281 1843.02960.59-.020510          2 0 1          0 0 0 11  8  3       11  4  8      334223838794713152    23.0   23.0
 1111073.266599 2.800E-29 1.199E-03.03030.235 2327.88380.29-.029250          1 2 1          0 0 0 15  3 12       14  1 13      232230837294713152    31.0   29.0
 1111073.355963 1.403E-30 2.625E-04.02480.209 2631.28350.420.000000          2 0 1          0 0 0 15  4 11       15  2 14      1333308287659336 0    31.0   31.0
 1111073.496188 2.990E-30 3.600E-04.05850.298 2705.13960.59-.006110          0 7 0          0 1 0 11  4  7       10  1 10      332233837294713155    69.0   63.0
 1111073.548027 3.075E-29 1.550E-02.03700.265 3032.68980.43-.035880          0 0 3          0 0 0 13  9  5       12  9  4      262230837360713049    81.0   75.0
 1111073.665949 9.706E-30 1.468E-02.04480.263 3032.69040.430.000000          0 0 3          0 0 0 13  7  6       12  9  3      1333308287659336 0    27.0   25.0
 1111073.848168 2.125E-27 4.523E-03.06570.298 1874.97300.48-.030320          0 2 2          0 0 0 11  7  4       10  6  5      232230837265713152    69.0   63.0
 1111073.861686 5.876E-28 9.553E-05.06480.281 1327.11000.61-.025810          0 0 3          0 0 0 10  2  8       11  0 11      364223837360713049    63.0   69.0
 1111073.918549 9.734E-28 6.224E-05.06310.298 1114.54990.57-.017180          0 0 3          0 0 0  9  3  7       10  1 10      364223837360713049    57.0   63.0
 1111073.922932 1.561E-27 2.226E-02.09180.391 1922.82900.72-.006970          1 1 2          0 1 0  6  2  4        5  1  5      534223837294713152    13.0   11.0
 1111074.019009 5.150E-30 1.364E-04.08620.421 1922.90110.730.000000          0 6 1          0 1 0  3  2  1        4  2  2      1333308287659336 0     7.0    9.0
 1111074.094692 9.316E-27 1.307E-03.08390.300 1050.15770.73-.013600          3 0 0          0 0 0  9  6  4        8  3  5      434323837260703049    19.0   17.0
 1111074.296864 2.088E-27 1.490E-03.04560.315 1631.38300.49-.023520          0 4 1          0 0 0 10  8  2        9  6  3      344223838494713152    63.0   57.0
 1111074.433316 6.912E-28 1.479E-03.04510.315 1631.24550.48-.023290          0 4 1          0 0 0 10  8  3        9  6  4      344223838494713152    21.0   19.0
 1111074.479986 1.196E-30 9.159E-03.04470.265 3592.42390.42-.010730          2 1 1          0 1 0 13  5  9       12  3 10      232230807294713152    81.0   75.0
 1111074.686677 4.768E-31 9.820E-06.08610.425 1922.82900.670.000000          1 6 0          0 1 0  4  2  2        5  1  5      2333308287659336 0     9.0   11.0
 1111074.712383 6.030E-31 1.183E-05.06110.273 2105.86790.550.000000          0 0 3          0 0 0 11  7  4       12  3  9      3333308387659336 0    23.0   25.0
 1111074.745826 3.402E-30 3.963E-04.04400.235 2746.02350.46-.011860          2 0 1          0 0 0 14  8  6       14  4 11      232230838794713152    87.0   87.0
 1111075.000260 3.367E-30 1.500E-06.05910.281 1327.11760.57-.005000          0 2 2          0 0 0 11  4  8       11  1 11      332230837294713152    23.0   23.0
 1111075.173797 9.931E-28 1.261E-02.05440.265 2275.37290.50-.004440          0 2 2          0 0 0 13  6  7       12  5  8      232230837294713152    81.0   75.0
 1111075.488790 4.786E-28 5.992E-02.08040.371 2399.16550.70-.013050          0 1 3          0 1 0  7  4  3        6  4  2      334223837294713152    15.0   13.0
 1111075.794414 1.085E-29 1.365E-05.07550.265 1557.84440.70-.002910          2 2 0          0 0 0 12  5  7       12  0 12      332233837294713155    25.0   25.0
 1111075.836448 2.657E-27 6.201E-02.08310.391 2024.15260.67-.015270          0 1 3          0 1 0  6  2  5        5  2  4      532230837294713152    13.0   11.0
 1111075.925256 1.080E-28 9.006E-06.04870.315  920.21000.40-.022730          0 5 1          0 0 0  8  1  8        9  1  9      2322338372947131 9    17.0   19.0
 1111076.092240 3.616E-28 2.247E-06.08260.352  586.24350.70-.016568          1 2 1          0 0 0  7  6  2        7  0  7      434223837294713110    45.0   45.0
 1111076.178903 6.690E-23 8.102E-02.10070.480   23.79440.76-.007000          0 0 3          0 0 0  2  0  2        1  0  1      465243837367713059    15.0    9.0
 1111076.243351 7.278E-29 4.233E-07.09090.391  508.81210.72-.014850          0 5 1          0 0 0  5  1  5        5  3  2      3322338072947131 9    33.0   33.0
 1111076.249659 6.755E-30 1.575E-06.07840.333 1131.77560.74-.012080          0 4 1          0 0 0  8  8  1        8  4  4      442230838494713152    17.0   17.0
 1111076.388719 2.583E-30 1.030E-02.03780.270 3216.19320.410.000000          2 2 0          0 0 0 12 12  0       11 11  1      1333308287659336 0    25.0   23.0
 1111076.388778 7.749E-30 1.030E-02.05080.280 3216.19320.340.000000          2 2 0          0 0 0 12 12  1       11 11  0      1333308287659336 0    75.0   69.0
 1111076.403234 2.152E-28 5.023E-03.08520.391 2024.15260.67-.006450          1 6 0          0 1 0  6  1  5        5  2  4      334233837294713152    13.0   11.0
 1111076.673156 6.396E-26 6.021E-04.08400.444  416.20870.71-.012150          1 2 1          0 0 0  6  6  1        5  2  4      424443831594703110    13.0   11.0
 1111076.791708 5.358E-29 2.999E-05.06450.298 1581.33600.64-.022690          2 0 1          0 0 0 10  8  2       10  4  7      334223838794713152    63.0   63.0
 1111076.935995 1.431E-24 1.154E-02.06680.314  610.34120.59-.029000          1 0 2          0 0 0  6  5  2        5  4  1      464341831525663120    39.0   33.0
 1111077.078027 1.717E-30 1.072E-04.03900.221 2631.26890.42-.017190          2 0 1          0 0 0 15  5 11       15  1 14      232230838794713152    93.0   93.0
 1111077.086888 4.606E-25 1.113E-02.06780.315  610.11440.57-.023300          1 0 2          0 0 0  6  5  1        5  4  2      4543438315256631 7    13.0   11.0
 1111077.486030 1.820E-30 6.576E-04.05340.298 2705.09690.49-.028470          2 1 1          0 1 0 11  2  9       10  0 10      332230837294713152    23.0   21.0
 1111077.641615 3.034E-25 2.856E-03.08820.446  416.20870.72-.012000          1 0 2          0 0 0  6  3  3        5  2  4      444441831525663120    13.0   11.0
 1111077.655582 1.599E-30 1.136E-04.08420.371 2282.58960.74-.013670          3 1 0          0 1 0  7  6  2        6  3  3      432230837294713152    15.0   13.0
 1111077.764526 3.563E-28 3.170E-03.04670.265 1960.20740.43-.020200          0 0 3          0 0 0 12  4  9       12  2 10      364223837360713049    25.0   25.0
 1111077.787486 3.803E-28 5.177E-04.07240.298 1538.14950.64-.002730          1 0 2          0 0 0 10  6  4       10  3  7      334223837294713152    21.0   21.0
 1111077.825523 3.178E-25 8.546E-03.08350.421  661.54890.72-.012020          1 0 2          0 0 0  7  4  4        6  3  3      4444438315556631 7    15.0   13.0
 1111077.924694 1.223E-27 3.668E-03.05720.265 1962.50690.54-.028460          0 0 3          0 0 0 12  3  9       12  3 10      364223837360713049    75.0   75.0
 1111078.093644 5.109E-28 1.440E-03.10520.480 1618.55710.76-.003200          0 1 3          0 1 0  2  2  0        1  0  1      4342238372947131 7    15.0    9.0
 1111078.134920 2.147E-26 1.156E-03.08040.300 1079.07960.70-.014000          1 0 2          0 0 0  9  4  5        9  1  8      364323837294703159    57.0   57.0
 1111078.151354 1.418E-29 5.734E-04.08420.352 2392.59250.70-.008320          0 1 3          0 1 0  7  4  4        7  2  5      534223837294713152    45.0   45.0
 1111078.158264 2.337E-26 8.351E-03.05040.270 1524.84790.48-.027240          3 0 0          0 0 0 12  4  9       11  1 10      364443837260703049    75.0   69.0
 1111078.211251 3.506E-27 2.386E-05.09170.452  222.05280.690.000000          1 5 0          0 0 0  3  1  3        4  0  4      2333308287659336 0     7.0    9.0
 1111078.253287 2.725E-29 2.231E-03.06530.333 2337.46330.56-.020580          0 1 3          0 1 0  8  2  7        8  0  8      334223837294713152    17.0   17.0
 1111078.271468 1.820E-28 1.359E-05.07600.315  920.21000.68-.004280          2 0 1          0 0 0  9  5  4        9  1  9      334223838794713152    19.0   19.0
 1111078.558163 1.174E-28 3.208E-03.06700.333 2337.66680.58-.022960          0 1 3          0 1 0  8  1  7        8  1  8      534223837294713152    51.0   51.0
 1111078.670361 2.076E-30 1.121E-05.09170.452 1821.59680.690.000000          1 6 0          0 1 0  3  2  1        4  1  4      1333308287659336 0    21.0   27.0
 1111078.766191 2.459E-28 3.400E-05.06420.298 1293.63410.61-.005110          2 0 1          0 0 0 10  6  4       10  2  9      434223838794713152    63.0   63.0
 1111078.822125 2.232E-30 8.902E-03.03340.270 3216.19320.410.000000          0 4 1          0 0 0 12 11  2       11 11  1      1433308284659336 0    25.0   23.0
 1111078.822270 6.695E-30 8.901E-03.03340.280 3216.19320.340.000000          0 4 1          0 0 0 12 11  1       11 11  0      1433308284659336 0    75.0   69.0
 1111078.828650 1.015E-28 1.367E-03.03470.298 2254.28380.43-.040000          2 0 1          0 0 0 11 10  2       10  8  3      334223838794713152    69.0   63.0
 1111078.828663 3.369E-29 1.361E-03.03470.298 2254.28450.43-.040000          2 0 1          0 0 0 11 10  1       10  8  2      334223838794713152    23.0   21.0
 1111078.835984 4.840E-27 6.484E-02.09670.427 1875.46970.74-.009180          0 1 3          0 1 0  5  1  4        4  1  3      534423837294703152    11.0    9.0
 1111078.993945 3.999E-30 2.418E-03.07830.333 2771.69010.71-.025840          1 1 2          0 1 0  9  5  5        8  4  4      332230837294713152    19.0   17.0
 1111078.994624 2.588E-28 4.454E-03.04100.281 2321.90570.44-.039180          2 0 1          0 0 0 12  9  3       11  7  4      332230838794713152    75.0   69.0
 1111079.077342 2.016E-26 4.456E-05.08640.428   42.37170.740.000000          1 5 0          0 0 0  1  0  1        1  1  0      2333308287659336 0     9.0    9.0
 1111079.087104 8.618E-29 4.447E-03.05890.281 2321.81310.44-.039060          2 0 1          0 0 0 12  9  4       11  7  5      332230838765713152    25.0   23.0
 1111079.114702 7.945E-27 2.051E-05.09040.443  300.36230.720.000000          1 5 0          0 0 0  4  1  4        4  2  3      2333308287659336 0    27.0   27.0
 1111079.116379 1.312E-29 1.085E-07.08520.412  488.10770.70-.009230          0 5 1          0 0 0  3  2  2        4  4  1      4322338372947131 9    21.0   27.0
 1111079.476362 5.540E-27 2.929E-04.05740.300 1114.54990.54-.026100          3 0 0          0 0 0 11  2  9       10  1 10      334323837260703049    69.0   63.0
 1111079.540298 8.870E-31 2.962E-05.04520.248 2248.06450.480.000000          0 2 2          0 0 0 13  6  8       13  3 11      1333308287659336 0    27.0   27.0
 1111079.794008 2.072E-30 4.280E-02.03780.207 3623.76500.380.000000          2 0 1          0 0 0 17 14  3       16  4 12      1333308287659336 0    35.0   33.0
 1111079.862926 8.847E-30 7.246E-04.07780.333 2337.46330.68-.000820          0 3 2          0 1 0  8  5  3        8  0  8      332230837294713152    17.0   17.0
 1111079.929088 9.880E-27 7.297E-02.07270.300 2042.75330.60-.019680          0 1 3          0 1 0  7  1  7        6  1  6      534323837294703152    45.0   39.0
 1111079.944526 3.567E-27 6.019E-02.09810.412 1922.90110.75-.009740          0 1 3          0 1 0  5  2  3        4  2  2      534223837294713152    11.0    9.0
 1111080.062298 3.278E-30 1.111E-03.03980.231 2739.42850.490.000000         -2 0-2          0 0 0 14  7  8       14  3 11      1333308287659336 0    29.0   29.0
 1111080.146966 1.174E-29 4.307E-07.06580.383  661.54890.660.000000          0 7 0          0 0 0  5  4  2        6  3  3      2333308287659336 0    11.0   13.0
 1111080.195059 4.656E-23 6.176E-02.10130.480   42.37170.77-.018060          0 0 3          0 0 0  2  1  1        1  1  0      465243837367713059    15.0    9.0
 1111080.209640 5.575E-31 5.781E-04.05760.308 2903.14600.550.000000          1 1 2          0 1 0 10  4  6       10  1  9      3333308387659336 0    21.0   21.0
 1111080.227582 1.359E-25 6.239E-03.04410.391  742.07300.45-.034060          1 0 2          0 0 0  6  6  0        5  5  1      464243837294713152    13.0   11.0
 1111080.243936 2.838E-25 4.343E-03.05120.300  742.07630.45-.025080          1 0 2          0 0 0  6  6  1        5  5  0      4243438315257031 7    39.0   33.0
 1111080.423727 2.244E-27 3.698E-05.08530.352  586.47920.71-.008570          3 0 0          0 0 0  8  4  4        7  1  7      434223837260713049    17.0   15.0
 1111080.462013 2.238E-28 2.915E-04.05850.250 1806.67000.59-.026740          3 0 0          0 0 0 13  3 10       13  0 13      334223837260713049    81.0   81.0
 1111080.516241 5.247E-28 1.574E-03.05290.265 1962.50690.54-.007270          2 0 1          0 0 0 12  7  5       12  3 10      334223838794713152    75.0   75.0
 1111080.529392 1.732E-26 1.461E-04.07520.383  648.97870.69-.015110          3 0 0          0 0 0  7  6  1        6  3  4      4643238372286630 8    45.0   39.0
 1111080.692655 4.275E-29 2.421E-02.03980.236 3084.83570.480.000000         -2 0-2          0 0 0 15  8  8       14  6  9      1333308287659336 0    93.0   87.0
 1111080.695803 1.643E-28 1.022E-06.05440.352  586.24350.46-.009968          0 7 0          0 0 0  7  3  4        7  0  7      3342238372947131 8    45.0   45.0
 1111080.858817 3.343E-27 7.374E-02.07200.371 2041.78050.59-.019170          0 1 3          0 1 0  7  0  7        6  0  6      534223837294713152    15.0   13.0
 1111081.147644 1.497E-29 8.640E-06.06880.315 1340.88490.68-.018470          1 2 1          0 0 0  9  8  1        9  4  6      334223837294713152    19.0   19.0
 1111081.301501 1.411E-28 1.562E-03.04100.250 2246.88480.39-.025830          0 0 3          0 0 0 13  4 10       13  2 11      364223837360713049    81.0   81.0
 1111081.330223 6.479E-29 1.622E-03.05010.250 2414.72340.46-.012180          0 0 3          0 0 0 13  5  9       13  3 10      364223837360713049    81.0   81.0
 1111081.357779 5.085E-29 1.382E-04.09580.434 1731.89670.73-.000010          0 6 1          0 1 0  4  0  4        3  0  3      3322338372947131 9    27.0   21.0
 1111081.390017 2.429E-28 1.108E-04.05250.265 1557.84770.52-.022750          0 0 3          0 0 0 11  3  9       12  1 12      364223837360713049    69.0   75.0
 1111081.416648 4.284E-27 5.594E-02.09080.300 2130.49430.74-.010750          0 1 3          0 1 0  6  3  3        5  3  2      534323837294703152    39.0   33.0
 1111081.475554 9.754E-28 3.295E-04.05850.315 1477.29740.57-.039000          1 2 1          0 0 0 10  7  3        9  5  4      334223837294713152    63.0   57.0
 1111081.496563 1.038E-26 1.011E-04.07830.300  704.21410.68-.016890          2 0 1          0 0 0  8  5  3        7  1  6      4343238387947031 8    51.0   45.0
 1111081.579308 2.455E-29 1.040E-03.03340.227 2551.48350.480.000000          1 4 0          0 0 0 15  6  9       14  3 12      1433308284659336 0    93.0   87.0
 1111081.670905 9.218E-30 1.111E-03.05050.298 2705.13960.47-.019650          2 1 1          0 1 0 11  3  9       10  1 10      332230837294713152    69.0   63.0
 1111081.690192 7.351E-30 5.885E-06.04960.299 1690.66440.560.000000          0 6 0          0 0 0 12  7  6       11  2  9      1333308287659336 0    75.0   69.0
 1111081.873861 7.290E-29 9.979E-05.05510.265 1557.84440.54-.028480          0 0 3          0 0 0 11  2  9       12  0 12      364223837360713049    23.0   25.0
 1111082.074272 8.666E-26 5.014E-03.08990.228 1045.05800.51-.020120          0 0 3          0 0 0  7  6  2        6  6  1      464423837358703049    45.0   39.0
 1111082.074384 4.919E-31 5.708E-05.03450.278 2471.25500.480.000000          2 0 1          0 0 0 11 11  0       10  9  1      3333308387659336 0    23.0   21.0
 1111082.074395 1.476E-30 5.709E-05.02930.298 2471.25500.43-.040000          2 0 1          0 0 0 11 11  1       10  9  2      332230838794713152    69.0   63.0
 1111082.087252 2.885E-26 5.008E-03.04370.283 1045.05830.51-.017000          0 0 3          0 0 0  7  6  1        6  6  0      464341837329663020    15.0   13.0
 1111082.203461 4.102E-26 2.552E-04.09150.497  586.24350.72-.019480          1 0 2          0 0 0  7  3  4        7  0  7      4243438315286631 8    45.0   45.0
 1111082.363514 4.837E-30 1.201E-07.07500.373  488.13420.680.000000          0 5 1          0 0 0  3  2  1        4  4  0      4333308387659336 0     7.0    9.0
 1111082.637379 6.983E-28 9.409E-03.06080.281 2254.28380.580.000000          0 0 3          0 0 0 11  8  4       10  8  3      1333308287659336 0    69.0   63.0
 1111082.651498 2.328E-28 9.411E-03.05380.275 2254.28450.530.000000          0 0 3          0 0 0 11  8  3       10  8  2      1333308287659336 0    23.0   21.0
 1111082.767851 7.142E-30 1.393E-03.06580.333 2764.69740.58-.015120          1 1 2          0 1 0  9  5  4        8  4  5      332230837294713152    57.0   51.0
 1111082.902020 1.736E-28 1.636E-06.08640.424  416.20870.700.000000          0 7 0          0 0 0  6  3  3        5  2  4      2333308287659336 0    13.0   11.0
 1111082.916911 9.089E-30 5.731E-03.04980.234 2880.83420.490.000000          1 0 2          0 0 0 15  5 11       14  4 10      1333308287659336 0    31.0   29.0
 1111083.161031 1.325E-28 4.427E-03.05340.250 2248.06450.55-.037020          0 0 3          0 0 0 13  3 10       13  3 11      262230837360713049    27.0   27.0
 1111083.179829 5.029E-25 2.291E-03.10370.461   70.09080.75-.007320          0 0 3          0 0 0  2  2  1        2  0  2      4644438373676630 7     5.0    5.0
 1111083.319489 4.052E-30 1.326E-02.06270.315 3139.47580.58-.022980          0 1 3          0 1 0 10  5  6        9  5  5      332230837294713152    21.0   19.0
 1111083.492655 5.156E-30 3.027E-04.02850.209 2631.26890.420.000000          2 2 0          0 0 0 16  4 13       15  1 14      1333308287659336 0    99.0   93.0
 1111083.528970 5.352E-30 6.331E-08.07840.333  744.16270.69-.002940          2 2 0          0 0 0  8  6  3        8  1  8      432230837294713152    51.0   51.0
 1111083.796578 3.025E-28 3.033E-04.05400.315 1474.98080.53-.032250          1 2 1          0 0 0 10  7  4        9  5  5      334223837294713152    21.0   19.0
 1111084.113986 3.886E-30 1.514E-05.05010.297 1998.99530.590.000000         -2 6-2          0 0 0 11  8  3       11  5  6      1333308287659336 0    69.0   69.0
 1111084.427826 3.476E-27 8.114E-05.08610.371  602.77350.72-.007770          1 0 2          0 0 0  6  5  1        6  2  4      434223837294713152    13.0   13.0
 1111084.450752 1.912E-30 3.113E-07.05140.315 1080.38540.45-.014630          0 5 1          0 0 0  9  0  9        9  2  8      3322338372947131 9    19.0   19.0
 1111084.628869 2.410E-30 1.572E-02.05770.253 3347.78050.460.000000          0 0 3          0 0 0 14  9  6       13  9  5      2333308387659336 0    29.0   27.0
 1111084.659373 7.642E-30 1.662E-02.03830.250 3347.78330.45-.039690          0 0 3          0 0 0 14  9  5       13  9  4      262230807360713049    87.0   81.0
 1111084.752080 2.199E-29 2.651E-05.05300.265 1774.75110.53-.025144          0 2 2          0 0 0 12  5  8       12  2 11      334223837294713110    75.0   75.0
 1111084.857580 6.804E-29 2.661E-04.05080.250 1806.67150.53-.021000          3 0 0          0 0 0 13  4 10       13  1 13      232230837260713049    27.0   27.0
 1111084.997003 1.765E-28 1.785E-03.09100.412 1817.45120.72-.010880          1 1 2          0 1 0  5  3  3        4  0  4      5342238372947131 7    11.0    9.0
 1111085.045436 9.482E-30 1.796E-03.03770.221 2872.27430.38-.039090          1 2 1          0 0 0 16  4 12       15  2 13      332230837294713152    99.0   93.0
 1111085.195559 4.622E-28 1.747E-04.07310.298 1293.01810.68-.023964          1 2 1          0 0 0 11  5  6       10  1  9      434223837294713110    23.0   21.0
 1111085.202236 7.567E-31 6.349E-04.02740.200 2952.38660.310.000000          3 0 0          0 0 0 16  4 12       16  1 15      1333308287659336 0    33.0   33.0
 1111085.316678 2.055E-29 1.531E-06.07410.333 1122.70850.72-.010980          0 4 1          0 0 0  8  8  0        8  4  5      444223838494713152    51.0   51.0
 1111085.596462 3.508E-25 6.691E-03.08510.445  842.35660.72-.020970          1 0 2          0 0 0  8  4  5        7  3  4      4644238372947031 7    51.0   45.0
 1111085.608421 7.419E-29 3.983E-02.05460.352 2724.04140.51-.029800          1 1 2          0 1 0  8  6  2        7  5  3      334223837294713152    17.0   15.0
 1111085.629250 2.260E-28 4.047E-02.05530.352 2724.16710.52-.030260          1 1 2          0 1 0  8  6  3        7  5  2      334223837294713152    51.0   45.0
 1111085.701527 8.495E-29 3.852E-03.05270.235 2551.48350.58-.040000          0 0 3          0 0 0 14  3 11       14  3 12      262230837360713049    87.0   87.0
 1111085.768750 1.254E-27 1.876E-05.08050.395  383.84250.710.000000          1 5 0          0 0 0  3  2  2        4  3  1      2333308287659336 0     7.0    9.0
 1111085.777033 3.039E-24 4.560E-03.10110.522  136.76170.73-.009540          0 0 3          0 0 0  3  2  2        3  0  3      4653438373676630 7    21.0   21.0
 1111085.847015 6.168E-31 9.624E-03.04490.264 3512.40490.240.000000          2 2 0          0 0 0 13 12  2       12 11  1      1333308287659336 0    27.0   25.0
 1111085.847022 1.850E-30 9.621E-03.04540.262 3512.40490.350.000000          2 2 0          0 0 0 13 12  1       12 11  2      1333308287659336 0    81.0   75.0
 1111085.850566 1.456E-26 2.476E-02.03510.350 1789.04280.27-.021540          0 2 2          0 0 0  9  9  0        8  8  1      3644238372287031 8    57.0   51.0
 1111085.850604 4.855E-27 2.477E-02.02310.300 1789.04280.27-.030940          0 2 2          0 0 0  9  9  1        8  8  0      334323837294703152    19.0   17.0
 1111085.954374 2.192E-28 2.429E-03.05630.250 2246.88480.56-.012390          3 0 0          0 0 0 13  7  6       13  2 11      332230837260713049    81.0   81.0
 1111086.074316 3.987E-30 3.195E-06.04870.281 1690.66440.47-.008100          0 5 1          0 0 0 12  0 12       11  2  9      3322338372947131 9    75.0   69.0
 1111086.189590 8.250E-27 1.310E-03.05360.300 1114.53220.50-.022180          3 0 0          0 0 0 11  3  9       10  0 10      334323837260703049    23.0   21.0
 1111086.325019 3.619E-27 4.224E-06.09550.300  136.76170.73-.004810          1 0 2          0 0 0  4  3  2        3  0  3      4343238372947031 7    27.0   21.0
 1111086.363426 1.251E-29 6.748E-07.07050.315 1079.07960.67-.002260          0 4 1          0 0 0  9  7  3        9  1  8      342233838494713155    57.0   57.0
 1111086.495570 6.833E-31 2.620E-05.07270.362 2181.08990.610.000000          1 5 0          0 1 0  8  6  2        7  1  7      1333308287659336 0    17.0   15.0
 1111086.560910 2.710E-29 3.676E-03.03970.227 2550.88250.480.000000          0 0 3          0 0 0 14  4 11       14  2 12      1333308287659336 0    29.0   29.0
 1111086.574917 1.531E-30 5.013E-03.07040.332 3139.47580.630.000000          1 3 1          0 1 0 10  7  4        9  5  5      3333308387659336 0    21.0   19.0
 1111086.623780 3.238E-30 3.187E-03.03530.208 3211.21260.40-.040000          0 0 3          0 0 0 16  3 13       16  3 14      362230837360713049    99.0   99.0
 1111086.678051 3.975E-29 3.358E-06.07060.352 1122.70850.650.000000          1 5 0          0 0 0  7  3  4        8  4  5      2333308287659336 0    45.0   51.0
 1111086.842437 1.703E-29 1.402E-04.08970.412 1908.01630.70-.004800          0 6 1          0 1 0  3  2  2        4  2  3      3322338372947131 9    21.0   27.0
 1111086.856693 3.008E-25 7.081E-03.08810.367  885.60020.70-.019320          0 0 3          0 0 0  8  2  6        8  2  7      4644438373256630 7    51.0   51.0
 1111086.873461 5.969E-29 2.580E-02.04130.352 2905.43350.41-.035560          1 1 2          0 1 0  8  7  2        7  6  1      334223837294713152    51.0   45.0
 1111086.875601 1.989E-29 2.579E-02.04120.352 2905.43060.41-.035510          1 1 2          0 1 0  8  7  1        7  6  2      334223837294713152    17.0   15.0
 1111086.899322 1.967E-29 2.029E-04.05850.250 2246.88480.61-.014700          0 4 1          0 0 0 14  6  8       13  2 11      344223838494713155    87.0   81.0
 1111086.975935 5.507E-30 3.338E-03.03700.213 2872.58050.430.000000          0 0 3          0 0 0 15  3 12       15  3 13      1333308287659336 0    31.0   31.0
 1111087.124490 4.752E-30 2.390E-04.08450.352 2462.87530.74-.013880          3 1 0          0 1 0  8  6  3        7  3  4      332230837294713152    51.0   45.0
 1111087.160608 4.450E-29 3.946E-06.07080.315 1201.92150.65-.011042          1 2 1          0 0 0 10  6  4        9  2  7      334223837294713110    63.0   57.0
 1111087.213487 6.928E-29 2.999E-07.09690.434  285.41860.74-.010730          0 5 1          0 0 0  2  1  1        3  3  0      4342238372947131 9    15.0   21.0
 1111087.214494 1.823E-27 4.103E-02.07870.371 2271.71220.66-.017450          0 1 3          0 1 0  7  3  5        6  3  4      534223837294713152    45.0   39.0
 1111087.351849 9.587E-29 2.419E-02.04060.235 2918.24490.38-.022180          2 0 1          0 0 0 15  7  9       14  5 10      232230838794713152    93.0   87.0
 1111087.366448 7.051E-23 8.012E-02.09600.456   79.49640.74-.011000          0 0 3          0 0 0  3  1  3        2  1  2      465243837367713059    21.0   15.0
 1111087.457537 6.334E-30 3.489E-03.08000.315 2998.76630.72-.023910          1 1 2          0 1 0 10  5  6        9  4  5      332230837294713152    63.0   57.0
 1111087.487676 1.810E-29 3.652E-03.03170.221 2872.27430.31-.032080          0 0 3          0 0 0 15  4 12       15  2 13      262230837360713049    93.0   93.0
 1111087.537755 2.552E-30 4.418E-06.07170.281 1813.22340.68-.001940          0 2 2          0 0 0 10  8  3       11  3  8      232230807294713152    63.0   69.0
 1111087.550619 1.317E-30 2.262E-04.07600.315 2512.37570.68-.004280          2 1 1          0 1 0  9  5  4        9  1  9      332230837294713152    19.0   19.0
 1111087.553229 4.149E-29 8.181E-03.03980.265 2613.10460.41-.039850          2 0 1          0 0 0 13  9  4       12  7  5      232230838794713152    27.0   25.0
 1111087.637052 3.355E-23 4.991E-02.09350.456  134.90160.73-.018000          0 0 3          0 0 0  3  2  2        2  2  1      465243837367713059    21.0   15.0
 1111087.707530 1.767E-29 1.637E-05.06810.321 1437.96860.590.000000          0 0 3          0 0 0  9  6  3       10  2  8      3333308387659336 0    19.0   21.0
 1111087.707949 1.791E-29 1.659E-05.06960.298 1437.96860.71-.004430          1 0 2          0 0 0  9  7  3       10  2  8      334923807294711852    19.0   21.0
 1111087.834000 8.430E-29 1.187E-04.05130.250 1806.67000.53-.032130          0 0 3          0 0 0 12  2 10       13  0 13      364223837360713049    75.0   81.0
 1111087.855739 1.241E-28 8.145E-03.05550.265 2612.79980.41-.039410          2 0 1          0 0 0 13  9  5       12  7  6      232230838765713152    81.0   75.0
 1111087.931051 2.679E-29 1.132E-04.04640.250 1806.67150.47-.027560          0 0 3          0 0 0 12  3 10       13  1 13      364223837360713049    25.0   27.0
 1111088.126833 3.131E-30 3.409E-05.09670.460 1739.48370.770.000000          0 6 1          0 1 0  3  1  2        3  1  3      2333308287659336 0     7.0    7.0
 1111088.152018 3.476E-30 3.171E-02.03680.220 3443.19190.430.000000         -2 0-2          0 0 0 16  8  9       15  6 10      1333308287659336 0    33.0   31.0
 1111088.169032 1.006E-24 7.255E-03.09450.469  326.62550.72-.015850          0 0 3          0 0 0  5  1  4        5  1  5      4644438373256630 7    11.0   11.0
 1111088.254534 5.152E-29 2.141E-04.03970.213 2073.51570.440.000000         -2 3-2          0 0 0 15  6  9       14  1 14      1333308287659336 0    93.0   87.0
 1111088.647904 9.104E-29 1.647E-03.05820.265 2105.86790.52-.007440          0 0 3          0 0 0 12  5  8       12  3  9      364223837360713049    25.0   25.0
 1111088.688723 5.622E-31 8.571E-06.09670.460 1739.48370.770.000000          1 6 0          0 1 0  2  2  0        3  1  3      2333308287659336 0     5.0    7.0
 1111088.839570 5.538E-28 5.618E-05.07710.333  982.91170.68-.010730          1 2 1          0 0 0  9  6  3        8  2  6      434223837294713155    19.0   17.0
 1111088.873276 1.699E-27 1.041E-02.04750.265 2124.95140.44-.013440          2 0 1          0 0 0 13  6  8       12  4  9      334223838794713152    81.0   75.0
 1111088.958208 3.692E-26 5.193E-03.08610.392 1050.15770.71-.016950          1 0 2          0 0 0  9  4  6        8  3  5      4644238372257031 7    19.0   17.0
 1111089.154879 1.085E-27 2.443E-02.07800.371 2271.71220.70-.014940          3 1 0          0 1 0  7  6  1        6  3  4      534223837294713152    45.0   39.0
 1111089.203535 1.316E-30 1.186E-03.04560.281 3135.76480.43-.006330          0 3 2          0 1 0 12  4  9       11  1 10      332230837294713152    75.0   69.0
 1111089.225747 1.974E-29 3.940E-05.07810.298 1616.45310.74-.013020          0 4 1          0 0 0 10  8  3       10  4  6      344223838494713152    21.0   21.0
 1111089.316742 5.574E-29 2.545E-03.03560.281 2522.26520.42-.040000          2 0 1          0 0 0 12 10  2       11  8  3      332230838794713152    75.0   69.0
 1111089.319937 1.865E-29 2.555E-03.03550.281 2522.26130.42-.040000          2 0 1          0 0 0 12 10  3       11  8  4      332230838794713152    25.0   23.0
 1111089.344488 5.603E-29 1.745E-03.05500.248 2248.06450.480.000000          3 0 0          0 0 0 14  4 10       13  3 11      1333308287659336 0    29.0   27.0
 1111089.375346 4.104E-29 2.007E-05.08010.281 1327.11760.71-.006320          1 0 2          0 0 0 10  4  6       11  1 11      334223837294713152    21.0   23.0
 1111089.508946 2.631E-30 1.079E-05.02860.242 2042.31060.450.000000          2 2 0          0 0 0 13  6  7       13  1 12      1333308287659336 0    81.0   81.0
 1111089.590134 2.914E-26 3.833E-03.07710.300 1282.91910.67-.020980          1 0 2          0 0 0 10  4  7        9  3  6      4643238372947031 8    63.0   57.0
 1111089.597011 5.094E-30 5.427E-05.08920.391 2053.96870.74-.008480          1 1 2          0 1 0  5  5  0        5  2  3      432230837294713152    33.0   33.0
 1111089.634882 6.867E-28 4.988E-03.05000.281 2144.04630.49-.034330          0 2 2          0 0 0 12  7  6       11  6  5      232230837294713152    75.0   69.0
 1111089.644406 4.068E-26 2.640E-02.03900.168 1590.69010.48-.029200          0 0 3          0 0 0  9  7  3        8  7  2      364343837328703059    57.0   51.0
 1111089.647057 1.356E-26 2.640E-02.04450.300 1590.69070.48-.025350          0 0 3          0 0 0  9  7  2        8  7  1      364323807360703059    19.0   17.0
 1111089.739006 7.187E-29 5.680E-06.07000.355  882.89030.630.000000          1 5 0          0 0 0  7  2  6        8  1  7      2333308287659336 0    15.0   17.0
 1111089.972218 1.021E-29 1.124E-02.07230.315 3141.04600.65-.015480          0 1 3          0 1 0 10  5  5        9  5  4      332230837294713152    63.0   57.0
 1111090.001411 1.169E-28 1.674E-03.02790.235 2327.91400.25-.015610          1 2 1          0 0 0 15  4 12       14  2 13      232230837294713152    93.0   87.0
 1111090.012222 1.946E-27 2.424E-03.07160.298 1538.14950.63-.012870          3 0 0          0 0 0 11  6  6       10  3  7      234223807260713049    23.0   21.0
 1111090.066970 7.088E-31 5.988E-03.03480.259 3386.05230.510.000000          3 1 0          0 1 0 13  4 10       12  1 11      3333308387659336 0    27.0   25.0
 1111090.115775 5.320E-27 7.004E-02.07650.300 2161.28600.64-.018470          0 1 3          0 1 0  7  2  6        6  2  5      534323837294703152    45.0   39.0
 1111090.155803 8.945E-28 1.603E-06.09250.412  224.83840.72-.000760          1 0 2          0 0 0  4  4  1        4  1  4      434223837294713152    27.0   27.0
 1111090.173232 4.255E-28 7.276E-04.03790.300 1810.58790.40-.029390          0 2 2          0 0 0 10  8  3        9  7  2      232230807294703152    63.0   57.0
 1111090.243667 1.962E-29 8.988E-06.06710.298 1293.01810.64-.005110          1 0 2          0 0 0  9  6  4       10  1  9      434223837294713152    19.0   21.0
 1111090.252676 1.561E-30 2.042E-05.08890.391 2130.49430.72-.014240          0 6 1          0 1 0  6  1  5        5  3  2      3322338372947131 9    39.0   33.0
 1111090.257388 1.445E-28 7.412E-04.06090.303 1810.58330.600.000000          0 2 2          0 0 0 10  8  2        9  7  3      3333308387659336 0    21.0   19.0
 1111090.735317 9.120E-30 2.458E-07.08300.371  661.54890.74-.009310          0 4 1          0 0 0  7  7  0        6  3  3      442230838494713152    15.0   13.0
 1111090.765073 4.034E-27 2.001E-05.08620.421  382.51690.730.000000          1 5 0          0 0 0  3  2  1        4  3  2      2333308287659336 0    21.0   27.0
 1111090.795446 2.719E-30 9.189E-06.05400.305 1724.70540.620.000000         -2 5-2          0 0 0 10  8  2       10  5  5      1333308287659336 0    21.0   21.0
 1111090.927007 1.964E-27 7.537E-02.06410.352 2181.08990.54-.023070          0 1 3          0 1 0  8  1  8        7  1  7      534223837294713152    17.0   15.0
 1111091.003041 9.268E-27 6.456E-02.09000.300 2000.86300.71-.010870          0 1 3          0 1 0  6  1  5        5  1  4      534323837294703152    39.0   33.0
 1111091.059021 3.266E-28 2.097E-03.04690.298 1875.46180.49-.025620          0 4 1          0 0 0 11  8  3       10  6  4      344223838494713152    23.0   21.0
 1111091.084541 5.188E-30 3.014E-04.08780.371 2211.19060.72-.009600          0 1 3          0 1 0  6  4  3        6  2  4      532230837294713152    13.0   13.0
 1111091.270394 4.861E-29 2.783E-03.05710.315 2512.28290.51-.024240          0 1 3          0 1 0  9  2  8        9  0  9      534223837294713152    57.0   57.0
 1111091.311567 1.507E-29 2.590E-03.05750.315 2512.37570.51-.025440          0 1 3          0 1 0  9  1  8        9  1  9      334223837294713152    19.0   19.0
 1111091.368610 5.927E-27 7.566E-02.06410.352 2180.64290.54-.023110          0 1 3          0 1 0  8  0  8        7  0  7      534223837294713152    51.0   45.0
 1111091.409828 1.068E-24 5.666E-03.09450.438  222.05280.72-.007500          0 0 3          0 0 0  4  2  3        4  0  4      4644438373256630 7     9.0    9.0
 1111091.425521 1.007E-29 3.408E-06.05810.319 1477.29740.620.000000         -2 6-2          0 0 0 10  8  3        9  5  4      2333308287659336 0    63.0   57.0
 1111091.446224 2.199E-30 5.405E-06.04650.281 1695.06860.46-.019340          0 5 1          0 0 0 12  1 12       11  3  9      3322338372947131 9    25.0   23.0
 1111091.496439 2.174E-28 4.706E-03.06560.297 2142.59770.590.000000          0 2 2          0 0 0 12  7  5       11  6  6      1333308287659336 0    25.0   23.0
 1111091.543011 9.608E-28 2.052E-03.04590.298 1874.97300.48-.024660          0 4 1          0 0 0 11  8  4       10  6  5      344223838494713152    69.0   63.0
 1111091.543319 9.309E-30 5.118E-08.07990.352  586.24350.69-.012856          0 4 1          0 0 0  8  6  2        7  0  7      444223838494713110    51.0   45.0
 1111091.574203 3.156E-28 1.271E-05.05810.333  744.06370.48-.010220          0 5 1          0 0 0  7  0  7        8  0  8      3342238372947131 9    15.0   17.0
 1111091.658669 1.010E-30 6.818E-04.05330.234 2880.83420.490.000000          0 0 3          0 0 0 14  6  9       14  4 10      1333308287659336 0    29.0   29.0
 1111092.010593 6.159E-27 2.206E-03.05720.300 1524.84790.54-.035360          2 0 1          0 0 0 12  3  9       11  1 10      334323838794703152    75.0   69.0
 1111092.134191 4.008E-30 1.481E-07.07220.371  888.59870.64-.009200          0 5 1          0 0 0  5  3  3        6  5  2      4322338372947131 9    33.0   39.0
 1111092.169212 1.440E-29 1.322E-04.08640.428 1634.96710.740.000000          0 6 1          0 1 0  2  1  2        1  1  1      2333308287659336 0     5.0    3.0
 1111092.272074 6.139E-26 2.642E-03.07570.366  757.78020.73-.032000          3 0 0          0 0 0  7  7  1        6  4  2      464343837255663059    15.0   13.0
 1111092.313720 7.347E-30 1.169E-02.04390.216 3083.86520.440.000000          3 0 0          0 0 0 16  5 11       15  4 12      1333308287659336 0    33.0   31.0
 1111092.322269 1.351E-29 3.974E-04.07040.265 2205.65270.63-.018590          0 0 3          0 0 0 12  6  7       12  4  8      362230837360713049    25.0   25.0
 1111092.397949 9.895E-31 3.673E-04.07800.352 2670.78970.650.000000          3 1 0          0 1 0  9  6  4        8  3  5      3333308387659336 0    19.0   17.0
 1111092.415698 2.162E-28 1.261E-06.09030.391  508.81210.72-.006870          0 8 0          0 0 0  5  0  5        5  3  2      4342538372947131 9    33.0   33.0
 1111092.515711 4.419E-29 3.650E-04.06590.265 1960.20740.61-.027580          2 0 1          0 0 0 13  4  9       12  2 10      232230838794713152    27.0   25.0
 1111092.532513 6.748E-27 3.711E-05.08440.300  586.24350.71-.003390          2 0 1          0 0 0  8  4  4        7  0  7      434323838794703152    51.0   45.0
 1111092.663119 2.547E-28 6.459E-02.07180.352 2569.50800.63-.018840          0 1 3          0 1 0  8  4  5        7  4  4      334223837294713152    17.0   15.0
 1111092.677935 6.292E-30 9.015E-05.04000.235 2073.51500.42-.030610          0 0 3          0 0 0 13  2 11       14  0 14      362230837360713049    27.0   29.0
 1111092.743005 8.588E-30 1.084E-05.04030.246 1557.84440.480.000000          0 2 2          0 0 0 12  3  9       12  0 12      1333308287659336 0    25.0   25.0
 1111092.785464 3.606E-31 3.349E-04.05010.259 2915.89430.490.000000         -2 4-2          0 1 0 12  5  8       11  1 11      1333308287659336 0    25.0   23.0
 1111092.913992 2.058E-29 2.373E-07.06290.371  648.97870.57-.008810          0 7 0          0 0 0  5  4  1        6  3  4      3342538372947131 9    33.0   39.0
 1111092.928488 1.185E-28 7.152E-06.07190.315 1079.07960.66-.005920          1 0 2          0 0 0  8  6  3        9  1  8      334223837294713152    51.0   57.0
 1111093.026335 3.407E-30 1.457E-06.06240.315 1255.91160.630.000000         -2 5-2          0 0 0  8  8  0        8  5  3      2333308287659336 0    17.0   17.0
 1111093.082973 2.332E-28 6.195E-05.05840.298 1446.12830.55-.000900          2 2 0          0 0 0 11  6  5       10  3  8      334223807294713152    69.0   63.0
 1111093.151592 2.592E-29 1.238E-04.04080.235 2073.51570.43-.030160          0 0 3          0 0 0 13  3 11       14  1 14      364223837360713049    81.0   87.0
 1111093.247435 8.227E-28 1.198E-03.06520.281 1813.22340.58-.009960          3 0 0          0 0 0 12  6  7       11  3  8      334223837260713049    75.0   69.0
 1111093.249070 1.656E-25 2.364E-03.07450.272  756.72480.71-.017590          3 0 0          0 0 0  7  7  0        6  4  3      464423837260703059    45.0   39.0
 1111093.296852 1.000E-29 4.111E-06.05010.259 1327.11760.490.000000         -2 6-2          0 0 0 12  0 12       11  1 11      1333308287659336 0    25.0   23.0
 1111093.312862 1.224E-29 4.580E-06.05810.319 1477.29740.620.000000         -2 5-2          0 0 0  9  8  1        9  5  4      2333308287659336 0    57.0   57.0
 1111093.363790 2.286E-29 8.123E-07.07780.333  744.06370.68-.000820          0 2 2          0 0 0  8  5  3        8  0  8      434223837294713152    17.0   17.0
 1111093.385145 2.594E-23 8.456E-02.09740.456   70.09080.75-.009860          0 0 3          0 0 0  3  0  3        2  0  2      4662438373677130 7     7.0    5.0
 1111093.422815 1.407E-30 1.560E-07.05400.333  888.63270.610.000000          0 5 1          0 0 0  5  3  2        6  5  1      2333308287659336 0    11.0   13.0
 1111093.433714 2.092E-26 1.109E-03.08640.298 1114.54990.69-.017764          2 2 0          0 0 0 11  4  7       10  1 10      364223837255713156    69.0   63.0
 1111093.539719 1.090E-23 4.899E-02.09350.430  136.16390.75-.009500          0 0 3          0 0 0  3  2  1        2  2  0      464340837325663036     7.0    5.0
 1111093.638493 4.460E-27 2.364E-05.07810.371  552.91140.67-.001050          0 2 2          0 0 0  7  5  2        6  2  5      434223837294713152    45.0   39.0
 1111093.698285 5.747E-25 4.860E-03.06770.436  648.97870.68-.017270          1 0 2          0 0 0  7  4  3        6  3  4      4653438315586631 7    45.0   39.0
 1111093.713100 3.634E-30 3.650E-06.05810.332 1474.98080.630.000000         -2 6-2          0 0 0 10  8  2        9  5  5      1333308287659336 0    21.0   19.0
 1111093.757054 1.774E-29 7.568E-06.06210.281 1524.84790.61-.005900          1 0 2          0 0 0 10  6  5       11  1 10      334223837294713152    63.0   69.0
 1111093.771124 1.022E-29 1.452E-06.06240.335 1255.16680.640.000000         -2 5-2          0 0 0  8  8  1        8  5  4      2333308287659336 0    51.0   51.0
 1111093.790962 4.184E-29 9.925E-06.02520.371 1045.05830.26-.022090          0 7 0          0 0 0  5  5  1        6  6  0      3342238372947131 9    11.0   13.0
 1111093.791530 1.255E-28 9.923E-06.02520.371 1045.05800.26-.010863          0 7 0          0 0 0  5  5  0        6  6  1      3342238372947131 9    33.0   39.0
 1111093.962586 3.031E-27 1.916E-05.09620.451  206.30140.710.000000          1 5 0          0 0 0  3  1  3        3  2  2      2333308287659336 0     7.0    7.0
 1111093.976056 1.991E-29 1.005E-04.06330.305 1843.02960.580.000000          2 2 0          0 0 0 12  7  5       11  4  8      1333308287659336 0    25.0   23.0
 1111094.149796 2.300E-29 3.484E-07.08260.371  542.90580.70-.001220          2 2 0          0 0 0  7  6  2        6  1  5      434223837294713155    15.0   13.0
 1111094.156019 3.953E-29 4.607E-07.06230.395  383.84250.710.000000          0 8 0          0 0 0  4  0  4        4  3  1      1333308387659336 0     9.0    9.0
 1111094.267736 2.301E-30 3.298E-05.03970.213 2073.51500.440.000000         -2 2-2          0 0 0 13  6  7       14  0 14      1333308287659336 0    27.0   29.0
 1111094.538113 1.356E-25 5.839E-03.07150.319  757.78020.62-.030110          1 0 2          0 0 0  7  5  3        6  4  2      3343438015256631 7    15.0   13.0
 1111094.548395 4.637E-29 1.313E-02.05150.255 2927.94130.490.000000          2 0 1          0 0 0 14  9  5       13  7  6      1333308287659336 0    87.0   81.0
 1111094.818736 5.225E-31 2.446E-05.02850.204 2358.30170.400.000000          2 2 0          0 0 0 16  2 14       15  1 15      1333308287659336 0    33.0   31.0
 1111094.856735 1.210E-30 4.224E-04.07830.315 2904.67040.70-.014980          3 1 0          0 1 0 10  6  5        9  3  6      332230837294713152    63.0   57.0
 1111094.859686 1.030E-28 4.292E-03.05890.250 2533.79320.54-.011720          1 0 2          0 0 0 14  5 10       13  4  9      332230837294713152    87.0   81.0
 1111094.915835 1.519E-30 1.598E-02.04420.236 3685.40830.400.000000          0 0 3          0 0 0 15  9  7       14  9  6      1333308287659336 0    93.0   87.0
 1111094.984618 4.212E-27 3.535E-03.06120.300 1437.96860.54-.008850          0 0 3          0 0 0 10  4  7       10  2  8      364323837360703049    21.0   21.0
 1111095.061398 5.048E-31 1.593E-02.04420.235 3685.41920.350.000000          0 0 3          0 0 0 15  9  6       14  9  5      1333308287659336 0    31.0   29.0
 1111095.137315 5.478E-27 1.526E-02.04470.300 1962.50690.42-.010730          2 0 1          0 0 0 13  5  9       12  3 10      334323838794703152    81.0   75.0
 1111095.230734 4.560E-30 6.526E-05.07700.425 1922.82900.670.000000         -2 8-2          0 1 0  6  0  6        5  1  5      2333308287659336 0    13.0   11.0
 1111095.386511 7.541E-27 8.121E-03.04600.300 1525.13600.43-.016870          2 0 1          0 0 0 12  4  9       11  2 10      334323838794703152    25.0   23.0
 1111095.401418 1.535E-29 1.298E-02.04300.256 2927.07520.510.000000         -2 1-2          0 0 0 14  9  6       13  7  7      1333308287659336 0    29.0   27.0
 1111095.438565 2.992E-25 4.273E-03.07680.320  756.72480.58-.023780          1 0 2          0 0 0  7  5  2        6  4  3      4454438315676631 7    45.0   39.0
 1111095.629411 4.084E-30 4.535E-06.05810.332 1474.98080.630.000000         -2 5-2          0 0 0  9  8  2        9  5  5      1333308287659336 0    19.0   19.0
 1111095.673481 3.068E-30 1.618E-04.07390.333 2495.16580.66-.009340          3 1 0          0 1 0  9  5  4        8  2  7      432230837294713152    57.0   51.0
 1111095.681155 7.889E-29 1.082E-02.04370.281 2522.26130.46-.019250          0 0 3          0 0 0 12  8  5       11  8  4      232230837260713049    25.0   23.0
 1111095.702429 1.726E-29 6.726E-06.06410.281 1524.84790.61-.013570          3 0 0          0 0 0 11  6  5       11  1 10      334223837260713049    69.0   69.0
 1111095.720701 1.402E-29 3.518E-04.05610.250 2414.72340.55-.009810          3 0 0          0 0 0 13  8  5       13  3 10      232230837260713049    81.0   81.0
 1111095.738701 2.455E-28 1.122E-02.04370.281 2522.26520.46-.019130          0 0 3          0 0 0 12  8  4       11  8  3      262230837360713049    75.0   69.0
 1111095.770240 1.418E-28 4.379E-04.06240.298 1724.70540.61-.040000          1 2 1          0 0 0 11  7  4       10  5  5      332230807294713152    23.0   21.0
 1111095.923066 1.487E-30 6.293E-06.07000.250 1806.67150.68-.012580          3 0 0          0 0 0 12  6  6       13  1 13      332230837260713049    25.0   27.0
 1111096.278795 5.384E-26 1.460E-03.05470.262  888.59870.49-.040000          1 0 2          0 0 0  7  6  1        6  5  2      464423837225703159    45.0   39.0
 1111096.340673 3.598E-27 3.139E-03.05240.300 1690.66440.47-.015450          0 0 3          0 0 0 11  4  8       11  2  9      364323837360703049    69.0   69.0
 1111096.372989 2.016E-26 1.640E-03.05190.584  888.63270.49-.032990          1 0 2          0 0 0  7  6  2        6  5  1      464343837294663152    15.0   13.0
 1111096.781721 8.207E-30 8.989E-06.05400.317 1718.71880.630.000000         -2 5-2          0 0 0 10  8  3       10  5  6      1333308287659336 0    63.0   63.0
 1111096.872150 1.863E-30 1.663E-05.04640.268 1960.20740.530.000000         -2 5-2          0 0 0 12  1 11       12  2 10      1333308287659336 0    25.0   25.0
 1111096.912712 5.814E-24 4.197E-02.08150.382  285.21930.69-.013450          0 0 3          0 0 0  4  3  2        3  3  1      465340837367663036     9.0    7.0
 1111096.944393 7.265E-30 1.291E-04.03360.221 2358.30140.36-.031730          0 0 3          0 0 0 14  2 12       15  0 15      362230837360713049    87.0   93.0
 1111097.030560 5.371E-29 8.680E-03.05940.255 2586.52970.520.000000          0 2 2          0 0 0 14  6  8       13  5  9      1333308287659336 0    29.0   27.0
 1111097.063417 2.272E-28 2.657E-07.09380.434  136.76170.73-.010140          0 7 0          0 0 0  4  3  2        3  0  3      332233807294713155    27.0   21.0
 1111097.176664 4.823E-28 3.614E-02.06920.352 2318.53990.59-.022350          0 1 3          0 1 0  8  2  7        7  2  6      334223837294713152    17.0   15.0
 1111097.287624 2.239E-30 1.193E-04.02680.204 2358.30170.400.000000          0 0 3          0 0 0 14  3 12       15  1 15      1333308287659336 0    29.0   31.0
 1111097.320500 4.976E-30 1.498E-05.04980.268 1962.50690.530.000000          1 5 0          0 0 0 12  2 11       12  3 10      1333308287659336 0    75.0   75.0
 1111097.322911 1.320E-30 1.451E-05.05010.303 1985.78490.590.000000         -2 6-2          0 0 0 11  8  4       11  5  7      1333308287659336 0    23.0   23.0
 1111097.521881 1.520E-30 2.093E-05.04640.275 2275.37290.560.000000         -2 6-2          0 0 0 12  8  5       12  5  8      1333308287659336 0    75.0   75.0
 1111097.578892 4.341E-30 1.524E-02.02710.352 3109.91160.30-.040000          1 1 2          0 1 0  8  8  0        7  7  1      332230837294713152    17.0   15.0
 1111097.578899 1.302E-29 1.523E-02.02710.352 3109.91160.30-.040000          1 1 2          0 1 0  8  8  1        7  7  0      334223837294713152    51.0   45.0
 1111097.810692 1.022E-30 9.919E-06.04640.268 1960.20740.530.000000         -2 2-2          0 0 0 11  6  5       12  2 10      1333308287659336 0    23.0   25.0
 1111097.813513 1.943E-27 2.009E-02.05740.250 2246.88480.56-.036050          2 0 1          0 0 0 14  4 10       13  2 11      334223838794713152    87.0   81.0
 1111097.952054 4.606E-29 2.642E-06.07820.352  816.69420.71-.009140          1 2 1          0 0 0  7  7  0        7  3  5      434223837294713152    15.0   15.0
 1111098.016217 8.396E-28 1.129E-05.05810.333  744.16270.47-.017940          0 5 1          0 0 0  7  1  7        8  1  8      4342238372947131 9    45.0   51.0
 1111098.056614 2.514E-30 2.066E-04.08550.333 2337.46330.71-.007150          1 1 2          0 1 0  8  3  5        8  0  8      332230837294713152    17.0   17.0
 1111098.062592 7.431E-30 2.913E-05.05530.250 1806.67150.56-.031240          2 0 1          0 0 0 13  3 10       13  1 13      332230838794713152    27.0   27.0
 1111098.126904 4.506E-30 1.472E-02.06170.298 3383.26540.57-.020840          0 1 3          0 1 0 11  5  7       10  5  6      332230837294713152    69.0   63.0
 1111098.151026 3.178E-26 3.121E-03.07000.300 1201.92150.60-.011470          0 0 3          0 0 0  9  4  6        9  2  7      3643438373607030 8    57.0   57.0
 1111098.173255 1.190E-30 4.045E-04.03980.231 2739.42850.490.000000         -2 3-2          0 0 0 14  6  8       14  3 11      1333308287659336 0    29.0   29.0
 1111098.187673 4.876E-29 4.958E-03.08150.333 2630.19260.70-.006280          1 1 2          0 1 0  9  4  5        8  3  6      334223837294713152    57.0   51.0
 1111098.194210 2.185E-26 7.712E-03.05190.300 1216.18980.51-.017810          0 0 3          0 0 0  8  6  3        7  6  2      464323837360703059    17.0   15.0
 1111098.218719 2.085E-30 1.087E-02.02330.265 3512.40490.38-.040000          2 0 1          0 0 0 13 13  1       12 11  2      232230838794713152    81.0   75.0
 1111098.218727 6.950E-31 1.087E-02.01830.264 3512.40490.240.000000          2 0 1          0 0 0 13 13  0       12 11  1      2333308387659336 0    27.0   25.0
 1111098.265624 6.507E-26 7.655E-03.07330.216 1216.19450.51-.021690          0 0 3          0 0 0  8  6  2        7  6  1      4653438373587030 7    51.0   45.0
 1111098.290713 1.039E-26 1.654E-03.05340.298 1114.53220.49-.028470          2 0 1          0 0 0 11  2  9       10  0 10      334223838794713152    23.0   21.0
 1111098.306052 2.403E-25 4.204E-03.08480.512  542.90580.69-.015000          0 0 3          0 0 0  6  3  4        6  1  5      464343837360663059    13.0   13.0
 1111098.324109 3.649E-26 5.955E-03.06480.300 1080.38540.65-.030690          0 0 3          0 0 0  9  2  7        9  2  8      3643238373287030 8    19.0   19.0
 1111098.349649 1.069E-24 4.924E-02.05400.284  742.07300.57-.007000          0 0 3          0 0 0  6  5  2        5  5  1      464443837329663020    13.0   11.0
 1111098.370846 1.284E-30 3.407E-07.06920.335 1131.77560.640.000000          0 8 0          0 0 0  7  1  7        8  4  4      2333308287659336 0    15.0   17.0
 1111098.409579 3.201E-24 4.915E-02.06440.391  742.07630.57-.017000          0 0 3          0 0 0  6  5  1        5  5  0      464223837325713059    39.0   33.0
 1111098.466222 9.153E-30 4.791E-03.03660.265 2813.52870.42-.040000          2 0 1          0 0 0 13 10  3       12  8  4      332230838794713152    27.0   25.0
 1111098.482500 2.752E-29 4.801E-03.03660.265 2813.51220.42-.040000          2 0 1          0 0 0 13 10  4       12  8  5      332230838794713152    81.0   75.0
 1111098.582172 1.665E-27 3.372E-06.08820.391  325.34790.71-.006730          3 0 0          0 0 0  6  5  2        5  0  5      434223837260713049    39.0   33.0
 1111098.765963 1.720E-23 4.144E-02.08520.437  285.41860.71-.014700          0 0 3          0 0 0  4  3  1        3  3  0      464343837367663059    27.0   21.0
 1111098.786303 2.282E-28 1.711E-02.07420.352 2318.53990.65-.008562          0 3 2          0 1 0  8  5  3        7  2  6      3342238372947131 8    17.0   15.0
 1111099.004557 1.851E-27 2.695E-04.07830.315 1282.91910.68-.012840          1 0 2          0 0 0  9  6  3        9  3  6      434223837294713152    57.0   57.0
 1111099.074105 4.748E-30 1.957E-02.03980.237 3266.51420.430.000000         -2 0-2          0 0 0 15  9  6       14  7  7      1333308287659336 0    31.0   29.0
 1111099.148486 6.120E-30 6.220E-07.06100.360  982.91170.650.000000          0 7 0          0 0 0  9  3  7        8  2  6      2333308287659336 0    19.0   17.0
 1111099.150123 4.538E-25 5.024E-03.07410.451  704.21410.64-.013390          0 0 3          0 0 0  7  3  5        7  1  6      4643438373286630 8    45.0   45.0
 1111099.266681 6.066E-30 9.315E-08.08610.391  742.07630.72-.013310          0 5 1          0 0 0  6  1  5        5  5  0      4322338372947131 9    39.0   33.0
 1111099.294050 7.444E-24 3.931E-02.06990.359  488.10770.63-.017450          0 0 3          0 0 0  5  4  2        4  4  1      464340837325663036    33.0   27.0
 1111099.363498 7.132E-30 1.137E-02.03680.216 3083.86520.440.000000         -2 2-2          0 0 0 16  6 11       15  4 12      1333308287659336 0    33.0   31.0
 1111099.478264 2.452E-28 1.039E-05.07310.333 1006.11590.68-.007410          1 2 1          0 0 0  8  7  1        8  3  6      434223837294713152    51.0   51.0
 1111099.597014 1.769E-27 6.506E-02.08060.371 2146.26370.66-.013170          0 1 3          0 1 0  7  1  6        6  1  5      534223837294713152    15.0   13.0
 1111099.616138 1.557E-28 2.005E-03.02070.271 2225.46920.560.000000          1 4 0          0 0 0 10 10  1        9  9  0      1433308284659336 0    63.0   57.0
 1111099.616140 5.191E-29 2.004E-03.03240.277 2225.46920.570.000000          1 4 0          0 0 0 10 10  0        9  9  1      1433308284659336 0    21.0   19.0
 1111099.650236 2.351E-24 5.629E-03.08610.458  325.34790.69-.017000          0 0 3          0 0 0  5  2  4        5  0  5      466341837362663020    33.0   33.0
 1111099.701297 2.470E-24 3.914E-02.06970.277  488.13420.65-.017010          0 0 3          0 0 0  5  4  1        4  4  0      4643438373256630 7    11.0    9.0
 1111099.774097 3.403E-30 5.229E-03.06690.315 2983.32310.60-.025250          0 1 3          0 1 0 10  4  7        9  4  6      332230837294713152    21.0   19.0
 1111099.855868 8.887E-30 2.978E-04.04300.248 2248.06450.480.000000         -2 1-2          0 0 0 13  5  8       13  3 11      1333308287659336 0    27.0   27.0
 1111099.915576 2.285E-29 1.995E-05.05010.299 1690.66440.560.000000         -2 5-2          0 0 0 11  1 10       11  2  9      1333308287659336 0    69.0   69.0
 1111100.068951 1.757E-30 1.272E-04.03240.208 2660.94600.37-.035010          0 0 3          0 0 0 15  3 13       16  1 16      362230837360713049    93.0   99.0
 1111100.110385 7.246E-28 6.213E-02.08370.352 2572.13920.72-.012800          0 1 3          0 1 0  8  4  4        7  4  3      534223837294713152    51.0   45.0
 1111100.119665 1.069E-29 1.939E-04.04640.273 2105.86790.550.000000         -2 4-2          0 0 0 12  8  4       12  3  9      1333308287659336 0    25.0   25.0
 1111100.155397 1.009E-29 1.319E-05.04820.250 1806.67000.50-.019550          2 0 1          0 0 0 13  4 10       13  0 13      332230838794713152    81.0   81.0
 1111100.215133 2.575E-30 1.204E-04.07370.265 2300.68500.73-.032100          2 0 1          0 0 0 12  9  4       12  5  7      332230838794713152    25.0   25.0
 1111100.231143 2.132E-28 1.080E-05.07410.352  816.69420.66-.015080          3 0 0          0 0 0  8  6  2        7  3  5      434223837260713049    17.0   15.0
 1111100.240670 1.167E-29 1.512E-07.08870.371  446.69660.72-.003910          1 0 2          0 0 0  5  5  1        6  0  6      434223837294713152    11.0   13.0
 1111100.241679 5.163E-29 4.589E-06.05720.315 1201.92150.52-.002241          0 7 0          0 0 0 10  3  8        9  2  7      3342238372947131 7    63.0   57.0
 1111100.416186 3.867E-27 1.669E-05.08920.300  446.51070.74-.008480          1 0 2          0 0 0  5  5  0        5  2  3      434323837294703152    33.0   33.0
 1111100.538903 7.314E-28 2.223E-06.10340.434  212.15640.76-.014455          0 5 1          0 0 0  2  0  2        3  2  1      4342238372947131 7    15.0   21.0
 1111100.644320 6.806E-30 7.427E-05.09620.434 1739.48370.73-.004430          0 1 3          0 1 0  3  3  0        3  1  3      432230837294713152     7.0    7.0
 1111100.757225 8.517E-28 1.349E-03.06660.281 1813.22340.59-.005610          0 0 3          0 0 0 11  5  7       11  3  8      364223837360713049    69.0   69.0
 1111100.828784 3.479E-30 2.617E-02.03680.222 3629.09610.400.000000         -2 0-2          0 0 0 16  9  7       15  7  8      1333308287659336 0    99.0   93.0
 1111100.904402 3.149E-27 7.729E-02.05610.333 2337.66680.48-.027190          0 1 3          0 1 0  9  1  9        8  1  8      534223837294713152    57.0   51.0
 1111100.919711 3.167E-30 4.948E-05.02850.204 2358.30140.400.000000          2 2 0          0 0 0 16  3 14       15  0 15      1333308287659336 0    99.0   93.0
 1111100.989823 8.144E-25 2.796E-03.09240.471  399.45750.71-.010260          0 0 3          0 0 0  5  3  3        5  1  4      4655438373676630 7    33.0   33.0
 1111101.033623 7.190E-29 5.178E-07.08360.352  586.24350.70-.005430          1 0 2          0 0 0  6  5  2        7  0  7      434223837294713152    39.0   45.0
 1111101.039040 1.470E-29 4.680E-07.07490.333  744.06370.66-.000580          2 2 0          0 0 0  9  5  5        8  0  8      334223837294713152    19.0   17.0
 1111101.095611 1.050E-27 7.724E-02.05600.333 2337.46330.48-.027290          0 1 3          0 1 0  9  0  9        8  0  8      534223837294713152    19.0   17.0
 1111101.106806 7.237E-31 1.100E-03.03700.263 3032.69040.430.000000          2 0 1          0 0 0 13 11  2       12  9  3      2333308387659336 0    27.0   25.0
 1111101.107391 2.171E-30 1.100E-03.03110.265 3032.68980.37-.040000          2 0 1          0 0 0 13 11  3       12  9  4      232230838794713152    81.0   75.0
 1111101.198569 1.405E-29 1.911E-02.03980.236 3264.33740.460.000000         -2 0-2          0 0 0 15  9  7       14  7  8      1333308287659336 0    93.0   87.0
 1111101.215128 5.659E-30 4.341E-06.05120.321 1437.96860.590.000000          0 7 0          0 0 0 11  3  9       10  2  8      1333308287659336 0    23.0   21.0
 1111101.247287 2.654E-29 4.457E-04.06300.273 2105.86790.550.000000          3 0 0          0 0 0 13  6  8       12  3  9      1333308287659336 0    27.0   25.0
 1111101.737605 3.816E-28 3.820E-04.05200.298 1718.71880.50-.037410          1 2 1          0 0 0 11  7  5       10  5  6      232230807294713152    69.0   63.0
 1111101.831226 3.945E-29 4.931E-04.02660.235 2073.51500.24-.024930          1 2 1          0 0 0 15  2 13       14  0 14      232230837294713152    31.0   29.0
 1111101.851345 1.851E-29 2.453E-03.04980.298 2705.13960.45-.029290          0 1 3          0 1 0 10  1  9       10  1 10      434223837294713152    63.0   63.0
 1111101.894366 7.062E-27 6.381E-02.09620.300 2053.96870.75-.010820          0 1 3          0 1 0  6  2  4        5  2  3      534323837294703152    39.0   33.0
 1111102.115306 4.560E-29 3.612E-06.07730.333  882.89030.69-.006240          1 0 2          0 0 0  7  6  2        8  1  7      434223837294713152    15.0   17.0
 1111102.155410 6.236E-30 2.479E-03.04910.298 2705.09690.45-.028550          0 1 3          0 1 0 10  2  9       10  0 10      332230837294713152    21.0   21.0
 1111102.447499 2.975E-26 1.580E-03.05050.294 1114.54990.47-.029240          2 0 1          0 0 0 11  3  9       10  1 10      3344438387947031 8    69.0   63.0
 1111102.736291 2.706E-30 4.909E-05.04640.273 2105.86790.550.000000         -2 5-2          0 0 0 12  4  8       12  3  9      1333308287659336 0    25.0   25.0
 1111102.754274 1.154E-30 4.548E-06.05840.265 1774.61630.59-.003300          1 0 2          0 0 0 11  6  6       12  1 11      332230837294713152    23.0   25.0
 1111103.004196 7.281E-26 5.089E-03.06650.380  882.89030.56-.012820          0 0 3          0 0 0  8  3  6        8  1  7      4644438373607030 8    17.0   17.0
 1111103.057493 1.552E-24 5.690E-03.08400.452  447.25240.70-.015880          0 0 3          0 0 0  6  1  5        6  1  6      4643438373676630 7    39.0   39.0
 1111103.071597 5.079E-27 1.073E-04.07450.333  885.60020.66-.009670          3 0 0          0 0 0  9  5  4        8  2  7      434223837260713049    57.0   51.0
 1111103.098913 1.325E-29 1.415E-04.09070.391 2053.96870.74-.009650          0 1 3          0 1 0  5  4  2        5  2  3      534223837294713152    33.0   33.0
 1111103.250992 2.090E-23 7.711E-02.09820.456   95.17590.76-.015740          0 0 3          0 0 0  3  1  2        2  1  1      4652438373677130 7     7.0    5.0
 1111103.268934 1.142E-30 4.844E-08.07660.333 1006.11590.72-.003110          0 6 0          0 0 0  8  8  1        8  3  6      7322338072947131 9    51.0   51.0
 1111103.305562 2.658E-29 2.252E-07.07820.371  648.97870.71-.006860          0 4 1          0 0 0  7  7  1        6  3  4      444223838494713152    45.0   39.0
 1111103.323702 3.039E-29 2.554E-05.05400.321 1437.96860.590.000000         -2 5-2          0 0 0 10  1  9       10  2  8      1333308287659336 0    21.0   21.0
 1111103.412383 7.115E-30 2.798E-02.03680.219 3269.53980.440.000000         -2 3-2          0 0 0 16  7 10       15  5 11      1333308287659336 0    33.0   31.0
 1111103.477091 8.342E-27 3.466E-03.05290.300 1293.01810.48-.025080          0 0 3          0 0 0 10  3  8       10  1  9      464323837360703049    21.0   21.0
 1111103.499591 4.599E-28 6.226E-02.07450.352 2439.95450.64-.020970          0 1 3          0 1 0  8  3  6        7  3  5      334223837294713152    17.0   15.0
 1111103.617138 2.430E-23 8.767E-02.09170.434  142.27850.73-.015010          0 0 3          0 0 0  4  1  4        3  1  3      4652438373677130 7     9.0    7.0
 1111103.705648 1.044E-26 2.200E-05.09910.434  136.76170.74-.003520          1 5 0          0 0 0  2  1  2        3  0  3      462230837294713152    15.0   21.0
 1111103.777511 1.168E-29 5.525E-05.07860.391 1920.76650.65-.006040          0 8 0          0 1 0  6  3  4        5  0  5      432230837294713152    39.0   33.0
 1111103.797974 4.879E-31 2.028E-04.07800.352 2670.78970.650.000000          0 1 3          0 1 0  8  5  4        8  3  5      3333308387659336 0    17.0   17.0
 1111103.808007 1.229E-28 4.737E-06.06890.349  931.23710.640.000000          1 5 0          0 0 0  6  3  4        7  4  3      2333308287659336 0    39.0   45.0
 1111103.839304 6.556E-29 5.522E-03.05550.271 2437.50190.550.000000          0 2 2          0 0 0 13  7  7       12  6  6      1333308287659336 0    27.0   25.0
 1111103.862928 3.356E-30 1.527E-04.03980.227 2551.48350.480.000000         -2 3-2          0 0 0 14  7  7       14  3 12      1333308287659336 0    87.0   87.0
 1111104.159492 7.400E-29 2.340E-05.06660.315 1216.23130.64-.005130          1 2 1          0 0 0  9  7  2        9  3  7      334223837294713152    19.0   19.0
 1111104.180539 1.513E-29 1.536E-04.09170.452 1817.45120.690.000000          0 6 1          0 1 0  5  0  5        4  0  4      2333308287659336 0    11.0    9.0
 1111104.244761 1.226E-30 3.316E-04.04920.234 2918.24490.490.000000          2 0 1          0 0 0 14  9  5       14  5 10      1333308287659336 0    87.0   87.0
